planet,material,total cost,repair cost,input cost,desired profit,base recipe cost
KW-688c,H2O,11.226068314307426,0.9259861468687464,0.0,1296.9825516599635,2.036571347645354
KW-688c,O,26.020591281348562,2.1548399292240976,0.0,1296.9825516599635,5.280000139872237
KW-688c,SIO,38.03327693829424,2.8748103081703182,0.0,1296.9825516599635,8.146285390581417
KW-602a,LST,1182.4023302200458,190.31802561272036,0.0,1296.9825516599635,108.6319410373733
KW-602a,HE,592.6648794603442,102.75789852608331,0.0,1296.9825516599635,49.733344717008066
KW-602a,HAL,655.6383964038814,105.53075034641995,0.0,1296.9825516599635,60.2360717664771
KW-602b,ALO,119.19975117616042,20.5731020510071,0.0,1296.9825516599635,9.57128579326075
KW-602d,GAL,1770.7305578315606,208.90010489839554,0.0,1296.9825516599635,170.625645315929
ZV-194h,O,105.06986811455053,11.624143493604407,0.0,1296.9825516599635,8.700009995685328
LS-300b,HAL,129.7427567958922,22.392756273426844,0.0,1296.9825516599635,10.417848969028423
LS-300g,O,535.1324909154388,59.20305197023065,0.0,1296.9825516599635,44.31011576891442
LS-300f,SCR,119.94249062245798,14.150091193710411,0.0,1296.9825516599635,11.557526227094906
ZV-759i,AMM,147.2058354020853,14.43401120700874,0.0,1296.9825516599635,12.305868907653819
ZV-759h,H,739.8422070908476,81.21891270464042,0.0,1296.9825516599635,64.73420704081556
ZV-759g,H,66.30478878709451,6.502781678831196,0.0,1296.9825516599635,6.314647079579905
RC-796a,HAL,221.4767796483863,38.22545218991987,0.0,1296.9825516599635,17.783741439635644
RC-796a,H,991.5594664648166,183.79064146211184,0.0,1296.9825516599635,71.68154145649589
RC-796h,HE3,230.31737716341087,22.58816667592182,0.0,1296.9825516599635,21.934659316259125
RC-796c,H,622.2162998247942,81.76581768880396,0.0,1296.9825516599635,87.73842001148518
RC-796c,BOR,169.13538454506158,20.35217157151138,0.0,1296.9825516599635,25.781509912532226
RC-796d,SCR,962.2339658743208,90.32057429526284,0.0,1296.9825516599635,109.23976271020801
RC-796d,BOR,109.19400685131941,10.249550273826223,0.0,1296.9825516599635,12.396493805928426
RC-796g,N,50.55391383229732,5.592906502074089,0.0,1296.9825516599635,4.185972282581491
RC-796f,H,1547.200196179074,151.74024792543491,0.0,1296.9825516599635,147.35018961751484
RC-796b,LST,58.63771785023984,10.120488855621144,0.0,1296.9825516599635,4.708385296709232
XH-556a,GAL,143.10442752918507,16.882596728256896,0.0,1296.9825516599635,13.789384944389987
XH-556a,H,999.9647621186737,123.63950734710683,0.0,1296.9825516599635,99.50255069098057
XH-556a,BOR,124.39697362096062,14.675604215180412,0.0,1296.9825516599635,11.986755300262935
XH-556f,O,250.53005458301794,26.678770421896264,0.0,1296.9825516599635,19.61213540043673
XH-556b,HAL,637.9656445210333,75.26333663390344,0.0,1296.9825516599635,61.47366650694488
XH-556e,AMM,256.2557667133889,30.231508859710935,0.0,1296.9825516599635,24.692523302328038
XH-556e,SIO,976.6543836220802,115.2197900949863,0.0,1296.9825516599635,94.10934019245634
XH-556d,CLI,83.76915004359363,9.882578777420498,0.0,1296.9825516599635,8.071902989723334
XH-556d,MGS,46.89075397628964,5.531888169596693,0.0,1296.9825516599635,4.518341382413727
XH-556c,SIO,1687.1600942682335,158.3661292852969,0.0,1296.9825516599635,191.53862250593886
XH-556c,N,180.66233245905107,16.54251168648346,0.0,1296.9825516599635,22.21172117405559
XH-556c,CLI,62.649891168955826,5.880663487880745,0.0,1296.9825516599635,7.11246899177843
DW-161a,CLI,762.7135730153,131.63940376135827,0.0,1296.9825516599635,61.2429934936684
DW-161b,O,144.6888591651599,25.296415846095474,0.0,1296.9825516599635,12.399141112372144
DW-161b,BOR,148.96711445205602,24.158762898667003,0.0,1296.9825516599635,14.103606214420878
DW-161b,MAG,2005.4554942378556,325.23502900174975,0.0,1296.9825516599635,189.8684463031642
DW-161d,AMM,1556.9734953447507,152.66631801271205,0.0,1296.9825516599635,130.15728401030927
DW-161c,HE,180.3286087815608,22.29652603267967,0.0,1296.9825516599635,17.943788837422854
DW-161c,H,1568.3846709608522,193.921141418522,0.0,1296.9825516599635,156.0637745820072
DW-161c,AMM,1201.5242060562662,141.7485746620246,0.0,1296.9825516599635,115.7775484894304
SE-110c,H2O,22.39540785869713,3.157821038709686,0.0,1296.9825516599635,1.8799121568668546
SE-110f,H,138.20819843321019,15.172315793865153,0.0,1296.9825516599635,12.092846347998291
SE-110d,FEO,38.78557272489953,3.6406272560754314,0.0,1296.9825516599635,4.403218875357112
SE-110d,AMM,1647.2843809422757,154.62317543439926,0.0,1296.9825516599635,187.01164298108924
DW-835b,HAL,802.5568333448972,138.51609144499486,0.0,1296.9825516599635,64.44225547019956
DW-835b,SIO,2243.237938606715,387.1682833250466,0.0,1296.9825516599635,180.12345831963484
DW-835d,HAL,273.2401554113734,32.23522453793869,0.0,1296.9825516599635,26.329120281508782
DW-835a,HAL,270.60014440628936,43.555466610369265,0.0,1296.9825516599635,24.86109692153444
PD-754a,FEO,46.2852173158449,7.506311677982163,0.0,1296.9825516599635,4.382097894375648
PD-754f,F,304.51243974037436,29.864779759396736,0.0,1296.9825516599635,29.000749772037224
PD-754c,HAL,1014.9037503799764,175.16578870756044,0.0,1296.9825516599635,81.49290373251785
PD-754e,SIO,72.50576973138955,8.553793142404775,0.0,1296.9825516599635,6.9865760743952245
PD-754e,BOR,140.30521713667017,16.5523627793126,0.0,1296.9825516599635,13.519656115525809
BS-658a,AMM,260.96176074096866,30.786693634528696,0.0,1296.9825516599635,25.145987701108176
BS-658b,FEO,40.02740892929243,4.722192141067439,0.0,1296.9825516599635,3.8569970166713334
BS-658b,H,931.7705805096791,115.20771521054093,0.0,1296.9825516599635,92.71681656370775
BS-658h,F,621.5465724600427,60.957613135782736,0.0,1296.9825516599635,59.19402384660996
BS-658h,H,653.993248142137,64.1397912563104,0.0,1296.9825516599635,62.28413708859485
BS-658i,O,1124.9104523249828,110.30113059981359,0.0,1296.9825516599635,94.03839543010875
BS-658g,O,1019.1957261328868,99.93545767363719,0.0,1296.9825516599635,85.20103135024686
BS-658d,GAL,860.7803602288619,80.79758066668434,0.0,1296.9825516599635,97.72201526015333
BS-658d,HAL,972.4862155553636,91.28290685870425,0.0,1296.9825516599635,110.40367228118775
BS-658j,GAL,677.2796059969556,79.90136055005979,0.0,1296.9825516599635,65.26191651318491
BS-658j,BOR,142.966973963778,16.86638078613899,0.0,1296.9825516599635,13.776140070292774
BS-658j,N,412.0881172946501,48.61566913695488,0.0,1296.9825516599635,39.70835688662371
BS-658j,CLI,62.224268247147506,7.34084364589788,0.0,1296.9825516599635,5.995861920959153
BS-658e,MGS,714.4062906342343,66.32018462703952,0.0,1296.9825516599635,84.18328632014892
UB-282a,FEO,48.79652627040693,8.421963173497854,0.0,1296.9825516599635,3.918175113991584
UB-282a,HE,1180.5825758955318,218.82704594251507,0.0,1296.9825516599635,85.34634756560521
UB-282a,SIO,110.17735215357253,19.015894640714027,0.0,1296.9825516599635,8.846821532774138
UB-282b,BOR,1685.4669758030775,290.90064160917456,0.0,1296.9825516599635,135.3365754654404
UB-282c,HAL,235.11829538714062,40.57988911327429,0.0,1296.9825516599635,18.87910317068425
UB-282c,FEO,49.06025095813308,8.467480339938428,0.0,1296.9825516599635,3.9393512014587055
UB-282d,SIO,880.2257127921994,151.92123505720977,0.0,1296.9825516599635,70.67877052243165
UB-282d,AMM,1340.4228192378953,248.45425626010763,0.0,1296.9825516599635,96.90147402757275
UB-282i,AMM,103.6801471142875,10.166175826551104,0.0,1296.9825516599635,8.667280717708628
UB-282i,HE,109.7664595163201,10.765245391021038,0.0,1296.9825516599635,10.453791735107194
UB-282j,AR,1863.5881483461726,219.85488303407615,0.0,1296.9825516599635,179.57330041453437
ZV-307d,H2O,44.904273257229704,3.7039445874749855,0.0,1296.9825516599635,8.146285390581417
ZV-307d,O,58.546327959677896,4.848389640069117,0.0,1296.9825516599635,11.879999822974206
ZV-307d,SIO,38.03327693829424,2.8748103081703182,0.0,1296.9825516599635,8.146285390581417
ZV-307d,FEO,114.09983364858263,8.62443113870101,0.0,1296.9825516599635,24.438856778689797
ZV-307h,HE,138.19178552769748,13.553033310761258,0.0,1296.9825516599635,13.160925038256902
XH-594d,AMM,856.9437558855926,101.09705268527594,0.0,1296.9825516599635,82.5741560175548
VH-331f,H,58.19866731920036,5.707781210055672,0.0,1296.9825516599635,5.542647089981556
VH-331f,AMM,111.2679464452331,10.91018424361044,0.0,1296.9825516599635,9.30159296225486
VH-331d,H,574.3642078946668,52.349522844156894,0.0,1296.9825516599635,72.83283181006993
VH-331d,FEO,643.3005023589832,59.71925030116831,0.0,1296.9825516599635,75.8044142247182
VH-331d,SIO,49.84553343880196,4.627289854292623,0.0,1296.9825516599635,5.8736336287492135
VH-331g,MAG,45.639934139521046,3.449772506886019,0.0,1296.9825516599635,9.775542857142856
VH-331g,SCR,57.049916824291316,4.312215569350505,0.0,1296.9825516599635,12.219428389344898
VH-331g,TS,92.03567900149983,6.956674260338733,0.0,1296.9825516599635,19.712971576931512
VH-331a,HAL,228.19966729716526,17.24886227740202,0.0,1296.9825516599635,48.87771355737959
VH-331a,O,46.83706306566893,3.8787117698526017,0.0,1296.9825516599635,9.504
VH-331a,H2O,12.95315673710892,1.068445635725887,0.0,1296.9825516599635,2.3498901960835687
VH-331a,N,390.30886760465745,32.3225988045714,0.0,1296.9825516599635,79.200001770258
UV-795a,H,815.5790944917119,74.67924563045692,0.0,1296.9825516599635,100.27223270985215
UV-795a,HE,295.02796122950286,27.01450507169034,0.0,1296.9825516599635,36.272524129318
UV-795a,GAL,542.9158088229566,50.96106496543203,0.0,1296.9825516599635,61.63573125747129
UV-795e,AMM,77.76063839785138,7.62468364812419,0.0,1296.9825516599635,6.5005046823427435
UV-795c,SIO,94.79896018435399,11.183809213199426,0.0,1296.9825516599635,9.134723340711163
UV-795b,SIO,50.72784043295255,5.9845644730331085,0.0,1296.9825516599635,4.888078805143287
UV-795b,GAL,1760.569045152892,207.7013109570408,0.0,1296.9825516599635,169.64649315157766
UV-795b,CLI,717.9578533993191,84.70033468638626,0.0,1296.9825516599635,69.1816276079372
JS-761d,LST,748.9262025856725,88.35379363018045,0.0,1296.9825516599635,72.16570361030846
JS-761b,SIO,91.3432434441734,10.776124607356909,0.0,1296.9825516599635,8.801734283615751
JS-761b,HAL,296.8865588341233,35.02488450830226,0.0,1296.9825516599635,28.60766165843537
JS-761a,HAL,708.6022681676678,65.78138220241298,0.0,1296.9825516599635,83.49935941256562
JS-761a,MGS,921.0370263413175,85.50225052059268,0.0,1296.9825516599635,108.5319722354558
JS-761a,FEO,33.32666496639595,3.0938005481624122,0.0,1296.9825516599635,3.9271045282525203
JS-761a,O,889.5664466894103,81.07813541003756,0.0,1296.9825516599635,112.80236913281547
QJ-382f,HE3,1916.8468358836942,187.99300493264192,0.0,1296.9825516599635,182.5541034914043
QJ-382f,AMM,694.2874039289453,68.07713934588654,0.0,1296.9825516599635,58.039885128520275
QJ-382c,GAL,109.10611439810837,12.871680924020787,0.0,1296.9825516599635,10.513344955140077
QJ-382c,AMM,251.1392817632552,29.627896843152698,0.0,1296.9825516599635,24.19950445058648
QJ-382c,SIO,59.847046516219294,7.06039337255658,0.0,1296.9825516599635,5.76679545451979
QJ-382c,HAL,189.63406393282102,22.371882425967407,0.0,1296.9825516599635,18.272929435432264
QJ-382c,MGS,76.241326463358,8.99449158165109,0.0,1296.9825516599635,7.346530204732774
QJ-382e,AMM,934.8588375559563,110.28900380517881,0.0,1296.9825516599635,90.08196742965883
QJ-382e,H,133.07833561198413,16.454319669002466,0.0,1296.9825516599635,13.242100458667252
QJ-382b,LST,1400.5981721404823,165.23411977424044,0.0,1296.9825516599635,134.96009649397655
QJ-382b,AMM,760.0509591845585,89.66622527608955,0.0,1296.9825516599635,73.23767289737607
QJ-382b,SIO,1360.8037335513159,160.53941206793093,0.0,1296.9825516599635,131.12554824256068
QJ-382d,HAL,1222.0691700384439,144.17234552429883,0.0,1296.9825516599635,117.75723857945995
QJ-382d,FEO,2216.781547804316,261.5225087888273,0.0,1296.9825516599635,213.60662718880752
QJ-382d,GAL,855.2822676655429,100.90104033211428,0.0,1296.9825516599635,82.41405684352918
QJ-382i,HE,1338.796502164678,122.02250263930127,0.0,1296.9825516599635,169.76743872583384
QJ-382i,LST,582.7857034999619,54.101504929083916,0.0,1296.9825516599635,68.67354946926851
QJ-382i,H,424.06913453513624,39.26995531330934,0.0,1296.9825516599635,48.676859183275056
QJ-382i,CLI,510.73232762582495,47.412603594337966,0.0,1296.9825516599635,60.183016769506324
UV-072c,LST,38.67526840035016,4.562674761597062,0.0,1296.9825516599635,3.72670624527858
UV-072c,CLI,74.07117052159352,8.738469680478472,0.0,1296.9825516599635,7.1374163695633985
UV-072c,GAL,109.83051083446429,12.957140843867704,0.0,1296.9825516599635,10.583146997506788
UV-072d,N,1328.0281269078323,187.25602970071296,0.0,1296.9825516599635,111.47714907391699
UV-072d,AMM,1502.873918446831,177.29999509189588,0.0,1296.9825516599635,144.81527470644238
UV-072d,FEO,1078.747812312428,127.26415668058809,0.0,1296.9825516599635,103.94695048034713
UV-072d,HAL,851.9251861555359,100.5049921154665,0.0,1296.9825516599635,82.0905721685233
JS-570a,LST,42.40003406006941,5.10202386182859,0.0,1296.9825516599635,6.463088142979013
JS-570a,HAL,93.1919849435412,11.21385257001229,0.0,1296.9825516599635,14.205366251733949
JS-570h,F,680.1563468981408,66.70571330152332,0.0,1296.9825516599635,64.77582340830932
JS-570h,N,396.89786899328163,43.90980843769421,0.0,1296.9825516599635,32.86399316446432
JS-601a,O,946.3062522753848,164.0732312912742,0.0,1296.9825516599635,79.40908375594195
JS-601a,H2O,85.02807780950857,14.742406533981269,0.0,1296.9825516599635,7.135112693324058
JS-601a,H,998.6145099991955,173.14258367833293,0.0,1296.9825516599635,83.79851984888738
JS-601b,SCR,97.83817699436304,15.866920220203074,0.0,1296.9825516599635,9.262924412148758
JS-601c,HAL,67.98530210322014,8.18071591859676,0.0,1296.9825516599635,10.363081296058963
JS-601c,FEO,25.460677253423235,3.063699965458685,0.0,1296.9825516599635,3.881001629283733
JS-601c,MGS,985.6999055156192,118.60991506322965,0.0,1296.9825516599635,150.25142109197407
YK-005d,MGS,562.3908219042005,52.20819529476266,0.0,1296.9825516599635,66.27028373749944
YK-005d,CLI,84.2000989335772,7.816513068400239,0.0,1296.9825516599635,9.921862572650936
YK-005d,HAL,81.35217230209243,7.552132669626521,0.0,1296.9825516599635,9.586272270353602
YK-005a,CLI,1230.1263822456376,199.49592038068243,0.0,1296.9825516599635,116.46340974635957
YK-005a,FEO,44.14537799058556,7.159282932138918,0.0,1296.9825516599635,4.179506528377867
YK-005c,FEO,48.76713048985216,5.753251746781531,0.0,1296.9825516599635,4.699146955608513
ZV-896a,LST,963.6368020341035,155.10579511185176,0.0,1296.9825516599635,88.53309367254916
ZV-896a,SIO,66.39205683697688,10.68638385652493,0.0,1296.9825516599635,6.0996987398715605
ZV-896a,N,347.53632796102397,60.256822970958666,0.0,1296.9825516599635,29.163435525160516
ZV-896a,TS,924.3375217496202,148.7802312656169,0.0,1296.9825516599635,84.92251460858479
ZV-896f,F,1719.9170862096378,168.67929936743357,0.0,1296.9825516599635,163.79917053091012
YK-649b,MGS,961.1808574803715,72.65249958828514,0.0,1296.9825516599635,205.87375601903736
YK-649b,H2O,124.27229787472096,9.39333425121067,0.0,1296.9825516599635,26.6176802559844
YK-649b,SIO,18.39848711409672,1.3906811263241157,0.0,1296.9825516599635,3.940741867431856
YK-649a,FEO,628.5000265208876,74.14664014701383,0.0,1296.9825516599635,60.56156998698267
YK-649a,HAL,837.0852905773536,98.75427079355072,0.0,1296.9825516599635,80.6606161832665
YK-649e,N,406.5171476592207,57.32016177486217,0.0,1296.9825516599635,34.123804874695686
YK-649d,SIO,77.24061631100643,9.112381767187445,0.0,1296.9825516599635,7.442820673295913
UV-351c,MGS,76.06655387658849,5.7496206163406365,0.0,1296.9825516599635,16.292570781162834
UV-351c,H,61.62771533341661,5.1035681822684476,0.0,1296.9825516599635,12.50526331481511
OT-442b,O,65.2875275484402,5.406647747568249,0.0,1296.9825516599635,13.24789859155772
OT-442b,SCR,61.28054675869783,4.631994971089093,0.0,1296.9825516599635,13.125580096533506
OT-442b,H2O,27.799645375441727,2.293063411409587,0.0,1296.9825516599635,5.043258214825778
QQ-001b,CLI,298.3992140816987,22.555015124880335,0.0,1296.9825516599635,63.91363968396828
QQ-001b,FEO,25.81761050868891,1.9514682614154455,0.0,1296.9825516599635,5.529831774629259
QQ-001b,HAL,60.230748269110194,4.552644156162875,0.0,1296.9825516599635,12.900725474812184
QQ-001a,FEO,19.492212729718638,1.473352248226156,0.0,1296.9825516599635,4.175005168443254
QQ-001a,HE,575.7111755739331,47.67629664574485,0.0,1296.9825516599635,116.82113810131818
QQ-001a,HAL,85.07158356571333,6.4302811920169445,0.0,1296.9825516599635,18.221343364111338
AM-783c,LST,22.206170322976334,1.6784913761980265,0.0,1296.9825516599635,4.756303307135907
AM-783c,AMM,902.856189540961,74.76811524127493,0.0,1296.9825516599635,183.20416917189
AM-783c,MGS,265.9479310436573,20.10212937584349,0.0,1296.9825516599635,56.96295243849859
AM-783c,ALO,31.293738705768092,2.365390780249854,0.0,1296.9825516599635,6.702754717903204
OT-442g,HE,357.6001573642023,39.25687894765166,0.0,1296.9825516599635,31.289053804685093
OT-442i,SIO,523.4487112431507,49.133776077669296,0.0,1296.9825516599635,59.42568547266864
OT-442c,SIO,51.161581881507175,6.285742962008965,0.0,1296.9825516599635,4.578096149880322
OT-442c,FEO,688.6961140038219,84.61362202577229,0.0,1296.9825516599635,61.62665249993156
OT-442c,H,586.0995710418038,75.70010538865974,0.0,1296.9825516599635,54.06390020140372
QJ-650a,SIO,63.68937190137314,10.992371500466247,0.0,1296.9825516599635,5.114013867029187
QJ-650b,SIO,52.80905463645257,9.114499481188803,0.0,1296.9825516599635,4.240365851522833
QJ-650b,HE,1595.9360689801329,295.8149498548381,0.0,1296.9825516599635,115.37296688657624
QJ-650b,GAL,205.25168156599742,35.42510575175259,0.0,1296.9825516599635,16.480927891470373
XH-329b,H,214.2168406953562,26.486597980623884,0.0,1296.9825516599635,21.315873176360743
KW-358d,H,206.69975448492718,25.557156393328356,0.0,1296.9825516599635,20.567877566878536
KW-358d,SIO,1044.7413452248618,123.25227892177426,0.0,1296.9825516599635,100.67012478483504
KW-358f,AMM,74.8620156420531,7.340464254050562,0.0,1296.9825516599635,6.258190432040336
KW-358h,N,882.6758020212437,86.54923484337344,0.0,1296.9825516599635,73.78846550452543
KW-358h,H,1393.7733949940898,136.6930543510609,0.0,1296.9825516599635,132.73833246881034
KW-358e,N,219.8609872658368,21.558085285891725,0.0,1296.9825516599635,18.3795736073273
KW-358g,HE3,652.8059816113207,64.02335117429354,0.0,1296.9825516599635,62.17106578154983
KW-358g,H,609.4919622898883,59.77536823923932,0.0,1296.9825516599635,58.045982953954926
KW-358b,FEO,47.721930959441366,5.629945413936656,0.0,1296.9825516599635,4.598432680604053
KW-358b,ALO,79.29708875896513,9.354991975837889,0.0,1296.9825516599635,7.6409800922744155
KW-358b,MAG,138.92203863687968,16.389183727354926,0.0,1296.9825516599635,13.386374559464068
KW-358i,SIO,65.52389247273207,7.730113398882774,0.0,1296.9825516599635,6.313810075352495
KW-358i,CLI,50.97660729241554,6.013912485810786,0.0,1296.9825516599635,4.912049705595284
QJ-149a,MGS,1164.5864640604352,188.86697486033447,0.0,1296.9825516599635,110.25835435000928
QJ-149e,H2O,49.15684369094644,5.799227758337224,0.0,1296.9825516599635,4.736699290225857
QJ-149e,HE,129.33645637153046,15.991659259987825,0.0,1296.9825516599635,12.869760809404111
QJ-149b,HE,288.9932055982913,50.106452271369584,0.0,1296.9825516599635,24.250802119369876
XG-430a,H2O,640.4085324935263,131.29044640273534,0.0,1296.9825516599635,41.354173855635395
XG-430a,CLI,891.9762872199668,144.6563807954801,0.0,1296.9825516599635,84.44872114107032
XG-430a,AMM,218.65211127265286,38.22764768686227,0.0,1296.9825516599635,18.737436992941145
XG-430a,N,420.34621114543324,73.49047202264448,0.0,1296.9825516599635,36.021653761841264
XG-430e,F,480.4948192988057,47.124091108148434,0.0,1296.9825516599635,45.760725023665906
XG-430j,MGS,688.8182516580829,81.26262032972198,0.0,1296.9825516599635,66.37376769420969
XG-430j,LST,43.43149003151607,5.123785085963583,0.0,1296.9825516599635,4.185010520592533
XG-430j,MAG,1264.6461582113097,149.19532163787613,0.0,1296.9825516599635,121.85991024256168
XG-430j,TIO,702.9836763540815,82.93377164737261,0.0,1296.9825516599635,67.73873240848492
XG-430j,CLI,63.96104175066389,7.545737702458139,0.0,1296.9825516599635,6.163215501939866
BS-788c,SIO,76.06655387658849,5.7496206163406365,0.0,1296.9825516599635,16.292570781162834
BS-788c,NE,117.09265591935579,9.696779280138234,0.0,1296.9825516599635,23.75999964594841
BS-788c,CLI,28.524958412145658,2.1561077846752523,0.0,1296.9825516599635,6.109714194672449
JS-952e,GAL,215.85984284945098,25.46584155063243,0.0,1296.9825516599635,20.80001659263517
JS-952e,SIO,61.880498058552064,7.300287713691865,0.0,1296.9825516599635,5.962736604399806
JS-952e,H,711.8997956230141,88.02204172159578,0.0,1296.9825516599635,70.83834169395564
JS-952a,GAL,142.35432381488738,24.56943074417687,0.0,1296.9825516599635,11.430509742634184
JS-952a,TCO,237.8813215745248,41.056769468826815,0.0,1296.9825516599635,19.100963644659856
JS-952d,N,2279.8131273732733,281.8849049387264,0.0,1296.9825516599635,226.8552151695725
JS-952d,GAL,789.7197769117954,93.16637334097696,0.0,1296.9825516599635,76.09652748035097
JS-952d,HE,238.17709248114377,29.449136100898006,0.0,1296.9825516599635,23.700063358055417
JS-952d,AMM,518.2614247604935,73.07644678704914,0.0,1296.9825516599635,43.5038271680339
JS-952b,GAL,286.92661004334207,49.521667380391065,0.0,1296.9825516599635,23.039113415243015
JS-952b,SIO,1020.4561710348622,176.12410041237487,0.0,1296.9825516599635,81.93874195288274
UB-402e,HAL,871.1606543308204,68.40599995463202,0.0,1296.9825516599635,174.54887324279312
UB-402e,GAL,514.6806020136929,40.41417741144772,0.0,1296.9825516599635,103.12325139433727
OF-375a,SCR,92.44125279014067,14.87923041636077,0.0,1296.9825516599635,8.492940571802365
OF-375a,FEO,879.9871378197386,141.64164798565128,0.0,1296.9825516599635,80.8478708355476
OF-375a,TS,95.58562959522762,15.385345441705162,0.0,1296.9825516599635,8.781826805328244
OF-375d,HE,127.72759835872598,15.792733838182818,0.0,1296.9825516599635,12.709669692158647
OF-375d,HAL,825.216327788537,97.35404219261933,0.0,1296.9825516599635,79.51693600780682
OF-375g,O,377.2010889532143,41.73070417444255,0.0,1296.9825516599635,31.233057613611837
OF-375g,AMM,82.4863157215815,8.088051688291308,0.0,1296.9825516599635,6.895554005536025
OF-375e,HAL,780.3298044213728,92.05860105480572,0.0,1296.9825516599635,75.19172007834895
OF-375c,AMM,235.37967748649913,19.742543742724962,0.0,1296.9825516599635,45.47758996981578
OF-375c,FEO,21.993224354475355,1.7269702169344487,0.0,1296.9825516599635,4.406641313476747
OF-375c,LST,393.48960442067323,30.897917311044083,0.0,1296.9825516599635,78.84098844792258
OZ-189c,HE,930.3878608637289,78.03657153815259,0.0,1296.9825516599635,179.75977408534595
OZ-189c,SIO,428.24388266237594,33.62692159286782,0.0,1296.9825516599635,85.80448028757131
CB-282d,H,46.413045560339505,4.551917106585792,0.0,1296.9825516599635,4.420223757036568
JK-776a,LST,1245.8593093990212,200.5319829773364,0.0,1296.9825516599635,114.46198267751234
JK-776a,ALO,63.122612621277995,10.160138134506656,0.0,1296.9825516599635,5.799322072651458
UV-796d,SIO,700.1136473634497,82.59518294761095,0.0,1296.9825516599635,67.46217957754396
UV-796d,H,707.1231443193076,87.43143809601612,0.0,1296.9825516599635,70.36303595670826
UV-796f,AMM,75.17881068904158,7.371527039340743,0.0,1296.9825516599635,6.28467333815738
QQ-645b,H2O,101.62879333770054,7.980180461419281,0.0,1296.9825516599635,20.362709539202754
QQ-645b,ALO,40.3266749525004,3.1665646413866146,0.0,1296.9825516599635,8.079997230814197
OT-889a,HE,58.546327959677896,4.848389640069117,0.0,1296.9825516599635,11.879999822974206
OT-889a,SIO,38.03327693829424,2.8748103081703182,0.0,1296.9825516599635,8.146285390581417
DW-456a,SIO,1049.7509656421196,181.18019149538154,0.0,1296.9825516599635,84.2910023282132
DW-456a,GAL,102.33615884261418,17.662555656393373,0.0,1296.9825516599635,8.21720358979309
DW-456c,GAL,102.4882819392244,12.09094898897481,0.0,1296.9825516599635,9.875657911848426
DW-456c,FEO,58.27985148105493,6.875505160290682,0.0,1296.9825516599635,5.6157822678843825
DW-456d,MGS,62.405196626050746,7.362188484142647,0.0,1296.9825516599635,6.013295980178267
DW-456d,LST,2054.091415735325,242.32930883820043,0.0,1296.9825516599635,197.92998533720973
DW-456b,LST,47.99373164028657,5.66201081795247,0.0,1296.9825516599635,4.624623094702579
DW-456b,FEO,770.0332512213239,90.84387584770465,0.0,1296.9825516599635,74.19955555816378
JS-367c,SIO,39.60694464053412,4.672588301771187,0.0,1296.9825516599635,3.8164815411325006
JS-367a,MGS,1917.2379519183914,179.96250290395605,0.0,1296.9825516599635,217.65872579260568
JS-367a,AMM,283.16901092771195,25.928629442351458,0.0,1296.9825516599635,34.814512965977876
JS-367b,HAL,187.95164194996585,17.64217523254192,0.0,1296.9825516599635,21.337630447239835
JS-367b,LST,1822.1175642373078,171.0339799591886,0.0,1296.9825516599635,206.8599710742114
HM-223b,N,1135.2411266896302,140.36559981042882,0.0,1296.9825516599635,112.9633683446888
JS-299d,HE,754.1434180608428,93.24520644162467,0.0,1296.9825516599635,75.04183799925029
JS-299c,HE,578.6773450884921,71.5499031266682,0.0,1296.9825516599635,57.58190092758117
JS-299c,SIO,1783.4406473383153,210.39956455333058,0.0,1296.9825516599635,171.85037553505896
VH-043e,HE3,159.02800836786307,15.596526859562744,0.0,1296.9825516599635,15.145297451079323
PG-899b,H2O,10.511060814267791,0.867008504705271,0.0,1296.9825516599635,1.9068586337046778
PG-899b,O,61.94238031926518,5.129626493876504,0.0,1296.9825516599635,12.569113945699286
LB-716a,N,2658.111054386318,492.6945405553511,0.0,1296.9825516599635,192.1594258186871
LB-716c,SIO,1076.677933155874,127.01996482936673,0.0,1296.9825516599635,103.74749920570174
LB-716c,FEO,58.242466440850585,6.871094698865152,0.0,1296.9825516599635,5.612179886606317
LB-716e,CLI,53.42669042285598,6.302958507349814,0.0,1296.9825516599635,5.148137016202842
UV-135a,GAL,69.03718021521726,6.480209580939286,0.0,1296.9825516599635,7.837600263922947
UV-135d,GAL,1182.5231445894099,110.99812865128665,0.0,1296.9825516599635,134.24858433146224
UV-135d,HE,833.9846263731557,76.3645649889554,0.0,1296.9825516599635,102.53512025617275
UV-135c,N,683.8165996314948,63.32327708656431,0.0,1296.9825516599635,78.49202315546107
UV-135c,SCR,92.08546846862113,8.548532327290408,0.0,1296.9825516599635,10.851048569486801
UV-135c,H2O,726.9436219693204,67.48405753769809,0.0,1296.9825516599635,85.66064418682608
UV-135c,H,939.895126470438,85.66526381340833,0.0,1296.9825516599635,119.1843480572172
XH-265c,N,57.37803841392933,8.090478994917463,0.0,1296.9825516599635,4.816419179864595
XH-265b,AMM,1187.7499728775456,108.75741245840892,0.0,1296.9825516599635,146.02917422217976
XH-668a,CLI,815.4675072426479,140.74438981831244,0.0,1296.9825516599635,65.47893338638364
XH-668a,HAL,233.37152649252852,40.27840815904585,0.0,1296.9825516599635,18.73884428473739
XH-668c,CLI,469.26300823460014,36.84785941654398,0.0,1296.9825516599635,94.02321940812561
XH-668c,FEO,394.3503547476585,30.96550586263441,0.0,1296.9825516599635,79.01345147064032
XH-668d,H,1727.4362160193214,213.58688907162926,0.0,1296.9825516599635,171.89036670224118
XH-668f,AMM,73.57814596669017,7.214576654337482,0.0,1296.9825516599635,6.150863627526278
XH-668b,GAL,284.2064971114233,49.05219357372243,0.0,1296.9825516599635,22.820698712154734
XH-668b,HE,205.67141759440702,38.12225393285498,0.0,1296.9825516599635,14.868340977341562
XH-807b,MGS,874.2544694421713,81.1593047045334,0.0,1296.9825516599635,103.01926968249653
XH-807b,FEO,946.8844056469371,87.90172962673545,0.0,1296.9825516599635,111.57774235427534
XH-807d,H,207.96614250355108,25.713737501647813,0.0,1296.9825516599635,20.69389084533707
XH-807d,GAL,243.948636962341,28.779587964902138,0.0,1296.9825516599635,23.506621841220944
XH-807d,O,512.9079678436982,72.32159298003904,0.0,1296.9825516599635,43.054448045195656
XH-807c,H,1110.2205272786118,101.65835787182185,0.0,1296.9825516599635,136.4972346917691
XH-807c,SIO,36.97737414059218,3.4708997881553763,0.0,1296.9825516599635,4.197939087604881
XH-807e,HE,1043.924810226522,102.38197352254667,0.0,1296.9825516599635,99.41991935703105
XH-807e,O,367.77675324819893,40.68806623710771,0.0,1296.9825516599635,30.452702443212864
LB-599f,AMM,80.86162865395984,7.928745834159382,0.0,1296.9825516599635,6.759736114787997
WB-675a,SIO,48.07768208253222,7.738524608862001,0.0,1296.9825516599635,4.417085277759271
WB-675g,HE,726.9325474734877,71.29324650494564,0.0,1296.9825516599635,69.23063283852125
WB-675f,AMM,122.41915746880731,12.003596773394635,0.0,1296.9825516599635,10.233793378378751
WB-675h,H,658.7375407265786,64.60508342391213,0.0,1296.9825516599635,62.73596770084844
WB-675h,F,900.0511576276448,88.27169628162737,0.0,1296.9825516599635,85.71787223748993
WB-675d,AMM,1505.0035317809202,139.7133723492918,0.0,1296.9825516599635,177.3446635195086
WB-675d,FEO,45.770307931769075,4.248976125023382,0.0,1296.9825516599635,5.393422465752375
WB-675d,HAL,1627.873774263664,151.1197349099999,0.0,1296.9825516599635,191.82328855228667
WB-675e,N,561.4174203627803,51.16950824654946,0.0,1296.9825516599635,71.19110137869959
WB-675e,FEO,39.35867824045001,3.6537679494192914,0.0,1296.9825516599635,4.637897122318038
UQ-965d,N,789.7664200580001,65.40282648846676,0.0,1296.9825516599635,160.25642012837923
UQ-965d,LES,351.53194353730913,29.11137030444476,0.0,1296.9825516599635,71.33153474406198
UQ-965d,ALO,391.58482342219287,29.598608837297355,0.0,1296.9825516599635,83.87291295969725
SL-132a,GAL,47.30560653956168,4.440364507561994,0.0,1296.9825516599635,5.370474766548763
SL-132a,AMM,181.235854218231,17.011794445449027,0.0,1296.9825516599635,20.575205627242724
SL-132a,FEO,40.56974735817046,3.808099703770255,0.0,1296.9825516599635,4.605771290345906
LB-056a,H2O,1485.8258360523419,321.8452231418121,0.0,1296.9825516599635,79.51107637937054
LB-056a,CLI,2119.1838875890944,365.75736068264473,0.0,1296.9825516599635,170.16239074704703
LB-056a,AMM,934.9324770393517,202.51603141773424,0.0,1296.9825516599635,50.03109098502126
LB-056f,N,96.14017140007165,9.428859613557218,0.0,1296.9825516599635,9.15606947352101
LB-056c,CLI,118.2989532347699,13.956196571417951,0.0,1296.9825516599635,11.399156775494912
LB-056c,H,1173.2390721008069,145.06381261633425,0.0,1296.9825516599635,116.74439406945328
LB-056e,HE,102.32703563871378,10.035630680269199,0.0,1296.9825516599635,9.745285801797781
LB-056d,AMM,1510.9832089375502,178.2566802446259,0.0,1296.9825516599635,145.59667700218617
LB-056b,GAL,967.1913208490447,166.93093358281533,0.0,1296.9825516599635,77.66177745561421
LB-056b,LST,48.279053449016224,8.3326507289831,0.0,1296.9825516599635,3.8766240183315293
FK-037f,O,133.95706750186807,13.137717203175077,0.0,1296.9825516599635,12.757624608471762
FK-037f,N,37.73580467812013,3.7009046222102464,0.0,1296.9825516599635,3.5938322580505564
KW-020d,BOR,897.317665110134,107.97482220288398,0.0,1296.9825516599635,136.77920997994184
KW-020d,H,1373.1330285482395,180.4442360419769,0.0,1296.9825516599635,193.62482536110403
KW-020c,SIO,442.1187113984343,33.41829921795323,0.0,1296.9825516599635,94.69668378591406
KW-020c,O,34.099468771614966,2.823874987309587,0.0,1296.9825516599635,6.919335457713119
SL-620c,BOR,102.48246142870013,7.7463121834041875,0.0,1296.9825516599635,21.950550821111705
AM-783e,GAL,662.7335088530805,78.18529979435738,0.0,1296.9825516599635,63.86027062131006
BS-788a,MGS,802.5143371593513,129.17172122423432,0.0,1296.9825516599635,73.73014068715288
BS-788e,MGS,784.1634823711784,92.51087524317339,0.0,1296.9825516599635,75.56112906111372
BS-788e,AR,879.5802555095313,124.02350756934263,0.0,1296.9825516599635,73.83360132154421
BS-788e,LST,795.6677885734122,93.8680838607131,0.0,1296.9825516599635,76.66967132971949
BS-788f,AMM,706.3004974045102,69.25506225487668,0.0,1296.9825516599635,59.0441357622122
BS-788b,FEO,719.306511706609,124.14762719952415,0.0,1296.9825516599635,57.757571878844075
BS-788b,H,328.45745558210365,60.88127691390454,0.0,1296.9825516599635,23.744755120886285
BS-788b,SIO,97.32360160142059,16.797420866747803,0.0,1296.9825516599635,7.814714344327804
BS-788d,BOR,2025.9908787103852,239.01417706603522,0.0,1296.9825516599635,195.22224855455877
BS-788d,SIO,95.18390152778841,11.229222269786453,0.0,1296.9825516599635,9.1718158643827
DW-739a,TIO,925.4719419080693,109.18159450632123,0.0,1296.9825516599635,89.17745650881305
DW-739a,HEX,373.0902770069633,52.60687072564675,0.0,1296.9825516599635,31.317891229287742
JK-782c,TCO,277.2302907235704,20.954925835136784,0.0,1296.9825516599635,59.379502607995555
JK-782c,AMM,955.32578709198,79.11327337587498,0.0,1296.9825516599635,193.85110180354783
VH-192c,SIO,27.52170757468786,3.3117050935712435,0.0,1296.9825516599635,4.195166957849599
VH-192c,AR,593.6091109585115,78.0065298172257,0.0,1296.9825516599635,83.70453412195678
VH-192c,HAL,1258.341276827177,151.4170297976785,0.0,1296.9825516599635,191.81047294822588
YI-209h,AR,196.81420051490497,19.298272844762245,0.0,1296.9825516599635,16.45294661102004
YI-209h,H,40.167711391977974,3.939411654851293,0.0,1296.9825516599635,3.825438947542977
KW-020b,H,1038.0913850917054,192.41557164747877,0.0,1296.9825516599635,75.04541398952263
KW-020b,HE,192.63881446613647,35.70659398519116,0.0,1296.9825516599635,13.926191652948688
KW-020f,H,89.75203347147867,8.80234881329981,0.0,1296.9825516599635,8.547684509890827
WU-308a,SIO,89.43072723740607,10.55049748726991,0.0,1296.9825516599635,8.617446329407478
WU-308a,CLI,73.50794143137693,8.672023311488177,0.0,1296.9825516599635,7.083144235074123
WU-308a,HE,162.56822437459687,20.10056347323935,0.0,1296.9825516599635,16.176523012974236
WU-308c,N,437.0231442683169,61.62160064602791,0.0,1296.9825516599635,36.68453492456205
WU-308d,HAL,1262.3142451590327,148.9202166090054,0.0,1296.9825516599635,121.63520967046976
SE-052e,AMM,2015.7634579674216,237.8076076890085,0.0,1296.9825516599635,194.2367455617587
SE-052e,AR,1350.571663759801,159.332294224213,0.0,1296.9825516599635,130.13959727256514
SE-052e,HAL,161.40479794026933,19.04156398707947,0.0,1296.9825516599635,15.552788471313702
SE-052d,FEO,46.81578767401214,5.523044097673751,0.0,1296.9825516599635,4.511117712134545
SE-052d,SIO,696.898240040848,82.21584859659308,0.0,1296.9825516599635,67.15234647112018
SE-052d,AMM,253.9663987599551,29.96142304484308,0.0,1296.9825516599635,24.471922329078545
LS-231d,SIO,370.238567899445,44.55104930614107,0.0,1296.9825516599635,56.435909812580846
LS-231d,BRM,670.3510560964531,80.66378152339864,0.0,1296.9825516599635,102.18241702712804
UV-062a,AMM,578.4170768201608,125.29111329281085,0.0,1296.9825516599635,30.95286355793312
UV-062c,AMM,463.2655108935172,42.89964637706617,0.0,1296.9825516599635,53.17602296840425
UV-062c,O,711.3676118537242,64.83648273250222,0.0,1296.9825516599635,90.20568642183756
UV-062b,FEO,25.605492430074992,3.0811256704896173,0.0,1296.9825516599635,3.903075980682023
UV-062b,H2O,634.3647828931938,96.6619977854905,0.0,1296.9825516599635,72.8040099380448
UV-062f,HEX,430.01096318264746,60.63286165545981,0.0,1296.9825516599635,36.095919412298336
UV-062f,AR,683.6114659937241,96.39130857712087,0.0,1296.9825516599635,57.38361692734707
AM-783b,BRM,20.57695418284189,1.615760675026332,0.0,1296.9825516599635,4.122872342234708
AM-783b,FEO,1100.96523410978,86.45090590370643,0.0,1296.9825516599635,220.5933430739783
OF-185c,AMM,1146.9825537509673,106.47735850873573,0.0,1296.9825516599635,135.15664964387744
OF-185c,LST,466.67371169964434,43.3225282675347,0.0,1296.9825516599635,54.991294456856515
OF-185c,LIO,99.5392686939641,9.240487890390158,0.0,1296.9825516599635,11.729379859075769
RC-639a,H,339.4685815883536,62.92224569122257,0.0,1296.9825516599635,24.540768382817777
RC-639a,H2O,35.82909749204681,7.760952594508071,0.0,1296.9825516599635,1.9173243849783825
RC-639a,FEO,1186.077817636275,204.70931979216297,0.0,1296.9825516599635,95.23752905210942
RC-639a,AMM,245.79409673985896,53.24154015410007,0.0,1296.9825516599635,13.153192470663738
LB-476a,HAL,883.7492686647109,152.5293778916732,0.0,1296.9825516599635,70.96169863202552
LB-476a,LST,2172.7285840071336,374.99882715240705,0.0,1296.9825516599635,174.46182583037236
LB-476d,GAL,592.6358783165595,55.628064250353475,0.0,1296.9825516599635,67.28031333006633
OZ-189d,AR,1133.1005964561941,140.1009363807266,0.0,1296.9825516599635,112.75037262111267
OZ-189d,N,440.8321163386017,54.50618636941404,0.0,1296.9825516599635,43.865465728269626
OZ-189d,HAL,160.22866419077408,18.902810825251752,0.0,1296.9825516599635,15.439457519239765
OZ-189d,SCR,2034.7265876745316,240.04476328984043,0.0,1296.9825516599635,196.0640118441272
OZ-189f,O,164.6984703565064,18.22100557425232,0.0,1296.9825516599635,13.63738590414446
OZ-189e,H,2231.376918876144,218.84025591615838,0.0,1296.9825516599635,212.50890021635632
OZ-189g,AMM,112.87345430446945,11.067609513946087,0.0,1296.9825516599635,9.435807541398441
LB-599c,SIO,1015.4123071732595,95.31218599941354,0.0,1296.9825516599635,115.27695282284351
LB-599b,FEO,717.3497898345653,84.62859901666504,0.0,1296.9825516599635,69.12303527288641
LB-599b,H,325.98387497434277,40.30590599966098,0.0,1296.9825516599635,32.437370068273815
LB-599e,HE3,193.7386041146814,19.00073687535061,0.0,1296.9825516599635,18.45101889401961
LB-599d,HE,226.40501168158667,27.993590540048693,0.0,1296.9825516599635,22.52867001413952
LB-599d,AMM,1300.2966851239048,153.401155652987,0.0,1296.9825516599635,125.2951557311602
LB-599d,FEO,827.5324776414782,97.62728757436298,0.0,1296.9825516599635,79.74011765538083
LB-599g,HE,90.45605318155364,9.930147559230543,0.0,1296.9825516599635,7.914661827384348
LB-599g,H,74.95589579425959,8.228560494203531,0.0,1296.9825516599635,6.558439665607751
LB-599g,AMM,112.26805771340304,11.955347003908358,0.0,1296.9825516599635,8.788631578291106
OF-552b,BOR,469.5891754697412,56.50597296947337,0.0,1296.9825516599635,71.58004231199448
QJ-684b,ALO,43.22699264413547,3.394305794405982,0.0,1296.9825516599635,8.661115285910375
QJ-684b,H2O,482.9008550634036,40.50345958620562,0.0,1296.9825516599635,93.3010331102461
VH-874e,N,459.63809233115364,50.850916978014304,0.0,1296.9825516599635,38.05901796049741
BS-531b,HE,2000.1883664992363,247.31101895171645,0.0,1296.9825516599635,199.03085775484573
BS-531b,ALO,1638.0813295995702,193.25094948635572,0.0,1296.9825516599635,157.8437118548268
FK-317a,FEO,36.3128508085077,3.371015907231666,0.0,1296.9825516599635,4.278986840946733
FK-317a,MAG,675.9201293951887,62.74741468867076,0.0,1296.9825516599635,79.64820372999745
FK-317b,CLI,379.08543774273744,45.615598947281036,0.0,1296.9825516599635,57.78444881388578
FK-317b,MGS,406.3388632396943,48.89502148276884,0.0,1296.9825516599635,61.93872121223811
FK-317d,HAL,1979.5687934433647,233.5375796023542,0.0,1296.9825516599635,190.74906757252603
FK-317d,MGS,53.951648848776706,6.364889934328989,0.0,1296.9825516599635,5.198721431652501
FK-317c,N,686.6757976517971,67.34510248731878,0.0,1296.9825516599635,65.39671416771183
OF-208a,MGS,1765.2410000690795,304.66911953005985,0.0,1296.9825516599635,141.74212562468546
OF-208a,HAL,213.36899182078423,36.82610072534626,0.0,1296.9825516599635,17.13271697286125
OF-208g,AMM,91.31922580405354,9.724520534618495,0.0,1296.9825516599635,7.148703272799087
PD-518d,HE,1501.8768235050322,185.69785415314715,0.0,1296.9825516599635,149.4458409172253
PD-518d,SCR,809.8535617421674,95.54163576837699,0.0,1296.9825516599635,78.03659680040674
PD-518d,SIO,39.93317734637164,4.71107526759969,0.0,1296.9825516599635,3.8479169651785265
PD-518b,SIO,24.962219439434055,3.003720210313094,0.0,1296.9825516599635,3.8050211057114027
PD-518b,AMM,154.51854720744134,23.544925365911503,0.0,1296.9825516599635,17.733597686801065
PD-518b,GAL,155.5630647284849,18.7190054408795,0.0,1296.9825516599635,23.712664893328665
PD-518b,HAL,1227.1425148278045,147.66286233746376,0.0,1296.9825516599635,187.05480816578495
PD-175f,HE,744.209007008847,72.98761951474958,0.0,1296.9825516599635,70.87598525945637
PD-175f,AMM,895.8638244014292,87.84236335498393,0.0,1296.9825516599635,74.89093589313792
PD-518g,N,109.95066572914718,10.783311247316052,0.0,1296.9825516599635,10.471334920827973
PD-518e,LST,687.6120664427071,63.832807459989674,0.0,1296.9825516599635,81.02594311585115
PD-518e,HE,690.8703041364913,62.96828784180704,0.0,1296.9825516599635,87.60650467442223
PD-518a,N,1094.9187796969622,189.84008797830526,0.0,1296.9825516599635,91.87987173692214
PD-175c,H2O,875.4693777737316,81.27208778876758,0.0,1296.9825516599635,103.16243048226735
PD-175c,HE,631.742198268149,57.57914958015864,0.0,1296.9825516599635,80.10870566333419
PD-175d,H,39.7108113966619,3.8946016045826823,0.0,1296.9825516599635,3.781925314910093
VH-778e,N,654.4010901451138,64.17978998872977,0.0,1296.9825516599635,62.32297860155555
VH-778d,HE3,811.8299748327211,79.61948425202944,0.0,1296.9825516599635,77.31598084346318
VH-192a,HE,239.0479565055165,41.793518518383486,0.0,1296.9825516599635,20.48526308409657
VH-192a,SIO,1848.3744145377138,299.76038263902046,0.0,1296.9825516599635,174.99664254986078
VH-192b,HE,501.37414069933084,86.9296542769603,0.0,1296.9825516599635,42.072702189301836
VH-192b,ALO,667.0126152002317,107.36153062220444,0.0,1296.9825516599635,61.281065872164774
VH-192b,AMM,1748.8987317688684,303.22896571016736,0.0,1296.9825516599635,146.7584574631762
VH-192b,H,469.5472189120047,81.41141334053496,0.0,1296.9825516599635,39.40195295581995
UB-860a,HAL,1504.4739016493677,259.66241377439644,0.0,1296.9825516599635,120.80352130859205
UB-860a,FEO,2063.6832975814186,356.1783196959603,0.0,1296.9825516599635,165.70590486166122
UB-860b,LST,1211.1515547986787,209.03688380427164,0.0,1296.9825516599635,97.25085459950759
UB-860b,HE,718.221666012481,133.12607581575074,0.0,1296.9825516599635,51.92148112990052
UB-860b,O,1371.3794242866456,297.05494823962454,0.0,1296.9825516599635,73.38669950662474
UB-860b,CLI,89.23130487145846,15.400743064908253,0.0,1296.9825516599635,7.164933753663054
UB-860e,LST,60.456727170947765,5.612354427008564,0.0,1296.9825516599635,7.124021778829416
UB-860e,O,90.90304008211747,8.285214691258801,0.0,1296.9825516599635,11.527051543816059
UB-860e,MGS,1495.552113797923,138.8359727605183,0.0,1296.9825516599635,176.23093952711812
UB-860d,SIO,2016.7198829996528,237.92044094231,0.0,1296.9825516599635,194.32890562394257
UB-860d,CLI,65.00212518630585,7.668558443282717,0.0,1296.9825516599635,6.263533154588086
YW-240b,AR,970.5812526160961,88.46210254322591,0.0,1296.9825516599635,123.07553318635598
XD-354a,CLI,52.56037566084697,4.127189442265584,0.0,1296.9825516599635,10.531185382638775
XD-354b,MGS,21.2677304901734,1.6075577958673986,0.0,1296.9825516599635,4.5553004140035265
LS-934d,CLI,80.66449597160384,9.516310426516718,0.0,1296.9825516599635,7.7727419444852055
LS-934f,HE,149.73723092593588,14.685342336745572,0.0,1296.9825516599635,14.260474775162567
LS-934e,HE,221.86807613195504,27.432626296635227,0.0,1296.9825516599635,22.077217446398585
LS-934e,H,182.79961267894947,25.775304760140695,0.0,1296.9825516599635,15.34453921598289
LS-746c,HE,478.2011408052653,59.126636959403875,0.0,1296.9825516599635,47.583910009634614
LS-746d,AMM,627.8575843872104,74.0708487012048,0.0,1296.9825516599635,60.499664970913464
LS-746d,HAL,150.06667211882794,17.703960327971213,0.0,1296.9825516599635,14.460259161080463
LS-746a,H,497.4937529475821,61.51205007702308,0.0,1296.9825516599635,49.50364177456703
LS-746a,AMM,737.5879884840147,87.01617955630502,0.0,1296.9825516599635,71.07316579349082
LS-746a,HAL,155.02939133071484,18.289431990703463,0.0,1296.9825516599635,14.938461315724991
TD-203b,LIO,317.31440119094526,24.91642477832685,0.0,1296.9825516599635,63.57825151565916
TD-203b,CUO,541.1739817361175,42.494512563271506,0.0,1296.9825516599635,108.43155997778089
TD-203b,ALO,29.170746087347645,2.2905695357195484,0.0,1296.9825516599635,5.844755311073293
TD-203b,GAL,384.11402389017,30.161720194982983,0.0,1296.9825516599635,76.96246350598352
DW-419a,O,51.31024211864351,6.742709735863169,0.0,1296.9825516599635,7.235232466851474
DW-419a,BOR,137.99478894361403,16.605003312046076,0.0,1296.9825516599635,21.034711504024283
DW-419a,CLI,39.59986922091233,4.765078193195572,0.0,1296.9825516599635,6.036255651648858
DW-419c,HEX,369.00658471164303,52.031057615783205,0.0,1296.9825516599635,30.97509850859636
DW-419c,CLI,51.02026439588767,6.019062887408903,0.0,1296.9825516599635,4.916256455978404
DW-419c,HE,283.4436589608975,35.046069303817816,0.0,1296.9825516599635,28.204360905716193
DW-419d,CLI,58.214223565748846,5.464307321383839,0.0,1296.9825516599635,6.608899908145629
LB-506a,FEO,57.97128584855637,6.839102449154362,0.0,1296.9825516599635,5.586049223557265
LB-506a,HAL,126.204615264514,14.888858867214795,0.0,1296.9825516599635,12.160937657125263
LB-506a,N,481.9559211803553,67.9572596862977,0.0,1296.9825516599635,40.4562757248049
LB-506b,H,156.03121098758837,19.292301877121968,0.0,1296.9825516599635,15.526050585795605
LB-506b,LST,769.5203460465531,90.78336639055509,0.0,1296.9825516599635,74.15013258071299
LB-506c,CLI,95.2694340721262,11.239312883180663,0.0,1296.9825516599635,9.18005768610346
LB-506e,H,480.9946877328136,59.47204189661516,0.0,1296.9825516599635,47.861884849645044
LB-506e,AR,1681.6715834860786,198.39346457379546,0.0,1296.9825516599635,162.04402068553838
LB-506e,HAL,879.1705585329446,103.71923672341319,0.0,1296.9825516599635,84.71590622807724
LB-506d,SIO,1004.7417747452777,118.53337099299911,0.0,1296.9825516599635,96.81581025050136
LB-506d,HE,2241.0179222944157,277.08811586666235,0.0,1296.9825516599635,222.99485727881319
KI-439b,AMM,801.7558339233325,94.58631470989546,0.0,1296.9825516599635,77.25630867098438
KI-439b,HAL,97.43580147633473,11.494887835556153,0.0,1296.9825516599635,9.388806461968679
KI-439b,LIO,64.26021655190475,7.581032539996104,0.0,1296.9825516599635,6.192043656115112
LB-428a,BOR,1796.0749616168093,309.9908608197778,0.0,1296.9825516599635,144.21797524013968
LB-428a,N,170.91704041715727,31.680351564864672,0.0,1296.9825516599635,12.355887198540266
LB-428a,H2O,142.68320023983998,30.906654942673537,0.0,1296.9825516599635,7.635413624563791
LB-428d,AMM,1610.1229719842074,151.13500112570696,0.0,1296.9825516599635,182.79281092929423
LB-428d,FEO,42.411539990514726,3.9809804938751476,0.0,1296.9825516599635,4.814864917524076
LB-428b,SCR,55.14086128820966,6.635135944835737,0.0,1296.9825516599635,8.405187747740571
LB-428g,AMM,839.4840393902712,89.39606865537841,0.0,1296.9825516599635,65.71696427572475
OT-115a,ALO,784.433326790319,126.26142402118593,0.0,1296.9825516599635,72.06896732669505
OT-115a,TIO,1617.7110491904134,260.3847819181018,0.0,1296.9825516599635,148.62546091097093
OT-115b,FEO,2017.5225049525127,238.01512943650502,0.0,1296.9825516599635,194.4062453908799
OT-115b,H,189.7789428595931,23.465001856965586,0.0,1296.9825516599635,18.884154319556227
OT-115c,HAL,143.34585883206503,16.9110793363388,0.0,1296.9825516599635,13.812648998692973
OT-115c,MGS,1416.2468889026773,167.08026093823054,0.0,1296.9825516599635,136.4679895972534
WB-501a,HAL,326.41263723547206,56.336698947126415,0.0,1296.9825516599635,26.209690932118964
WB-501a,GAL,381.93568833810525,65.91961657276495,0.0,1296.9825516599635,30.6679803578389
WB-501a,FEO,56.173750119244225,9.695224045250471,0.0,1296.9825516599635,4.5105380771804064
WB-501b,H,733.9962859428296,66.89893766071364,0.0,1296.9825516599635,93.0751382284845
WB-501c,FEO,35.85425548333383,3.32844331648974,0.0,1296.9825516599635,4.224947476973719
WB-501c,O,857.9196806220373,78.19374066465424,0.0,1296.9825516599635,108.78936909096693
WB-501c,H,529.5227795251088,48.262521344879474,0.0,1296.9825516599635,67.1466693269748
WB-501d,O,684.7710003879967,67.15829123317691,0.0,1296.9825516599635,65.21530762530249
WB-501d,AMM,131.86446307590361,12.929739725636042,0.0,1296.9825516599635,11.023386347136887
TO-392b,N,1714.104811938407,317.71813347982476,0.0,1296.9825516599635,123.9155888207153
TO-392b,TIO,951.8713895422542,164.2868130449861,0.0,1296.9825516599635,76.43164535027356
AJ-946e,TCO,644.5592439926942,76.04120970736231,0.0,1296.9825516599635,62.109018486291
IZ-768b,BRM,36.216071409826476,2.8437884182459383,0.0,1296.9825516599635,7.256381961742255
IZ-768b,HE,180.30959197625546,15.1235231725912,0.0,1296.9825516599635,34.837526243068574
IZ-768b,CLI,38.307814505858104,3.0080380057599116,0.0,1296.9825516599635,7.67549111079602
PG-899c,HE,609.263582824358,55.78777713005105,0.0,1296.9825516599635,74.90655433814966
PG-899c,FEO,30.172650816207355,2.832171017008377,0.0,1296.9825516599635,3.425417655575628
PG-899a,BRM,97.0387222199231,15.619233444372561,0.0,1296.9825516599635,8.91532812572769
PG-899a,SIO,53.14308012938588,8.553844851879713,0.0,1296.9825516599635,4.882463269575498
PG-899a,CUO,569.8923499077381,91.72917210510715,0.0,1296.9825516599635,52.358246064439264
PG-899e,H,2165.2893167113807,212.3587746172005,0.0,1296.9825516599635,206.2149372667694
PG-899d,AMM,799.2300901656463,78.3671112420189,0.0,1296.9825516599635,66.8127094946092
WB-947g,HE,100.3753034261691,9.844216323842044,0.0,1296.9825516599635,9.559409331311745
WB-947h,N,27.060285094196594,3.441845288767315,0.0,1296.9825516599635,2.0117496568327202
WB-947i,H,61.95368861992215,6.076051498893501,0.0,1296.9825516599635,5.900262802573621
YP-951b,GAL,1317.8772620345496,155.47520601856345,0.0,1296.9825516599635,126.98920074954997
YP-951b,SIO,2419.608263765773,285.45078068380843,0.0,1296.9825516599635,233.15078603622382
KC-832a,ALO,41.494367262002285,4.99304438299001,0.0,1296.9825516599635,6.325036264629463
KC-832a,FEO,1035.368819917018,124.58660805616549,0.0,1296.9825516599635,157.822513400238
QF-564a,HAL,124.28571550316325,11.666141083206732,0.0,1296.9825516599635,14.109813778499774
QF-564a,LST,741.2696193188592,69.5796449709352,0.0,1296.9825516599635,84.15429115007446
QF-564a,FEO,41.818865739189334,3.925348827723055,0.0,1296.9825516599635,4.747580247812373
GY-110f,SIO,517.1721162360327,61.01284515275722,0.0,1296.9825516599635,49.83413522847881
GY-110f,BRM,43.1545363607143,5.091111763290859,0.0,1296.9825516599635,4.158323570060072
GY-110f,NE,2036.8334139200417,251.84195422209558,0.0,1296.9825516599635,202.67726193496557
GY-110e,CLI,972.5801123791671,114.73913216187236,0.0,1296.9825516599635,93.71674790508683
GY-110d,GAL,687.4479196046829,81.10095682398148,0.0,1296.9825516599635,66.24172400756615
GY-110d,SIO,81.0558267577801,9.562477270998299,0.0,1296.9825516599635,7.810450147818571
GY-110b,AMM,686.6631296125845,119.05557869159009,0.0,1296.9825516599635,57.621187475420975
VH-043b,FEO,644.1260247947363,75.99010112085425,0.0,1296.9825516599635,62.067273961756825
VH-043b,AMM,661.3253444620516,78.01917305774064,0.0,1296.9825516599635,63.72458145230152
WB-948c,ALO,56.35113047774061,5.23122126193532,0.0,1296.9825516599635,6.640231775199298
WB-948c,CLI,54.41678081873461,5.051650577577769,0.0,1296.9825516599635,6.412294376939804
XG-452a,GAL,1856.9641171430094,320.49993318007887,0.0,1296.9825516599635,149.10714240283187
XG-452a,HAL,148.18632577802262,25.575996365039092,0.0,1296.9825516599635,11.898797276670484
XG-452a,ALO,87.79286886291514,15.152478362124855,0.0,1296.9825516599635,7.0494328235248815
XG-751a,AMM,184.6439525876721,39.995787312633624,0.0,1296.9825516599635,9.8808615794389
XG-751d,HE3,792.3510815786415,77.70910956426346,0.0,1296.9825516599635,75.46087597622223
XG-751c,AMM,511.1472753888117,47.45112426893538,0.0,1296.9825516599635,60.231912848386614
XG-287c,BRM,2459.727208963421,290.1837717213974,0.0,1296.9825516599635,237.01660338684655
XG-287d,N,2088.0314009534504,204.78177500185544,0.0,1296.9825516599635,198.8571508830173
XG-287a,TIO,55.39562788491086,4.3498214706365905,0.0,1296.9825516599635,11.099266687285876
XG-287a,SIO,981.1250383345036,77.04071458478859,0.0,1296.9825516599635,196.58173162460866
XG-287a,BRM,328.1851241675076,25.770024710491764,0.0,1296.9825516599635,65.75634856063074
XG-287b,ALO,561.7880304676085,66.27636145787348,0.0,1296.9825516599635,54.13327555982611
XG-287i,FEO,781.6626627166659,92.21584363271798,0.0,1296.9825516599635,75.32015283495511
XG-287i,GAL,514.0199024594484,60.64096599492703,0.0,1296.9825516599635,49.530391382513834
XG-287i,LIO,82.86036133594511,9.775365370209219,0.0,1296.9825516599635,7.98433311128387
XG-287i,LST,36.00802814766279,4.248009853313136,0.0,1296.9825516599635,3.469693913665171
XG-287g,HE,698.2767329923162,76.65590916147939,0.0,1296.9825516599635,61.097339638205234
XG-287g,AMM,101.87257926957345,10.848339769625413,0.0,1296.9825516599635,7.974846856405977
XG-287e,AMM,646.5205016483712,63.39343913143073,0.0,1296.9825516599635,54.0467469761918
RC-323b,FEO,673.3774964531168,82.73156738797665,0.0,1296.9825516599635,60.2558953526487
RC-323b,GAL,229.53123145791142,28.20034622931238,0.0,1296.9825516599635,20.539162558509172
RC-323b,SIO,77.71708649761116,9.548368355998344,0.0,1296.9825516599635,6.9543646109041735
RC-323c,AMM,783.1458863996124,71.70946927148451,0.0,1296.9825516599635,96.28469770398631
RC-323c,TS,1864.5945714848483,175.02110557001222,0.0,1296.9825516599635,211.68226830848627
RC-323c,O,79.75288326526722,7.302645689828398,0.0,1296.9825516599635,9.805302421392332
RC-323a,CLI,950.6338545370626,112.1500451067773,0.0,1296.9825516599635,91.60203068285485
YI-209d,GAL,1058.310980669015,124.85314261906537,0.0,1296.9825516599635,101.97767990332572
YI-265c,TAI,931.6131615824507,112.10162174995804,0.0,1296.9825516599635,142.00691371937248
XG-326e,HE,1054.3919916860655,103.40853279630716,0.0,1296.9825516599635,100.41677883044221
XG-452c,TIO,725.5076132759473,125.2178970126391,0.0,1296.9825516599635,58.25549670475635
XG-452c,LES,1037.8952583056234,192.37921854003432,0.0,1296.9825516599635,75.0312356463947
XG-452c,AMM,1476.0548610839185,273.5943520554425,0.0,1296.9825516599635,106.70654791293195
XU-145a,H2O,651.3678027358218,141.0929940321198,0.0,1296.9825516599635,34.856679603844384
XU-145a,TAI,1057.6861264069198,182.5497486512864,0.0,1296.9825516599635,84.92816549966255
XU-145a,FEO,48.21022028753399,8.320770572844395,0.0,1296.9825516599635,3.8710969777622375
HV-813a,HE,1288.1943432166747,159.27732655817076,0.0,1296.9825516599635,128.18313983802122
HV-813a,LIO,664.300166069903,78.37012455806102,0.0,1296.9825516599635,64.01123198436268
LS-227e,N,1286.4206301910815,159.05801782553618,0.0,1296.9825516599635,128.00664464846434
LS-227c,H2O,34.123834257240226,5.19965496249995,0.0,1296.9825516599635,3.916282926453996
LS-227c,MGS,850.9631402717242,102.39695187631223,0.0,1296.9825516599635,129.71333405559452
LS-227c,O,23.216731423146733,3.5376737516470596,0.0,1296.9825516599635,2.66450974398476
QQ-082a,GAL,281.6908754074174,48.85300617964966,0.0,1296.9825516599635,21.25757283257752
QQ-082a,LST,1061.0424491389865,184.01417244945173,0.0,1296.9825516599635,80.0707055505658
GY-694a,MGS,55.64734266425545,9.024615683210405,0.0,1296.9825516599635,5.268466202775192
GY-694a,SIO,919.6406304009013,149.1428495715847,0.0,1296.9825516599635,87.06786969502899
CB-045a,SIO,83.92975357886117,13.611319681618971,0.0,1296.9825516599635,7.946130919590366
CB-045a,CLI,107.88586708394037,17.496405784491884,0.0,1296.9825516599635,10.214199228132024
RY-305a,ALO,1276.027210373936,220.23400015398005,0.0,1296.9825516599635,102.46012252506117
RY-305a,MAG,1606.235343271962,277.22577697525793,0.0,1296.9825516599635,128.97457729565235
RY-305a,CLI,1218.2569800467377,210.26323400468513,0.0,1296.9825516599635,97.82139317077791
JK-776e,N,561.0224706140293,79.1058851025066,0.0,1296.9825516599635,47.093268827127666
JK-776e,SIO,72.59075296438708,8.563818951362142,0.0,1296.9825516599635,6.994764965080545
JK-776e,H,154.02822060553333,19.04464440613912,0.0,1296.9825516599635,15.326740910520943
JK-776b,SIO,26.74078136512546,3.2177357314270996,0.0,1296.9825516599635,4.07612943730389
JK-776d,H2O,147.04536608891868,13.650601842979329,0.0,1296.9825516599635,17.327342043034037
JK-776d,LIO,47.83007207763001,4.440189360730447,0.0,1296.9825516599635,5.636138294428869
JK-776c,TCO,172.88941701681026,20.396450036341257,0.0,1296.9825516599635,16.659433710181734
JK-776f,HE3,1077.5938654092363,105.68403539757564,0.0,1296.9825516599635,102.62644794826798
JK-776f,NE,664.6476429132894,65.18471130483591,0.0,1296.9825516599635,63.2988261337916
CB-045e,N,319.3720967936806,45.03244293629856,0.0,1296.9825516599635,26.808687348524412
CB-045e,O,1115.2611519620516,157.25523515990344,0.0,1296.9825516599635,93.61709377579358
CB-045e,CLI,121.00103343246222,14.274971686155366,0.0,1296.9825516599635,11.65952624581751
CB-045g,AMM,710.7318705730157,69.68957281488225,0.0,1296.9825516599635,59.41458233549901
CB-045g,HE,811.4628181847593,79.58347569869112,0.0,1296.9825516599635,77.28101406810333
CB-045f,HE,612.4211694696385,60.062647561448514,0.0,1296.9825516599635,58.32495088223667
RC-040e,AMM,612.6903958381703,60.07628716483267,0.0,1296.9825516599635,51.218673985095585
RC-040e,HE,95.00207224163759,9.317241576737553,0.0,1296.9825516599635,9.04768070313891
RC-040f,AR,124.24084284761987,12.184807333091142,0.0,1296.9825516599635,11.832283758137397
RC-040a,HE,590.8993389368903,102.45178415987026,0.0,1296.9825516599635,49.5851897672079
RC-040a,SIO,45.05221674846207,7.251549427721413,0.0,1296.9825516599635,4.139123907605203
RC-040a,BRM,1259.4899407711666,202.7259526476421,0.0,1296.9825516599635,115.71428225920002
RC-040a,GAL,195.4535237959999,31.45995893037605,0.0,1296.9825516599635,17.957082060725075
RC-040g,H,1238.7085448810483,121.48521062225234,0.0,1296.9825516599635,117.97047300007767
SO-838a,TCO,279.89616521483543,48.308258312891525,0.0,1296.9825516599635,22.4745954859401
SO-838a,SIO,40.62848173094416,7.012211792228639,0.0,1296.9825516599635,3.2623122628708288
SO-838a,TIO,764.901485287498,132.01702319437254,0.0,1296.9825516599635,61.41867451180109
SO-838h,LES,654.8082246732296,64.21971933619741,0.0,1296.9825516599635,62.36175273696854
SO-838d,MAG,766.601330251903,71.16558521972793,0.0,1296.9825516599635,90.33377802526098
SO-838d,FEO,636.3500685539368,59.07402354542479,0.0,1296.9825516599635,74.9853979776188
SO-838d,SIO,464.904447356405,43.158282880230644,0.0,1296.9825516599635,54.782810168944216
SO-838d,CLI,70.88892289150346,6.58080215111587,0.0,1296.9825516599635,8.35331739227049
SO-838j,BRM,37.92292763374446,3.5596546415041703,0.0,1296.9825516599635,4.305285162348674
EW-274b,HE,770.1305649829791,142.74765693321402,0.0,1296.9825516599635,55.674064831996475
EW-274b,O,1228.7104714332343,227.74779864798046,0.0,1296.9825516599635,88.82559601804498
EW-274c,SIO,42.71643134124464,7.372578319727428,0.0,1296.9825516599635,3.4299666601738847
EW-274g,H,675.0789461592877,66.20775185553012,0.0,1296.9825516599635,64.29226868573257
EW-274d,HAL,118.1854055967316,13.942800906339343,0.0,1296.9825516599635,11.38821545021609
EW-274f,HE,551.8962587374355,54.12672215059991,0.0,1296.9825516599635,52.560760123343385
KI-840a,N,260.4293145520322,45.153964753779164,0.0,1296.9825516599635,21.85386940225632
KI-840a,BRM,532.7270103401963,85.74708473354005,0.0,1296.9825516599635,48.9437205063039
KI-840a,CLI,92.96460300869494,14.9634682242148,0.0,1296.9825516599635,8.541022809659001
KI-840b,CUO,1198.4292796701493,192.89770369519758,0.0,1296.9825516599635,110.10439976244079
KI-840b,H,851.6206503292286,147.6563761445281,0.0,1296.9825516599635,71.46356202093813
KI-840b,HE,875.5988837686411,151.81378948888795,0.0,1296.9825516599635,73.47569027532879
KI-840e,AMM,882.1242130838648,104.06769106209948,0.0,1296.9825516599635,85.00051712585733
KI-840f,MAG,1261.5510063855693,148.83017430463906,0.0,1296.9825516599635,121.56166482330124
KI-840f,H,633.6535132085168,78.34736899715543,0.0,1296.9825516599635,63.052362650220786
SE-648e,AMM,1937.7606161850458,190.00373439081,0.0,1296.9825516599635,161.98969322142685
KW-688e,HE,83.47633898322871,8.186865800886128,0.0,1296.9825516599635,7.950008284726883
KW-688b,TAI,1517.2280204809554,261.8636917611696,0.0,1296.9825516599635,121.82762844953672
KW-688b,BRM,76.68139817977048,13.234710765753995,0.0,1296.9825516599635,6.157224069375351
WU-882h,LES,815.175815628532,89.48893801126158,0.0,1296.9825516599635,71.32569555751681
WU-882h,F,614.9274480562591,67.50593335267214,0.0,1296.9825516599635,53.80450095443963
EZ-476b,N,153.8526874365094,12.740983113026447,0.0,1296.9825516599635,31.219206450806997
EZ-476b,LST,326.9160527086448,24.710509161699214,0.0,1296.9825516599635,70.02161471512736
EZ-476b,MGS,29.63260102936371,2.2398308469534096,0.0,1296.9825516599635,6.346958355496881
EZ-476b,GAL,40.09351667721318,3.030537053682033,0.0,1296.9825516599635,8.58756477109549
EZ-476b,FEO,15.304385455421302,1.1568081587826045,0.0,1296.9825516599635,3.278021293027106
EZ-476e,LST,39.51905461162162,4.662219566574216,0.0,1296.9825516599635,3.8080125547959267
EZ-476e,GAL,654.981416101532,77.27075467521531,0.0,1296.9825516599635,63.113287506102694
EZ-476d,SIO,38.064838819494966,4.490659963575001,0.0,1296.9825516599635,3.667885923523419
EZ-476c,TAI,2223.0970013415995,360.5310712616012,0.0,1296.9825516599635,210.4738673277635
EZ-476c,ALO,115.52606657035162,18.735456219009983,0.0,1296.9825516599635,10.937542533480435
EZ-476c,HE,758.1027960121942,132.54153562798916,0.0,1296.9825516599635,64.9657727600805
CH-771c,TCO,169.68778762101215,15.752556425544048,0.0,1296.9825516599635,19.995450484696164
CH-771d,NE,1463.7411486463013,180.9826119461189,0.0,1296.9825516599635,145.65111027819177
CH-771d,SIO,704.0316569839425,83.05740607754674,0.0,1296.9825516599635,67.8397146671678
CH-771d,BRM,63.01987351167065,7.434704353548471,0.0,1296.9825516599635,6.072525567540286
UB-808d,GAL,82.61456471767592,7.669323824254995,0.0,1296.9825516599635,9.735028438325054
UB-808d,HE,139.3747671027511,12.703094054361014,0.0,1296.9825516599635,17.673557703344827
KI-446a,HE,1043.8544569770881,194.26628013237934,0.0,1296.9825516599635,71.37920132578091
KI-446a,H2O,62.96485906069967,11.718059799451666,0.0,1296.9825516599635,4.3055632145868685
KI-446a,AUO,187.2041762720341,32.46639340747739,0.0,1296.9825516599635,14.127210921936236
KI-446c,H2O,82.88782513146559,9.778605383061407,0.0,1296.9825516599635,7.9869794923568
KI-446d,GAL,883.1088841106391,104.18385660737334,0.0,1296.9825516599635,85.0953989409501
KI-446d,AMM,800.0388431467984,94.38375450007631,0.0,1296.9825516599635,77.09086133177631
KI-446j,BER,980.341402356479,92.02023791147853,0.0,1296.9825516599635,111.2954499284448
KI-446e,HE,585.3093171520737,72.36990578050538,0.0,1296.9825516599635,58.24182231825051
KI-446e,TCO,150.4001366977796,17.74330046654555,0.0,1296.9825516599635,14.492391440450685
KI-446e,AMM,727.7917254698366,85.86047556609424,0.0,1296.9825516599635,70.129208684327
KI-446e,BER,2228.6350147496314,262.92090928365934,0.0,1296.9825516599635,214.74881420186284
CG-044a,GAL,94.55114150314152,16.318912279511366,0.0,1296.9825516599635,7.592096363256484
CG-044a,HE,486.4363460014339,90.16347590410663,0.0,1296.9825516599635,35.16532117449701
CG-044b,BRM,61.047094862156825,7.201967834148575,0.0,1296.9825516599635,5.882430790754487
CG-044e,AMM,619.235569465028,60.718062738632696,0.0,1296.9825516599635,51.765826537913505
FK-794f,HE,2199.6771607360733,215.73133105224645,0.0,1296.9825516599635,209.48992091147772
FK-794g,CLI,974.4787871528791,95.55081628617074,0.0,1296.9825516599635,81.46285896369393
FK-794g,GAL,121.80984839410989,11.943852035771343,0.0,1296.9825516599635,10.182857370461742
FK-794e,TAI,162.35198451175012,19.153307342535545,0.0,1296.9825516599635,15.644058325599953
FK-794e,BRM,62.44609780399375,7.3670137582787785,0.0,1296.9825516599635,6.0172371726142595
FK-794e,FEO,729.1357257939432,86.01903261332404,0.0,1296.9825516599635,70.2587150745518
FK-794e,LST,646.4831806705877,76.26818414571049,0.0,1296.9825516599635,62.29440690451232
IY-028e,AMM,94.52594663443215,9.26857667936699,0.0,1296.9825516599635,7.902023071829425
IY-028a,TAI,811.0997303603202,131.54021372451484,0.0,1296.9825516599635,76.79165458566095
IY-028a,BRM,985.1977346666564,159.774582246982,0.0,1296.9825516599635,93.27455220024405
IY-028d,TAI,750.4906630293982,88.53835923185159,0.0,1296.9825516599635,72.31645329472616
IY-028d,SIO,1381.9666283563902,163.03608267949346,0.0,1296.9825516599635,133.1647814657626
WU-070i,N,88.72948600842409,8.700214851805907,0.0,1296.9825516599635,7.417460184786281
WU-070h,H,48.682297795053685,4.774471949553913,0.0,1296.9825516599635,4.636339776088833
WU-070f,HE,1373.9022649305264,134.74421139599275,0.0,1296.9825516599635,130.8458722752224
WU-070d,SIO,2489.348091865916,293.6782647249472,0.0,1296.9825516599635,239.8708390229306
WU-070d,LST,55.13778922241666,6.50482361728358,0.0,1296.9825516599635,5.313016611002338
WU-070d,FEO,543.259088702935,64.09042873017682,0.0,1296.9825516599635,52.34784714914217
WU-070g,HE,1591.522546092074,156.08712196348478,0.0,1296.9825516599635,151.571302489723
YI-280a,TAI,169.44577956604016,27.47989331587177,0.0,1296.9825516599635,16.042443719779058
YI-280g,O,79.84784167265742,7.831004236970495,0.0,1296.9825516599635,7.604442295231984
YI-280c,BRM,1132.975984302556,195.54428861138763,0.0,1296.9825516599635,90.97365418686749
YI-280c,SIO,65.63098103471717,11.327480613105424,0.0,1296.9825516599635,5.269917681682096
YI-280c,LIO,87.79703508406932,15.153197424808504,0.0,1296.9825516599635,7.04976735520763
YI-280c,MAG,128.72423542980727,22.216966107769295,0.0,1296.9825516599635,10.336065584540195
YI-280c,LST,2520.5974439492334,435.0387306365986,0.0,1296.9825516599635,202.3943696841009
YI-280h,H,47.34188517444393,5.197130418357068,0.0,1296.9825516599635,4.142287865186169
QQ-786b,TAI,592.6835708149732,71.3180021631053,0.0,1296.9825516599635,90.34346891433712
QQ-786b,BOR,100.4089438521096,12.082273961117465,0.0,1296.9825516599635,15.30545597063024
QQ-786b,HE,88.57412381231939,11.63957881145669,0.0,1296.9825516599635,12.48979443223016
AM-001h,HE,976.5252455293889,95.7718226949639,0.0,1296.9825516599635,93.00100946884294
AM-001a,TCO,162.5650443325175,26.36400910420116,0.0,1296.9825516599635,15.391003430046332
AM-001c,GAL,964.1455244840771,89.50412395494342,0.0,1296.9825516599635,113.61173579515483
AM-001c,BER,100.8521580298797,9.362366804803827,0.0,1296.9825516599635,11.884086417963896
AM-001c,LIO,652.4190183284107,60.56574573457243,0.0,1296.9825516599635,76.87891013934362
AM-001b,BOR,730.3970187218691,68.55908285732194,0.0,1296.9825516599635,82.91995485414164
AM-001b,SIO,37.642018112684895,3.53328692827961,0.0,1296.9825516599635,4.273394280804392
AM-001d,LIO,550.6458096246544,64.96186948584548,0.0,1296.9825516599635,53.05962343744461
AM-001d,BOR,151.11139372748966,17.827210278492377,0.0,1296.9825516599635,14.560927384071823
AM-001d,SCR,1029.3815462379582,121.44022253330165,0.0,1296.9825516599635,99.19007148001562
AM-001d,GAL,710.718722375471,83.84630569616708,0.0,1296.9825516599635,68.48407291955861
AM-001e,CLI,84.8222422713531,10.00681624306634,0.0,1296.9825516599635,8.173377796347044
AM-001e,BER,716.267618038167,84.50093091900561,0.0,1296.9825516599635,69.01875839107254
AM-001f,AMM,585.6755237633145,57.427391044517236,0.0,1296.9825516599635,48.96032958317588
AM-001i,HAL,247.89663262886188,29.245348667583297,0.0,1296.9825516599635,23.88704635319726
AM-001i,N,112.35435006699481,13.254888165215094,0.0,1296.9825516599635,10.826341364837035
WU-974a,BRM,70.1721266830962,12.111252826811805,0.0,1296.9825516599635,5.634554372619677
WU-974a,BOR,1546.899345624333,266.98476956661904,0.0,1296.9825516599635,124.21012279209899
WU-974a,AMM,2164.2431758636926,468.79742629839194,0.0,1296.9825516599635,115.81525928828142
WU-974e,HE,92.01550337994576,9.024336559895731,0.0,1296.9825516599635,8.763249839464743
WU-974d,BRM,361.24918221583806,43.469350640617215,0.0,1296.9825516599635,55.06564695047856
WU-974b,HAL,191.6360399569724,33.23500142033726,0.0,1296.9825516599635,14.461657910786588
WU-974b,SIO,1037.421674160695,179.91767530763406,0.0,1296.9825516599635,78.28818297599986
WU-974b,BRM,55.37790527870196,9.604063833745476,0.0,1296.9825516599635,4.17904858677076
EW-604a,O,27.72520858673982,3.9093392507170357,0.0,1296.9825516599635,2.3273055352568903
EW-604d,BRM,49.68448893569474,4.663659497990228,0.0,1296.9825516599635,5.6405427101937775
EW-604d,SIO,506.1254855765552,47.50772280336856,0.0,1296.9825516599635,57.45902754091005
EW-604b,HE,808.3311060317101,74.0155769388648,0.0,1296.9825516599635,99.38112111755149
EW-604b,H2O,133.42461919950483,12.523968866840054,0.0,1296.9825516599635,15.147328256917381
EW-604b,BRM,723.1601182998331,67.87978756592989,0.0,1296.9825516599635,82.09836955067304
EW-604e,BRM,585.8567320679203,69.11584161866688,0.0,1296.9825516599635,56.452509123795814
EW-604e,HE,525.2270122679699,64.94109742888907,0.0,1296.9825516599635,52.263269059338796
EW-604e,TAI,532.1086667968387,62.77496924621254,0.0,1296.9825516599635,51.273404781353356
WU-504a,H,532.0800722754476,65.7884362504586,0.0,1296.9825516599635,52.945190039571756
WU-504a,HE,124.15641428554295,15.351178839265986,0.0,1296.9825516599635,12.35431524595213
WU-504c,O,491.2239949401214,69.26408644701402,0.0,1296.9825516599635,41.23425506064257
WU-504c,H2O,45.1326004377779,5.324471825535653,0.0,1296.9825516599635,4.348927644820349
WU-504c,MAG,157.94230651753503,18.633080145074313,0.0,1296.9825516599635,15.219146613272699
WU-504b,LST,730.8469059463084,86.22090732077073,0.0,1296.9825516599635,70.4236025084179
EW-238c,FEO,20.671342727218303,1.6231723306494734,0.0,1296.9825516599635,4.141784369523849
EW-238c,HAL,49.10651113792679,3.8559822255213088,0.0,1296.9825516599635,9.839156699052198
EW-238c,GAL,595.0560921126212,46.72548835590745,0.0,1296.9825516599635,119.2275728686374
EW-238b,O,655.5416815209944,121.508018658173,0.0,1296.9825516599635,47.39023710594118
EW-238b,GAL,654.7294655717651,113.00204889775964,0.0,1296.9825516599635,52.57228115346552
EW-238a,HE,639.0392239467524,118.44920336181492,0.0,1296.9825516599635,46.19724602799854
EW-238a,H,224.48635273750335,41.609698827457684,0.0,1296.9825516599635,16.228505041197025
EW-238a,BOR,658.3003171306561,113.6183546601894,0.0,1296.9825516599635,52.85900692644927
EW-238a,FEO,851.1003161402031,146.8943809599051,0.0,1296.9825516599635,68.34011215739567
EW-238d,HE,420.1369233700308,51.94735273845079,0.0,1296.9825516599635,41.8061686755896
WU-013a,BOR,131.40463880011492,21.15072913306626,0.0,1296.9825516599635,12.072659710941949
WU-013a,SIO,66.55867866246857,10.713203100737402,0.0,1296.9825516599635,6.115006940692668
WU-013e,H,201.07554097498777,24.86175690133973,0.0,1296.9825516599635,20.008234256364336
WU-013e,O,97.76141090467941,12.087598623178444,0.0,1296.9825516599635,9.727852533077764
WU-013e,SIO,1160.7175094630907,136.93444686535378,0.0,1296.9825516599635,111.84546017219462
WU-013d,LIO,944.911891618977,111.47500245360449,0.0,1296.9825516599635,91.05066864132111
WU-013d,LES,229.70248627161348,28.401303040773932,0.0,1296.9825516599635,22.856788708893514
WU-013d,MAG,114.0200292125482,13.451394938475545,0.0,1296.9825516599635,10.986844371826063
WU-013c,FEO,43.41723678089286,7.52975237019133,0.0,1296.9825516599635,3.2764464653823535
WU-013c,ALO,1440.3282402715258,249.79284231673762,0.0,1296.9825516599635,108.69319933102796
WU-013c,TIO,1100.3589186569907,190.83273810425703,0.0,1296.9825516599635,83.03769094932954
WU-013f,O,85.36979484256933,8.372564757130935,0.0,1296.9825516599635,8.130334709578204
WU-013b,O,243.5674426947036,40.09400438621436,0.0,1296.9825516599635,17.052530759825324
WU-882a,BRM,145.04169599956862,25.033253710743107,0.0,1296.9825516599635,11.646295488482181
WU-882a,LIO,279.4201401604105,48.22609948347376,0.0,1296.9825516599635,22.436372488025274
WU-882a,SCR,102.20257132630638,17.639499319625692,0.0,1296.9825516599635,8.206477021286213
WU-882a,HE,528.8628886923389,98.02745356747533,0.0,1296.9825516599635,38.23240901099018
WU-882i,AR,398.51478274668557,39.075671318413164,0.0,1296.9825516599635,33.3143768441491
WU-882i,H,37.81001712005519,3.7081829397584145,0.0,1296.9825516599635,3.6009000036584715
WU-882f,AMM,56.12637563708833,5.5033737809488965,0.0,1296.9825516599635,4.691959520253909
WU-882j,LST,842.0619318056125,99.34138489175555,0.0,1296.9825516599635,81.14015984806743
WU-882g,H,1920.0564344434345,188.30778338367804,0.0,1296.9825516599635,182.8597749601268
WU-882e,GAL,1282.1087268480474,151.25545009947402,0.0,1296.9825516599635,123.54258411371565
WU-882e,SIO,64.24270461258838,7.578966587079674,0.0,1296.9825516599635,6.190356224939673
WU-882d,MAG,439.16790433851804,41.22271582448259,0.0,1296.9825516599635,49.857518401242025
WU-882d,GAL,74.84840054661557,7.025682694862555,0.0,1296.9825516599635,8.49733204701571
WU-882b,LIO,98.31646599129088,11.830484729978632,0.0,1296.9825516599635,14.986497055820319
WU-882b,AMM,329.7761726593789,50.24998948700377,0.0,1296.9825516599635,37.847352815085465
WU-882b,HE,198.8565060780897,26.131852905158656,0.0,1296.9825516599635,28.04065990750929
JK-782a,BOR,255.42247820059148,44.08425905500427,0.0,1296.9825516599635,20.509451678869876
JK-782a,SIO,49.91930311794855,8.615747157416116,0.0,1296.9825516599635,4.008329816361688
JK-782d,N,511.6600712365154,46.63445287759133,0.0,1296.9825516599635,64.88157061334802
JK-782d,SCR,826.8971269598711,76.7630000554187,0.0,1296.9825516599635,97.43883628792283
JK-782d,TIO,78.97396995041129,7.331357991251378,0.0,1296.9825516599635,9.30603273141969
JK-782d,AMM,664.4940318035448,60.56426396277989,0.0,1296.9825516599635,84.26183489835148
JK-782h,N,128.68074520658885,14.12640440290353,0.0,1296.9825516599635,11.259219766772354
JK-782b,MGS,608.0871627354145,98.61662179793443,0.0,1296.9825516599635,57.57124261156945
JK-782b,HE,171.83894839896186,30.043152750924367,0.0,1296.9825516599635,14.725773512169699
JK-782f,AMM,645.6394976472942,63.30705382211036,0.0,1296.9825516599635,53.9730982671256
XH-400d,BRM,537.2830580186201,63.38541269523685,0.0,1296.9825516599635,51.77200341762171
XH-400b,N,1455.5122549754064,205.231681863574,0.0,1296.9825516599635,122.17840370941734
XH-400b,LST,653.2746984915777,77.06940643159093,0.0,1296.9825516599635,62.94883007790587
XH-400c,H2O,2201.1097117044087,259.67364014489857,0.0,1296.9825516599635,212.09650633162482
XH-400c,SIO,56.49180838615833,6.664562626750079,0.0,1296.9825516599635,5.443488405574222
XH-400c,TAI,114.00202108556667,13.449270448332863,0.0,1296.9825516599635,10.98510912855398
XH-400a,AMM,575.8710016005019,52.730154892927025,0.0,1296.9825516599635,70.80106818987129
QQ-645d,BRM,1136.3341742075704,134.0578481247251,0.0,1296.9825516599635,109.49590885591607
QQ-645d,H,642.6186504733565,79.45585321251464,0.0,1296.9825516599635,63.94444811056869
QQ-645c,LIO,670.1920716682827,80.64465082305449,0.0,1296.9825516599635,102.15818283969388
QQ-645c,TIO,1119.353814962834,134.69257750308265,0.0,1296.9825516599635,170.62444711802132
YI-059a,HE,900.3463140478452,156.1045683380199,0.0,1296.9825516599635,75.5523655155699
YI-059a,SIO,62.851102008748335,10.11643612006633,0.0,1296.9825516599635,5.774377327451356
YI-059a,GAL,2033.0006768055073,327.2292898872612,0.0,1296.9825516599635,186.7797483201643
YI-059a,H2O,51.388122649182634,8.909816787927216,0.0,1296.9825516599635,4.312223157881072
YI-059c,SIO,1236.2625639897585,213.37088072619795,0.0,1296.9825516599635,99.26717294877854
YI-059e,FEO,55.59992974604525,6.559344167254793,0.0,1296.9825516599635,5.35754796260861
YI-059e,N,112.22912200360756,13.876442330952477,0.0,1296.9825516599635,11.167477419412224
YI-059d,FEO,2731.1674892150218,471.3817513844865,0.0,1296.9825516599635,219.3023419143467
YI-059d,SIO,867.1082794389955,149.6572513461706,0.0,1296.9825516599635,69.62549060985852
YI-059d,HE,1043.8274138489924,193.47877404773973,0.0,1296.9825516599635,75.46008138675603
XD-311a,HAL,91.32363832320979,14.699340565583064,0.0,1296.9825516599635,8.390260945949839
XD-311a,GAL,901.3806967187486,145.08512892815867,0.0,1296.9825516599635,82.81338102569102
XD-311a,AMM,401.4673178763299,69.60752921522675,0.0,1296.9825516599635,33.689042837727555
QF-564e,H,35.95170400136857,3.525930575746976,0.0,1296.9825516599635,3.423920456290642
XV-158a,SIO,38.68210422169421,4.654642929890638,0.0,1296.9825516599635,5.896359629959718
XV-158a,LIO,67.82821656616976,8.161813713064479,0.0,1296.9825516599635,10.339136558880085
XV-158e,HE,371.81835421461403,45.973058130873575,0.0,1296.9825516599635,36.9981783754955
XV-158h,F,361.378975762165,35.44191340759364,0.0,1296.9825516599635,34.41652911746089
XV-158h,HE,823.1997788860032,80.73456741332252,0.0,1296.9825516599635,78.39880308411598
XV-158j,SIO,55.12248574913928,6.503018205862392,0.0,1296.9825516599635,5.3115419851808205
XV-158j,TAI,933.7293934797904,110.15575880923946,0.0,1296.9825516599635,89.97313544305776
GC-231c,GAL,67.41344398448412,7.953031282843229,0.0,1296.9825516599635,6.495885176854782
GC-231d,SIO,48.27887100718107,5.695649839649744,0.0,1296.9825516599635,4.652098809890397
GC-231d,TAI,109.82078091796463,12.955992967038876,0.0,1296.9825516599635,10.582209433474652
GC-231a,AMM,343.95479504555124,60.13471650777867,0.0,1296.9825516599635,29.475275875792864
GC-231a,FEO,44.76422346119449,7.259644284040964,0.0,1296.9825516599635,4.238096324234156
GC-231a,HE,1242.516349833697,217.23310600636947,0.0,1296.9825516599635,106.47769043801581
GC-231e,CLI,35.95593247012579,3.3378822542829347,0.0,1296.9825516599635,4.23692875849866
GC-231e,FEO,1340.2466479758318,124.41856448466805,0.0,1296.9825516599635,157.93025451386282
GC-231b,GAL,329.41903537685357,38.86286975813234,0.0,1296.9825516599635,31.74245524929443
GC-231b,HE,526.6179466420394,65.11307792987965,0.0,1296.9825516599635,52.401675454550606
GC-231b,SIO,568.1654749707305,67.02873387263394,0.0,1296.9825516599635,54.74779908459335
GC-231b,H2O,976.9301175432106,115.25231951895394,0.0,1296.9825516599635,94.13590960925455
HM-301a,TAI,213.15994472404296,36.790020555611925,0.0,1296.9825516599635,17.11593128759413
HM-301a,HAL,153.57207221176483,26.505541182951323,0.0,1296.9825516599635,12.331252192211377
HM-301a,MAG,805.9949619304585,139.10949008515396,0.0,1296.9825516599635,64.71832409418313
HM-301d,HE,290.90319957715826,35.968395731477216,0.0,1296.9825516599635,28.94663038002075
HM-301d,CLI,88.13231556542715,10.397318714091762,0.0,1296.9825516599635,8.4923328114658
HM-301d,LIO,119.75863012679456,14.128400442025532,0.0,1296.9825516599635,11.539809632335794
HM-301d,BRM,120.5531212044061,14.222129704628381,0.0,1296.9825516599635,11.616365917093889
HM-301f,TAI,122.970184173924,14.507280206857613,0.0,1296.9825516599635,11.849271441381147
HM-301f,HE,262.528747617835,32.46006884397583,0.0,1296.9825516599635,26.123200543923904
HM-301e,H2O,543.9753869475878,64.174933274239,0.0,1296.9825516599635,52.41686885868007
CB-282c,AMM,1124.6667881313833,132.68140032783933,0.0,1296.9825516599635,108.37165239036018
CB-282c,SIO,56.269687321571375,6.63835812404517,0.0,1296.9825516599635,5.422085064554443
CB-282c,MGS,1062.174367451515,125.30892167622228,0.0,1296.9825516599635,102.34995159647161
CB-282e,HE,903.6969306559699,88.62925214580325,0.0,1296.9825516599635,86.06508350876094
CB-282a,AMM,798.1545490549029,66.94546133480513,0.0,1296.9825516599635,154.21104193051696
CB-282a,GAL,260.9830920876583,20.49313097045419,0.0,1296.9825516599635,52.291508383506226
YP-888a,BER,89.5928670865105,8.409679449072474,0.0,1296.9825516599635,10.17123058233004
YP-888a,BRM,526.372374943335,49.40820723870916,0.0,1296.9825516599635,59.757600932088536
YP-888h,AMM,52.37135186468648,5.135181480247041,0.0,1296.9825516599635,4.378053280313869
YP-888b,SIO,32.98349947144297,3.8911942130475397,0.0,1296.9825516599635,3.178253663270154
YP-888b,LIO,605.0535045982957,71.38056098975909,0.0,1296.9825516599635,58.30228897115414
YP-888b,TAI,180.92576034435984,21.344529322994834,0.0,1296.9825516599635,17.433806897665825
YP-888d,AMM,687.0772290865204,63.78315712421749,0.0,1296.9825516599635,80.96291964184086
YP-888d,LIO,48.543016571677946,4.506373842997692,0.0,1296.9825516599635,5.720149327449768
YP-888e,HEX,38.42929733009296,5.418648518368947,0.0,1296.9825516599635,3.225826637608534
YP-888e,MGS,554.1279068730536,65.37266630484196,0.0,1296.9825516599635,53.395154491242266
YP-888e,GAL,523.8035273252625,61.7951790126647,0.0,1296.9825516599635,50.47313069362776
YP-888c,TS,95.67658910107832,8.980731070295612,0.0,1296.9825516599635,10.86189872836913
YP-888j,HE,178.25810644770826,22.040521123090485,0.0,1296.9825516599635,17.73776131401948
YP-888j,BER,672.7090613356653,79.36215527404335,0.0,1296.9825516599635,64.82150386608353
YP-888j,BRM,89.46842902889344,10.554945317100222,0.0,1296.9825516599635,8.621079232490134
YP-888i,HE,78.86759052361538,7.734866999687197,0.0,1296.9825516599635,7.51108644313163
YP-888i,AMM,56.56853059915067,5.546728513865633,0.0,1296.9825516599635,4.728922056318772
IY-816a,HE,623.8950073293403,115.64214500506421,0.0,1296.9825516599635,45.10244452793571
IY-816f,AMM,85.9613876684826,8.42879380146722,0.0,1296.9825516599635,7.186057297789508
IY-816g,AMM,91.8166827169467,9.002924535612536,0.0,1296.9825516599635,7.675538527152602
IY-816h,H,42.96534139198566,4.716679149142217,0.0,1296.9825516599635,3.7593520328944887
YK-715a,CLI,1086.3096194755965,187.4899774533407,0.0,1296.9825516599635,87.22652291952694
YK-715b,GAL,1732.1397642218349,298.9560614374015,0.0,1296.9825516599635,139.08422252272436
YK-715b,FEO,55.829700987765875,9.635843402064364,0.0,1296.9825516599635,4.482912242966745
YK-715e,HE,219.9625169754853,27.197015598886736,0.0,1296.9825516599635,21.887602768217764
CG-281b,LIO,1977.128299218614,183.5419362266737,0.0,1296.9825516599635,232.97829244620294
CG-281b,FEO,751.1478176220039,69.73099565327641,0.0,1296.9825516599635,88.51278695137233
CG-021a,BRM,681.5705834830123,117.63465133612485,0.0,1296.9825516599635,54.727520640161174
CG-021a,H,331.49213724618176,61.44377075167985,0.0,1296.9825516599635,23.96413748459508
CG-021a,SIO,1721.0300135886926,297.0385907104778,0.0,1296.9825516599635,138.19215188203557
CG-021c,HE,408.68757221932776,71.45215490427124,0.0,1296.9825516599635,35.02256433604126
CG-021d,FEO,1078.4464063941707,186.13283799980346,0.0,1296.9825516599635,86.59513687288658
CG-021d,SIO,63.65420428670032,10.986301798823288,0.0,1296.9825516599635,5.111190041581739
CG-021d,HE,253.8802913192963,47.05801636135855,0.0,1296.9825516599635,18.35344348239061
CG-021g,N,107.56648223334155,11.808508147714054,0.0,1296.9825516599635,9.411778437088143
FK-037a,FEO,47.300782065385555,8.163807448603512,0.0,1296.9825516599635,3.7980725540565734
FK-037d,LIO,75.07229572776619,8.85657639053718,0.0,1296.9825516599635,7.2338836912514815
FK-037d,TIO,97.7091341579976,11.527133975782847,0.0,1296.9825516599635,9.415144497977822
FK-037g,N,42.1783732029192,4.6302868075908385,0.0,1296.9825516599635,3.6904944289387998
FK-037g,AMM,83.17048847848797,8.856767191815223,0.0,1296.9825516599635,6.510799209601643
FK-037e,HE,159.50044678889324,15.642860826759533,0.0,1296.9825516599635,15.190290911585157
IY-964b,LES,364.2873437550802,47.871218648890846,0.0,1296.9825516599635,51.367982452808576
IY-964b,SIO,366.50258826178515,44.10149643003627,0.0,1296.9825516599635,55.86642994696655
IY-964b,CLI,1005.1630034066756,120.95192237682262,0.0,1296.9825516599635,153.218204491891
IY-964a,GAL,1942.3456672311113,335.23623359936204,0.0,1296.9825516599635,155.96295551738368
IY-964c,FEO,384.30039712887145,46.243118424950055,0.0,1296.9825516599635,58.57937133981795
IY-964d,HE,668.2164393081621,65.53471775590201,0.0,1296.9825516599635,63.63870640706811
IY-964d,AMM,350.88652800687646,38.81945818260459,0.0,1296.9825516599635,29.054155637494244
SO-953a,SIO,1411.7902465951388,243.66581751411547,0.0,1296.9825516599635,113.36137699088277
SO-953a,FEO,49.66517754473658,8.571886735730049,0.0,1296.9825516599635,3.987924501211378
SO-953a,CLI,130.89652636267098,22.591889399179827,0.0,1296.9825516599635,10.510492268651477
SO-953a,GAL,63.4856910788851,10.957217514778081,0.0,1296.9825516599635,5.097659073135714
SO-953b,GAL,71.91638852457535,12.412301079969609,0.0,1296.9825516599635,5.774611951753409
SO-953b,FEO,56.086290546830824,9.680129091688537,0.0,1296.9825516599635,4.503515406791708
SO-953b,SIO,1073.5099019209706,185.28082942344074,0.0,1296.9825516599635,86.19875437488221
SO-953b,AMM,887.528852834903,164.50803274585752,0.0,1296.9825516599635,64.16098923964914
SO-953b,N,187.4591240449473,34.74651175383535,0.0,1296.9825516599635,13.55174291213637
SO-953e,TAI,1285.489780980388,151.6543264614306,0.0,1296.9825516599635,123.86837876419324
SO-953e,BRM,59.25802056908763,6.990903646070825,0.0,1296.9825516599635,5.7100375633247324
SO-953e,H,116.00000673708878,14.34268909121083,0.0,1296.9825516599635,11.542703290920016
SO-953c,TCO,1102.6862222004202,177.48701885632983,0.0,1296.9825516599635,101.30810944063987
SO-953d,SIO,886.2509784931899,106.64316055584295,0.0,1296.9825516599635,135.09230164032346
SO-953d,HE,672.6670791324732,88.39558490044939,0.0,1296.9825516599635,94.85246004233989
SO-953d,TAI,73.10041510711139,8.796220815711461,0.0,1296.9825516599635,11.142784117962618
SO-953d,NE,1343.910134026222,176.60403792036024,0.0,1296.9825516599635,189.50411911434378
SO-953f,F,219.09676241837286,21.487715119948255,0.0,1296.9825516599635,20.866045368051566
SO-953g,HE,134.2966542558443,13.171021864309298,0.0,1296.9825516599635,12.789965719023304
SO-953i,AMM,64.93246290329346,6.36683929468424,0.0,1296.9825516599635,5.428116175941383
SO-953i,HE,1250.2731658115467,122.61940027107165,0.0,1296.9825516599635,119.07184895076068
SO-953j,GAL,1406.9949252321085,165.98877009974586,0.0,1296.9825516599635,135.5764805730552
SO-953j,MGS,545.7559611633594,64.38499467449492,0.0,1296.9825516599635,52.58844302802802
SO-953j,HAL,142.44570267028382,16.804884344791752,0.0,1296.9825516599635,13.725910942860745
YA-424a,MAG,623.8592691655987,48.987195330831305,0.0,1296.9825516599635,124.9986807296459
YA-424a,HE,861.2896775777253,72.24093989894703,0.0,1296.9825516599635,166.40934859111312
YA-424a,LIO,26.90633259234808,2.1127613798229827,0.0,1296.9825516599635,5.3910493015754675
GC-645d,SIO,39.091360563040055,3.669330185022929,0.0,1296.9825516599635,4.437934123480563
GC-645d,BRM,523.5047158721444,49.13903298028687,0.0,1296.9825516599635,59.43204352341195
GC-645a,HE,2105.6039750140485,368.1294749746196,0.0,1296.9825516599635,180.44015941247704
GC-645a,LST,63.736626367343845,10.3364964142147,0.0,1296.9825516599635,6.034326992418195
GC-645a,GAL,166.9359790083386,27.072866054724344,0.0,1296.9825516599635,15.804825914851047
GC-032b,FEO,41.98869246110442,7.246975320561059,0.0,1296.9825516599635,3.3715320012424606
GC-032b,HAL,173.61204643266305,29.96431043941388,0.0,1296.9825516599635,13.940385757216298
GC-032b,LIO,1193.466390622857,205.98453945130152,0.0,1296.9825516599635,95.83080330781179
GC-032b,TAI,1023.5577340687626,176.6594100265683,0.0,1296.9825516599635,82.18778564559481
KC-544e,SIO,42.89637831778268,5.060655835363109,0.0,1296.9825516599635,4.133447745517548
KC-544e,ALO,59.05674323096832,6.967158160423206,0.0,1296.9825516599635,5.690642700818867
GC-645c,CUO,57.328796396902504,5.381196255652374,0.0,1296.9825516599635,6.508379808822323
IY-206d,TAI,97.28841081660052,9.13202552483636,0.0,1296.9825516599635,11.044884392957279
IA-603a,SIO,903.5311502607025,155.9436020391198,0.0,1296.9825516599635,72.55010834274601
IA-603a,AR,1111.293137739744,205.98389259075037,0.0,1296.9825516599635,80.33729475370542
IA-603c,BOR,827.7723461669725,97.65558581540026,0.0,1296.9825516599635,79.76323112217705
IA-603b,N,477.5588611328782,59.047223018751836,0.0,1296.9825516599635,47.51999929189682
IA-603b,MGS,56.36072429218631,6.649098116432484,0.0,1296.9825516599635,5.430857286725729
IA-603b,HAL,126.81162440841781,14.960470142727582,0.0,1296.9825516599635,12.219428389344898
YI-683f,HE,255.24498993040808,25.032919559740353,0.0,1296.9825516599635,24.30868206845369
YI-683a,SCR,973.9016998386246,168.08910136749083,0.0,1296.9825516599635,78.20059531770393
YI-683a,MGS,1262.7095515825456,217.93545883411727,0.0,1296.9825516599635,101.39076527278677
CG-339a,BOR,237.82694950506865,41.04738520315002,0.0,1296.9825516599635,19.096597774674386
CG-339a,FEO,981.3246769675098,169.3702589579052,0.0,1296.9825516599635,78.79663209493177
CG-339a,SIO,53.36625878062114,9.21066929369355,0.0,1296.9825516599635,4.285107221000566
CG-339c,LST,33.322360222603166,4.0097014249401015,0.0,1296.9825516599635,5.079367411489987
CG-339c,AMM,709.010057615907,108.0361496528697,0.0,1296.9825516599635,81.37080852032909
CG-339f,HE3,359.66888687419726,35.27419799980378,0.0,1296.9825516599635,34.253665951771595
CG-339d,CLI,905.5785111596288,85.00258159466159,0.0,1296.9825516599635,102.807825521576
CG-339b,AMM,236.46339899997307,43.82970588689188,0.0,1296.9825516599635,17.09434634192153
CG-339b,H2O,500.5785358762634,108.43048133228322,0.0,1296.9825516599635,26.787485608460603
OF-552d,TIO,476.9047976625529,44.76490826210756,0.0,1296.9825516599635,54.14168360257356
OF-552d,TCO,1662.1781414267298,156.02118573966806,0.0,1296.9825516599635,188.70249044530868
OF-552d,H2O,896.1589277839578,84.1184076720131,0.0,1296.9825516599635,101.73844625491053
OF-552g,HE3,550.5568640601817,53.995362239388406,0.0,1296.9825516599635,52.43320063869918
OF-552c,SIO,28.35166349073352,2.6612431274781576,0.0,1296.9825516599635,3.218685997384465
OF-552c,BER,183.06367313480843,17.18336358570798,0.0,1296.9825516599635,20.78271285709063
OF-552c,ALO,884.1618800177168,82.99229876033068,0.0,1296.9825516599635,100.37645457961521
OF-552c,HE,593.1522260393073,54.31252601226634,0.0,1296.9825516599635,72.92572657082084
OF-552f,SIO,56.12560217711984,6.621359828253017,0.0,1296.9825516599635,5.408201178808106
OF-552f,GAL,382.30480029690716,45.1020131391334,0.0,1296.9825516599635,36.83846928011405
OF-552e,AMM,746.5132779868626,88.0691313479524,0.0,1296.9825516599635,71.93319685486239
OF-552e,HE,623.4541523603866,77.08628060855425,0.0,1296.9825516599635,62.03746446755239
AM-783f,N,376.30115682962594,41.63114242256436,0.0,1296.9825516599635,31.158541307356263
AM-783g,O,137.50900131659205,15.212966301848306,0.0,1296.9825516599635,11.386039665023475
AM-783g,AMM,701.11067990062,68.74618375961276,0.0,1296.9825516599635,58.61028601921068
XV-374g,H,39.31535309886095,3.8558173927523853,0.0,1296.9825516599635,3.7442631847535077
CG-281a,GAL,808.2814601077523,131.08316034688454,0.0,1296.9825516599635,76.52483211283374
CG-281a,O,1896.1592936656996,331.51159169935664,0.0,1296.9825516599635,162.49175499310405
CG-281c,MAG,239.29778398050496,28.23090839788641,0.0,1296.9825516599635,23.058470772846622
CG-281f,AMM,2459.312624873066,261.89048265631544,0.0,1296.9825516599635,192.5213015711507
CG-281f,HE,1827.9645688439396,200.67156661404303,0.0,1296.9825516599635,159.94199266910493
GK-619a,BRM,1077.3095380415514,173.40241896822337,0.0,1296.9825516599635,98.97665390573978
GK-619a,GAL,226.82146730484183,36.50890455874193,0.0,1296.9825516599635,20.838978097822714
GK-619e,H2O,565.0744367603984,66.66407183891717,0.0,1296.9825516599635,54.44995004878072
GK-619b,H2O,652.5375372289939,114.0852239223846,0.0,1296.9825516599635,55.91933651219445
GK-619d,FEO,403.60578483628694,31.692268425974877,0.0,1296.9825516599635,80.8679026391088
GK-619d,ALO,88.56825459867599,6.954629998427516,0.0,1296.9825516599635,17.745853153979834
GK-619d,MGS,308.29103485140587,24.20788451730313,0.0,1296.9825516599635,61.77029747228768
GK-619c,BOR,585.7908467410273,94.28817461228134,0.0,1296.9825516599635,53.818903343637395
GK-619c,BTS,1089.8880305162227,221.9651288734087,0.0,1296.9825516599635,69.15984981577118
GK-619c,FEO,37.821120824461346,6.087641116566532,0.0,1296.9825516599635,3.474774755057906
GK-619j,BOR,95.24509795033313,8.841848908243449,0.0,1296.9825516599635,11.223368909903186
GK-619h,HE,94.25862756025742,10.347589215784911,0.0,1296.9825516599635,8.247376877647605
GK-619h,H,1021.7488200025003,112.16625305031076,0.0,1296.9825516599635,89.40027890248365
GK-619f,HAL,99.36159145633987,11.722080915302861,0.0,1296.9825516599635,9.57437346233926
GK-619g,NE,286.88434713663435,28.13592065716168,0.0,1296.9825516599635,27.321908989718985
GK-619i,HE,724.699700464229,71.0742620712562,0.0,1296.9825516599635,69.01798393179692
FW-691a,CLI,85.33220382779619,14.727783575589326,0.0,1296.9825516599635,6.851850797889597
FW-691a,LST,44.07020962480698,7.606231649598936,0.0,1296.9825516599635,3.5386698975953785
FW-691a,LIO,75.66161290043554,13.058702456887094,0.0,1296.9825516599635,6.0753391974694555
FW-691a,AMM,1136.2459915666263,246.12261802591775,0.0,1296.9825516599635,60.80399171227296
FW-691e,HE,849.7056544994197,105.0608906355555,0.0,1296.9825516599635,84.55085935238922
FW-691b,MAG,1311.3951459962902,226.33827589040172,0.0,1296.9825516599635,105.30003298140866
FW-691b,H2O,1902.2620055865682,412.0495988202972,0.0,1296.9825516599635,101.79584709714257
FW-691d,H,1795.4286303524364,163.64152015009458,0.0,1296.9825516599635,227.67113560360397
FW-691d,GAL,89.6247214962606,8.320094818177079,0.0,1296.9825516599635,10.561082244089862
FW-691d,BRM,1108.5630208326047,102.91077384978998,0.0,1296.9825516599635,130.6294183157748
FW-691g,N,73.57772019715615,7.216067792698588,0.0,1296.9825516599635,7.007296825226479
TD-203a,HE,1071.2296514691702,185.73280050613494,0.0,1296.9825516599635,89.8920036836119
TD-203a,O,1087.116403021283,188.48729003382147,0.0,1296.9825516599635,91.22513699175416
TD-203a,SIO,606.4598340234036,97.61502939804974,0.0,1296.9825516599635,55.71784429662373
TD-203h,HE,128.42616041872148,12.595278536141665,0.0,1296.9825516599635,12.230879453273898
TD-203f,HE,550.9659633762276,54.0354842816401,0.0,1296.9825516599635,52.4721618939657
TD-203f,LES,1198.1010079798687,117.5026634817832,0.0,1296.9825516599635,114.10314653704735
TD-203e,SIO,765.8364412463485,90.34876153450018,0.0,1296.9825516599635,73.79515557360295
TD-203c,LIO,428.66713933169706,51.58179756538947,0.0,1296.9825516599635,65.34224716834787
TD-203c,TAI,526.3723980333837,63.338735321993845,0.0,1296.9825516599635,80.23557716253924
YI-552b,TCO,169.91961204967967,20.046090369017794,0.0,1296.9825516599635,16.373266576092373
YI-552b,CLI,945.9141189262821,111.59323918290362,0.0,1296.9825516599635,91.14724216025984
YI-552b,GAL,80.28133312480652,9.471107186229757,0.0,1296.9825516599635,7.735820794789828
DX-561a,HE,1830.5701187972932,179.53149460371748,0.0,1296.9825516599635,174.33739653024097
DX-561b,SIO,1128.7478963945546,133.1628648513421,0.0,1296.9825516599635,108.76490348546778
DX-561b,AMM,1061.9358737952364,125.28078563395775,0.0,1296.9825516599635,102.32697061055802
DX-561c,LST,55.86079045873198,6.590118939849706,0.0,1296.9825516599635,5.3826842134305615
DX-561c,FEO,36.971162782006395,4.3616346649795945,0.0,1296.9825516599635,3.562500505715089
DX-561c,SIO,2326.5152657717645,274.46823059438697,0.0,1296.9825516599635,224.18044733230846
DX-561e,F,175.02554153562042,17.165470332466693,0.0,1296.9825516599635,16.668849187630876
DX-561f,N,663.4135329278939,70.64644347449932,0.0,1296.9825516599635,51.93371332600944
DX-561g,AR,156.69485194353194,15.364440158609874,0.0,1296.9825516599635,13.099115950494529
DX-561g,H,95.22954189618056,9.339550455615093,0.0,1296.9825516599635,9.069344154844716
DX-561g,HE3,427.82455163144664,41.958502651088125,0.0,1296.9825516599635,40.74458428948236
EY-577a,BRM,45.441644371706815,7.369505116210964,0.0,1296.9825516599635,4.302231806742648
EY-577a,TAI,748.7283698760644,121.42512949838267,0.0,1296.9825516599635,70.88658546645784
EY-577d,AR,123.06272699581287,13.61473867801964,0.0,1296.9825516599635,10.189857227122555
EY-577c,AMM,966.7322850333362,114.04924078310276,0.0,1296.9825516599635,93.15325770599044
EY-577c,SIO,1529.949460014401,180.49420408582247,0.0,1296.9825516599635,147.4242440563034
EY-577c,BRM,595.0792301201622,70.20385628132556,0.0,1296.9825516599635,57.341178873481304
XD-055b,HE,297.06669518023733,51.506256531693595,0.0,1296.9825516599635,24.928287245219927
XD-055d,TIO,120.82715804709508,14.254458917523348,0.0,1296.9825516599635,11.642771805283571
XD-055d,MAG,156.55512921461002,18.469429338455498,0.0,1296.9825516599635,15.085479736947347
XD-055d,SCR,84.67603146910348,9.98956717499546,0.0,1296.9825516599635,8.159289084557628
XD-055d,N,159.54118958193416,19.726289194119346,0.0,1296.9825516599635,15.875314716131731
XD-055c,SIO,1141.9374838458964,134.71889278002146,0.0,1296.9825516599635,110.03583759816082
XD-055c,TAI,811.5145977426808,95.73759477140692,0.0,1296.9825516599635,78.1966523990562
EX-183a,HE,212.48640693080281,39.3854472198489,0.0,1296.9825516599635,15.361008292983357
EX-183c,LST,749.1204041538003,56.623547411285635,0.0,1296.9825516599635,160.4528743091324
EX-183c,BRM,432.58842323425597,32.69793608178003,0.0,1296.9825516599635,92.65540694916302
EX-183g,HE,84.1820241697753,8.256075231849445,0.0,1296.9825516599635,8.017215389731591
EX-183d,BOR,91.23584397369233,8.563898299442476,0.0,1296.9825516599635,10.357753207449615
OF-883a,SIO,44.972645304324324,7.761986180510184,0.0,1296.9825516599635,3.6111320438118675
OF-883a,HE,154.81377604424637,28.695528779315396,0.0,1296.9825516599635,11.191754484597098
OF-883a,FEO,1317.261342208817,227.3507432163879,0.0,1296.9825516599635,105.77106618336947
OF-883e,N,1277.304149422285,125.24382852868115,0.0,1296.9825516599635,106.7779505823194
OF-883d,AMM,477.8249152285619,56.37089983726853,0.0,1296.9825516599635,46.04268229760671
OF-883d,SIO,1149.0255091111082,135.55509522475617,0.0,1296.9825516599635,110.7188319021465
OF-883d,TAI,240.52123250912456,28.37524347181171,0.0,1296.9825516599635,23.17636092489899
OF-883b,GAL,149.9638789114186,13.9215349405207,0.0,1296.9825516599635,17.67124998979556
OF-883c,HE,123.01811445397274,15.21043504936438,0.0,1296.9825516599635,12.241047517945017
OF-883c,TAI,196.55482606960905,23.188352176239484,0.0,1296.9825516599635,18.93980644867678
EY-351a,SIO,46.77037058365502,7.584991477947745,0.0,1296.9825516599635,4.428030251110902
EY-351c,HE,209.48157649235753,19.18137212145902,0.0,1296.9825516599635,25.754933553758253
EY-351c,H,160.16982161990896,14.666096191190691,0.0,1296.9825516599635,19.692247796734357
EY-351i,MAG,549.1421687090583,50.97828853514918,0.0,1296.9825516599635,64.70910604365123
EY-351i,O,614.5700785326668,57.0521307117218,0.0,1296.9825516599635,72.41891562710254
EY-351i,SCR,426.77314279822656,39.618455205808594,0.0,1296.9825516599635,50.28954272230379
EY-351h,HE,409.29721083537174,40.141450602660086,0.0,1296.9825516599635,38.98010210666472
EY-351h,AMM,110.59276397264173,10.843980404954586,0.0,1296.9825516599635,9.24515017944153
EY-351b,CLI,405.161005345036,48.75328907104775,0.0,1296.9825516599635,61.759178917949015
EY-351b,HE,359.1981602896966,47.20244599293085,0.0,1296.9825516599635,50.65035914958256
VI-429a,ZIR,218.78439101692894,35.21526663895728,0.0,1296.9825516599635,20.100580367112105
VI-429b,BRM,308.59250005874696,23.325492085056258,0.0,1296.9825516599635,66.09692293803992
VI-429b,AMM,517.3552245091025,42.843672663349814,0.0,1296.9825516599635,104.97976883906237
VI-429b,GAL,397.76209877626087,30.0655287635791,0.0,1296.9825516599635,85.196013465922
VI-429c,ALO,116.86474827518485,14.062411682544024,0.0,1296.9825516599635,17.81383401342338
VI-429c,GAL,54.009666824392305,6.499018574302777,0.0,1296.9825516599635,8.232758416289004
VI-429f,NE,242.18458761991704,23.752032516490225,0.0,1296.9825516599635,23.064852884819636
QQ-001c,HE,2015.8389880006152,249.24612227276418,0.0,1296.9825516599635,200.58818939119942
QQ-001c,N,589.4247639531766,72.87875552629394,0.0,1296.9825516599635,58.651334202524474
QQ-001c,TIO,895.3594733648713,105.62910719558832,0.0,1296.9825516599635,86.27585222208818
OS-099a,LST,564.722965366308,91.5840269437969,0.0,1296.9825516599635,53.46569511709113
OS-099a,TIO,610.9060100445406,99.07376875979384,0.0,1296.9825516599635,57.83811971778667
OS-099e,TAI,418.5271287726752,38.852956385625724,0.0,1296.9825516599635,49.31785956551542
OS-099e,ALO,931.3010729917962,86.45508853140576,0.0,1296.9825516599635,109.74145371582394
OS-099e,FEO,1112.4638159518356,103.27289475478645,0.0,1296.9825516599635,131.08907517588858
OS-099e,GAL,58.782348569132814,5.456917528616547,0.0,1296.9825516599635,6.926718514436571
OY-719a,N,94.55814005167571,16.531901945885945,0.0,1296.9825516599635,8.103178977213823
OY-719a,TCO,162.6683149857001,26.38075703701711,0.0,1296.9825516599635,15.400780679416782
OY-719b,TAI,301.035948868226,51.95684752676228,0.0,1296.9825516599635,24.172039557406993
OY-719b,SIO,46.49419677212677,8.024596071169249,0.0,1296.9825516599635,3.73330682860626
OY-719j,HE,180.88779408442625,22.365665864382887,0.0,1296.9825516599635,17.999431162084516
OY-719f,N,498.681311038413,48.907714696276834,0.0,1296.9825516599635,47.4927458784502
OY-719e,AMM,157.76236446779464,22.244976147622147,0.0,1296.9825516599635,13.242866070148024
OY-719e,GAL,939.2482915320793,110.80684509503699,0.0,1296.9825516599635,90.50493037788839
OY-719c,H2O,47.959705132294445,8.38494858472678,0.0,1296.9825516599635,4.109916652009012
OY-719c,SIO,36.690482009777746,5.950284119904251,0.0,1296.9825516599635,3.4737070123603835
OY-719c,GAL,576.056175747997,93.42199194364963,0.0,1296.9825516599635,54.53867781502726
YI-705a,FEO,34.84198532482105,4.1104471581135025,0.0,1296.9825516599635,3.3573353121639795
YI-705a,TAI,565.5555346638807,66.72082886615621,0.0,1296.9825516599635,54.49630811261982
YI-705f,AMM,820.5944861917694,80.46195979764667,0.0,1296.9825516599635,68.59869478568517
YI-705f,HE,74.2786801848518,7.284813804094798,0.0,1296.9825516599635,7.074053918042466
LS-828a,SIO,34.83413139952312,5.606858970463586,0.0,1296.9825516599635,3.200348317629658
LS-828b,SIO,47.78184899742139,4.48506724496598,0.0,1296.9825516599635,5.424541256544101
LS-828c,TAI,580.5704259224348,68.49219512234771,0.0,1296.9825516599635,55.94312648880272
LS-828d,GAL,205.7349536690612,24.271368228582688,0.0,1296.9825516599635,19.82439342822113
LS-828d,N,1428.126827044616,201.37025272508507,0.0,1296.9825516599635,119.87961999389321
YP-916d,SIO,56.985216391855985,6.722771925557328,0.0,1296.9825516599635,5.491032657297818
YP-916b,H2O,630.4089302619344,57.72397020549551,0.0,1296.9825516599635,77.50629140020952
YP-916c,HE,180.71970316714908,16.471413258872342,0.0,1296.9825516599635,22.916343958453247
YP-916c,FEO,1469.4333438625147,136.41129975993533,0.0,1296.9825516599635,173.15318962957653
YP-916c,BER,93.70863028783606,8.699214639220122,0.0,1296.9825516599635,11.042316616762246
YP-916a,N,1170.5137497299831,107.17916192345572,0.0,1296.9825516599635,143.91004857248615
YP-916a,SIO,465.49780916048195,43.69418555949504,0.0,1296.9825516599635,52.84667972472556
YP-916a,LIO,1537.5036194025884,144.3185491371699,0.0,1296.9825516599635,174.54853653707113
YP-916g,HE,597.6197219529589,58.61100909773654,0.0,1296.9825516599635,56.91531035634833
YP-916g,H,517.781486119973,50.780946944729614,0.0,1296.9825516599635,49.31178288926883
SO-028a,AR,788.6702800237014,71.88211290523165,0.0,1296.9825516599635,100.0081291087365
SO-028a,SIO,697.2767682398062,64.7300067371403,0.0,1296.9825516599635,82.16479977102107
SO-028a,LES,602.0029282026177,54.86861055933305,0.0,1296.9825516599635,76.33758757299123
WB-948a,AMM,239.41587685922744,41.85784321013525,0.0,1296.9825516599635,20.516792093379642
WB-948b,CUO,116.26365037283833,18.713654247762147,0.0,1296.9825516599635,10.681597700963191
WB-948d,ALO,96.0727873098973,11.334087649956226,0.0,1296.9825516599635,9.257467918848974
WB-948d,O,995.8728496040417,123.13356747144097,0.0,1296.9825516599635,99.09538061075936
WB-948f,AMM,1636.9034828051676,160.50371339604334,0.0,1296.9825516599635,136.83913833212765
WB-948f,N,1048.8838094819655,102.86832285105724,0.0,1296.9825516599635,99.89219791697909
SO-028b,MAG,153.06811896500716,14.367815834325677,0.0,1296.9825516599635,17.377400494319332
SO-028b,LIO,477.3991453654504,44.811310457426735,0.0,1296.9825516599635,54.19780553099852
SO-028b,CUO,885.860773860223,83.15176628378525,0.0,1296.9825516599635,100.56932530212873
SO-028b,N,1851.7824467103335,169.5601531795452,0.0,1296.9825516599635,227.66934768022656
SO-028d,N,831.5605881522492,81.53722178140171,0.0,1296.9825516599635,69.51542076183297
SO-028c,MGS,713.3786883027154,84.16011242343566,0.0,1296.9825516599635,68.74038430518821
OF-443a,SIO,43.23745747293423,7.462504042497183,0.0,1296.9825516599635,3.471803073110588
OF-443a,GAL,387.28825300782034,66.84343443394422,0.0,1296.9825516599635,31.09777090417185
OF-443a,HE,656.7512415756433,121.73221682868059,0.0,1296.9825516599635,47.47767828534978
OF-443d,H,778.3133322127146,76.33237010006141,0.0,1296.9825516599635,74.12396751668305
XG-452e,LES,388.1048643757537,37.00538174771073,0.0,1296.9825516599635,51.457520851464345
YP-819b,HE,105.39983636888844,9.606502400259956,0.0,1296.9825516599635,13.365332396325012
YP-819c,LST,48.54313944479496,5.726826635066029,0.0,1296.9825516599635,4.677563425331226
YP-819c,GAL,129.9556714589425,15.331385839503273,0.0,1296.9825516599635,12.522385298585998
YP-819d,GAL,1785.9687730897913,165.79610275308275,0.0,1296.9825516599635,210.45268295494245
YP-819d,BRM,81.34036238974868,7.551036324903169,0.0,1296.9825516599635,9.584880629147074
YP-819e,BER,145.19154987866216,17.128822827317087,0.0,1296.9825516599635,13.990497754104481
YP-819e,SIO,545.6447301568842,64.37187231162731,0.0,1296.9825516599635,52.57772493081381
XG-452h,LES,744.5308507691184,73.01918404796088,0.0,1296.9825516599635,70.90663658642768
YP-131a,HAL,87.82638539549787,10.568206463022133,0.0,1296.9825516599635,13.387481464900931
YP-131a,HE,326.78456928335436,42.94295652984491,0.0,1296.9825516599635,46.07973433214247
YP-131b,TAI,94.13237246398991,8.835782400383097,0.0,1296.9825516599635,10.686588081487717
YP-131b,ALO,49.601091323799224,4.655831339279979,0.0,1296.9825516599635,5.631074809810751
YP-131b,BRM,496.6638268589136,46.61959945762212,0.0,1296.9825516599635,56.38487157695903
YP-131e,HE,569.346261093903,55.83811521428289,0.0,1296.9825516599635,54.222640184114766
YP-131c,H,646.3706408199901,79.91976379776965,0.0,1296.9825516599635,64.31779387614044
YP-131c,AMM,745.8146436883211,87.98671068965096,0.0,1296.9825516599635,71.86587722370716
YP-131c,BRM,1869.3004377671168,220.5287844664355,0.0,1296.9825516599635,180.12373032854313
YP-131c,MGS,74.4999088061645,8.789049635867348,0.0,1296.9825516599635,7.178729118221304
YP-131d,LST,32.136291263956096,3.791245701608554,0.0,1296.9825516599635,3.096617613968321
YP-131d,MAG,800.5234974411164,94.44093108884344,0.0,1296.9825516599635,77.13756208551744
YP-131d,GAL,534.9385868187144,63.10882613189697,0.0,1296.9825516599635,51.5460927562626
YP-922a,BOR,634.1368707759087,74.81164101400732,0.0,1296.9825516599635,61.104730087939075
YP-922c,MGS,40.86636441988745,4.821167046772467,0.0,1296.9825516599635,3.937837843267459
YP-922c,BOR,151.48003889366456,17.87070081043335,0.0,1296.9825516599635,14.596449626060023
YP-922b,AMM,157.38584346319706,22.191885533808097,0.0,1296.9825516599635,13.211260197268874
YP-922b,TAI,143.22120891660154,16.896373891571535,0.0,1296.9825516599635,13.80063787019549
AM-429a,FEO,43.26157942470511,7.466667334538947,0.0,1296.9825516599635,3.47373997391795
AM-429a,O,136.7740196118202,25.351767241384973,0.0,1296.9825516599635,9.887629424719082
AM-429c,HE,109.66321645418502,14.410909142504972,0.0,1296.9825516599635,15.46355720314142
AM-429g,AMM,935.7411184151757,91.75246180405293,0.0,1296.9825516599635,78.22453167882634
AM-429i,H2O,715.478373987015,84.40782066891877,0.0,1296.9825516599635,68.94270770400217
CH-364a,GAL,1421.195360292795,230.48255897478316,0.0,1296.9825516599635,134.5530507794228
CH-364a,MAG,183.3457624065295,29.734125003006977,0.0,1296.9825516599635,17.358438092701967
CH-364a,BRM,55.78135129024846,9.046348551123229,0.0,1296.9825516599635,5.2811535995693974
CH-364a,HAL,142.5455391557695,23.117343014892235,0.0,1296.9825516599635,13.49563733761064
CH-364d,AMM,738.2578831475714,72.38858792457654,0.0,1296.9825516599635,61.71565621186868
CH-364b,TAI,194.99400588056793,31.62318053925964,0.0,1296.9825516599635,18.46124685456739
CH-364f,AMM,608.3230068690827,59.6480504638012,0.0,1296.9825516599635,50.85357625662903
CH-364e,O,753.3226088584373,73.88142770296317,0.0,1296.9825516599635,71.74393432251362
FW-039a,H2O,1885.9212651252474,326.9863167299249,0.0,1296.9825516599635,158.2566736078811
FW-039a,SIO,73.38896067083066,11.812596896728689,0.0,1296.9825516599635,6.742531746283113
FW-039a,GAL,58.70172959848284,9.448558237495973,0.0,1296.9825516599635,5.393158204743625
FW-039c,TAI,729.8598977386712,67.75478296380685,0.0,1296.9825516599635,86.0042885266062
XH-083b,H2O,1606.6257592332192,189.54001112811306,0.0,1296.9825516599635,154.81268775643898
XH-083d,TAI,215.98804002532702,25.480965479775534,0.0,1296.9825516599635,20.812369531237145
XH-083d,BER,864.3983320170215,101.97649858908166,0.0,1296.9825516599635,83.29247075909257
XH-083f,HE,753.0571325362145,73.8553913548216,0.0,1296.9825516599635,71.71865124246031
YW-685d,H,42.36287012327165,4.154699845057569,0.0,1296.9825516599635,4.034498548295012
SL-542b,HAL,89.53718358286021,14.520705437232058,0.0,1296.9825516599635,8.477019800282111
SL-542b,TIO,114.33642669466519,18.542526203568503,0.0,1296.9825516599635,10.824912223056762
SL-542c,BOR,135.87120856875913,23.450487204018607,0.0,1296.9825516599635,10.909940293125553
SL-542c,O,56.87478327089779,12.319665514498075,0.0,1296.9825516599635,3.0435432787515446
OF-504f,HE3,200.58792350044288,19.672477626342374,0.0,1296.9825516599635,19.1033252424387
DC-970a,HE,489.24466747414203,90.6840127174367,0.0,1296.9825516599635,35.36833957014281
DC-970a,SIO,52.863435994073065,9.12388534994238,0.0,1296.9825516599635,4.244732467312508
DC-970a,LIO,167.68589038263949,28.941494435317118,0.0,1296.9825516599635,13.464538008789278
DC-970a,H,384.77881464534516,71.32073017953314,0.0,1296.9825516599635,27.81632316205649
DC-724a,SIO,56.35243908641904,6.64812067785707,0.0,1296.9825516599635,5.430058933427783
DC-724a,HE,153.23932764437814,18.94710263190683,0.0,1296.9825516599635,15.248241282503267
DC-724d,FEO,902.3552612852179,84.70002962697107,0.0,1296.9825516599635,102.4418988717966
DC-724d,SIO,36.44603202999907,3.42102509418485,0.0,1296.9825516599635,4.137617286319896
DC-724d,GAL,471.6136364458223,44.268250758077656,0.0,1296.9825516599635,53.54099269342247
DC-724i,BER,474.31374213713207,44.03177206313532,0.0,1296.9825516599635,55.89157050179825
AM-884b,H2O,41.45742737266641,4.89089708689121,0.0,1296.9825516599635,3.994792018082034
AM-884b,HE,127.78033761702164,15.799254723878546,0.0,1296.9825516599635,12.714917567804637
AM-884b,TAI,728.1537580053653,85.90318597977864,0.0,1296.9825516599635,70.16409374051285
HM-517a,HE,692.5791111649047,120.08130816047482,0.0,1296.9825516599635,58.11762578327026
HM-517a,MAG,186.75698951107287,30.06017546202596,0.0,1296.9825516599635,17.158097336554345
HM-049a,AMM,1050.5748797498406,182.15161827318923,0.0,1296.9825516599635,88.15876299807663
HM-049a,GAL,2247.0325425313204,361.67959589736785,0.0,1296.9825516599635,206.44369554303435
CC-541a,H2O,50.7475243235503,4.202548302583764,0.0,1296.9825516599635,10.29749603417269
CC-541a,BRM,977.090288275628,73.85504113424581,0.0,1296.9825516599635,209.28137098395698
CC-541a,HE,83.29486644584776,6.8978872223229155,0.0,1296.9825516599635,16.901879812391503
AW-066e,N,35.081477315478764,3.4405838873259467,0.0,1296.9825516599635,3.3410429673317124
KQ-451a,HE,169.3509210977729,31.39006330273745,0.0,1296.9825516599635,12.24266973583123
KQ-451a,N,466.77514570749895,86.51917141592436,0.0,1296.9825516599635,33.74397914548197
KQ-451a,GAL,302.5271908837102,52.214226203014434,0.0,1296.9825516599635,24.29178060867835
KQ-451a,BRM,107.75554485112377,18.597906446195736,0.0,1296.9825516599635,8.652359634999817
RV-854a,BOR,637.2147405878643,109.97912124116917,0.0,1296.9825516599635,51.16591547940019
RV-854a,BTS,518.8604740762013,112.3905379800104,0.0,1296.9825516599635,27.765807932186156
RV-854a,BRM,62.139337138939524,10.724845578343912,0.0,1296.9825516599635,4.989551982215218
QF-755a,HE,1738.29575784662,224.5167520456412,0.0,1296.9825516599635,160.34655716552305
YP-225d,ALO,464.99375702814723,43.166573728164906,0.0,1296.9825516599635,54.79333412676206
YP-225d,BER,1072.3319312166884,99.54734804563981,0.0,1296.9825516599635,126.36006594470334
YP-225d,MGS,31.57188273842362,2.9308995730939316,0.0,1296.9825516599635,3.7203267651455367
YP-225d,CLI,44.9663010940815,4.174338089754257,0.0,1296.9825516599635,5.298680945824936
RC-944a,AMM,1169.2158377972205,204.41774313112657,0.0,1296.9825516599635,100.1961882021598
RC-944a,TAI,718.018217607202,116.4447062017752,0.0,1296.9825516599635,67.9790719794839
RC-944c,TAI,143.12343551915978,13.434353129964181,0.0,1296.9825516599635,16.248408067965517
RC-944g,HE,72.8786852775097,7.1475105805953065,0.0,1296.9825516599635,6.9407230694749344
RC-944g,N,54.58554236224983,6.038935695657777,0.0,1296.9825516599635,4.519799755089946
RC-944e,AMM,818.2658939162109,96.53407195005666,0.0,1296.9825516599635,78.84719985882231
RC-944e,TAI,1050.1760327627119,123.89343055928666,0.0,1296.9825516599635,101.19380528728918
GY-811a,FEO,50.98621253297085,8.268696243569387,0.0,1296.9825516599635,4.827169181431818
GY-811a,SIO,36.4682905878875,5.9142501945690595,0.0,1296.9825516599635,3.452670823735202
GY-811b,CLI,109.51495002734526,18.901568340472533,0.0,1296.9825516599635,8.793633166207709
GY-811f,AR,181.93136567093168,17.84275273522842,0.0,1296.9825516599635,17.32653686005769
GY-811f,H,494.5710549877389,48.50460508337312,0.0,1296.9825516599635,47.101298792327114
GY-811c,LST,1717.1841449507754,296.3748187882889,0.0,1296.9825516599635,137.88334328559444
GY-811c,BOR,184.75674462451244,31.8878128877516,0.0,1296.9825516599635,14.835262553697065
GY-811c,H,503.6481629530135,93.35377460554264,0.0,1296.9825516599635,36.40959306345894
GY-811c,SIO,2213.679021628288,382.06660643802275,0.0,1296.9825516599635,177.7499899243722
GY-811h,H,540.6717282722726,53.02588656394692,0.0,1296.9825516599635,51.49177325500287
GY-811h,O,741.913192831618,82.07972055195354,0.0,1296.9825516599635,61.43200052872268
GY-811j,BRM,99.85311334599565,9.372762615364028,0.0,1296.9825516599635,11.336047982759293
GY-811j,TIO,96.76443646968679,9.08284240970258,0.0,1296.9825516599635,10.985399033519691
GY-811j,FEO,1685.737934635591,158.23263755738523,0.0,1296.9825516599635,191.37716865342935
GY-811j,BER,651.0674291963056,61.11277110917463,0.0,1296.9825516599635,73.91388580751787
OP-533a,GAL,184.22002761411903,21.73316709466055,0.0,1296.9825516599635,17.75123886169887
OP-533a,SIO,1913.147121084775,225.70155155061704,0.0,1296.9825516599635,184.3487484166708
OP-533d,FEO,1037.7234017591843,96.3345486996901,0.0,1296.9825516599635,122.28191072317823
OP-533d,HAL,147.25137409952532,13.669726099690383,0.0,1296.9825516599635,17.35161734907277
OP-533d,AMM,481.1436012817187,44.6658055611376,0.0,1296.9825516599635,56.69637862769617
OP-533c,CLI,83.65347024910157,7.765768113110619,0.0,1296.9825516599635,9.85744964731798
OP-533e,AMM,1905.6565848924436,186.85582964775514,0.0,1296.9825516599635,159.30591374070946
TO-392a,SIO,83.8537002049528,13.49698850843573,0.0,1296.9825516599635,7.7039684239583535
TO-392a,H2O,80.93140070688186,14.032113171585378,0.0,1296.9825516599635,6.791340923475428
LG-672a,LIO,63.847495738254764,7.532342229161453,0.0,1296.9825516599635,6.152274333304881
LG-672a,HAL,172.76962355217654,20.382317526334333,0.0,1296.9825516599635,16.647890543934693
KW-689i,AMM,58.032771451829674,5.690302094488983,0.0,1296.9825516599635,4.851327230903609
KW-689b,FEO,33.78418692071287,3.171169666625387,0.0,1296.9825516599635,3.8354253679068524
KW-689e,HAL,824.3501749083764,97.25185870302893,0.0,1296.9825516599635,79.43347447072203
KW-689e,CLI,796.8856755156175,94.01176281223727,0.0,1296.9825516599635,76.7870255734335
KW-689e,SIO,1211.7994362770107,142.96078431271096,0.0,1296.9825516599635,116.76765835082638
KW-689j,LST,59.24554129763595,6.989431416937049,0.0,1296.9825516599635,5.708835074479043
KW-689j,AMM,438.4836667908091,51.729656770031546,0.0,1296.9825516599635,42.25180294979325
KW-689j,GAL,65.09267307836181,7.679240737133219,0.0,1296.9825516599635,6.272258249688363
EM-929a,BRM,377.4043843388084,45.413316690438926,0.0,1296.9825516599635,57.52820382343945
EM-929a,BOR,492.1917897538608,59.22576034638703,0.0,1296.9825516599635,75.02538596839489
EM-929f,F,707.7018069259369,69.40720916751417,0.0,1296.9825516599635,67.3991612079173
EM-929c,N,180.67583531663354,16.543748087986305,0.0,1296.9825516599635,22.21338129713489
RC-659a,HE,677.5468478652849,62.0401967382547,0.0,1296.9825516599635,83.30171243944879
RC-659f,AMM,101.57638443927684,9.95989505007884,0.0,1296.9825516599635,8.49141386011577
RC-659g,HE,849.1918794111515,83.28371896302434,0.0,1296.9825516599635,80.87420410228832
RC-659b,HE,1179.6577905545796,108.0164443837431,0.0,1296.9825516599635,145.03427232425327
RC-659d,N,151.472294064397,13.869699126721368,0.0,1296.9825516599635,18.62292109018093
RC-659d,SIO,33.499168224133605,3.144416243577661,0.0,1296.9825516599635,3.8030679830228125
RC-659d,HE,169.96062180521469,15.56259976379986,0.0,1296.9825516599635,20.89598806083282
SO-245a,TAI,964.5359845434149,113.79013450592029,0.0,1296.9825516599635,92.94162461097036
SO-245c,FEO,1014.1118846386561,119.63880000984133,0.0,1296.9825516599635,97.71870371453954
SO-245c,LIO,85.39508856267639,10.07439719140364,0.0,1296.9825516599635,8.228576633737397
SO-245c,HE,538.244758345176,66.55066185828488,0.0,1296.9825516599635,53.55861364346704
SO-245c,BRM,1490.254856145619,175.81127427732383,0.0,1296.9825516599635,143.59931576853202
SO-245h,N,41.991122874396375,4.117366247801153,0.0,1296.9825516599635,3.5103041395476176
SO-245b,TAI,172.6450048775767,20.36761576717562,0.0,1296.9825516599635,16.635882425772405
SO-245b,CLI,52.00001529326589,6.134647985509456,0.0,1296.9825516599635,5.010664172824233
SO-245g,AMM,740.7166369631653,78.87839699755884,0.0,1296.9825516599635,57.98519862878938
SO-245d,MGS,56.96159494673381,6.7199852100166435,0.0,1296.9825516599635,5.488756520875231
SO-245d,BRM,1970.6277307124199,232.48276698044705,0.0,1296.9825516599635,189.8875166202762
SO-245d,AMM,1683.128674240171,198.56536334745707,0.0,1296.9825516599635,162.18442434497788
SO-245d,LST,61.77058974143519,7.287321393732358,0.0,1296.9825516599635,5.952145960074665
XV-396a,TAI,2005.153675150444,322.7470707315873,0.0,1296.9825516599635,184.22133502500654
XV-396e,H,1725.4522979780945,169.22216021255215,0.0,1296.9825516599635,164.3263256499887
XV-396b,LIO,377.9287348040595,48.18488747777205,0.0,1296.9825516599635,51.36461505336163
XV-396b,SIO,28.197421970839248,3.595094735340966,0.0,1296.9825516599635,3.8323355480769914
XV-396b,BRM,39.14275232212486,4.990594634699443,0.0,1296.9825516599635,5.31992468420643
JS-753c,TS,394.0629250057537,30.942936065876548,0.0,1296.9825516599635,78.95586101664483
JS-753c,LIO,32.159163644067604,2.5252285394671823,0.0,1296.9825516599635,6.443525371120524
JS-753c,SIO,30.325401779746667,2.3812363683516256,0.0,1296.9825516599635,6.076106266938536
JS-753c,AMM,156.56619261800316,13.132038158095115,0.0,1296.9825516599635,30.25007590736097
GC-645h,HE,65.31234637041977,6.405448794095374,0.0,1296.9825516599635,6.2201301717856685
GC-645f,H,1217.3487737825935,119.39037055558592,0.0,1296.9825516599635,115.93623959620616
GC-645i,H2O,166.37034427233382,15.444589574945956,0.0,1296.9825516599635,19.604533877530333
GC-645i,SIO,505.47764642446515,46.924797940889654,0.0,1296.9825516599635,59.56382242884275
YW-338a,SIO,1984.3459124326994,319.3978788223306,0.0,1296.9825516599635,182.3096442283104
YW-338f,O,115.84600611317892,12.816334715034067,0.0,1296.9825516599635,9.592297289705142
YW-338f,HE,157.06866035274402,15.404365590245037,0.0,1296.9825516599635,14.958695676940794
YW-338d,BER,132.25695467088457,15.602877344661637,0.0,1296.9825516599635,12.744134413015454
YW-338d,FEO,44.56605532468111,5.257634252178065,0.0,1296.9825516599635,4.294335982020391
YW-338d,MGS,1505.5219919173203,177.6123988188871,0.0,1296.9825516599635,145.07044014804376
YW-338b,MAG,1725.9205215865034,279.90140519484663,0.0,1296.9825516599635,163.40320132654597
YW-338b,FEO,42.06823448853949,6.822421890310868,0.0,1296.9825516599635,3.9828509503232263
YW-338b,HE,213.6360528557143,37.35067415652056,0.0,1296.9825516599635,18.30758485022345
YW-338b,TAI,1428.0878689413357,231.60035254170285,0.0,1296.9825516599635,135.20560572865486
YW-338c,AMM,135.78571706233694,20.690490764823437,0.0,1296.9825516599635,15.583690899996498
YW-338c,GAL,914.9678875802898,110.09868503001613,0.0,1296.9825516599635,139.46965460095777
AU-876c,AMM,972.9346446419988,95.39940808794007,0.0,1296.9825516599635,81.33377430300962
AU-876b,SIO,1341.1814150485795,158.22448935117887,0.0,1296.9825516599635,129.2347632542313
AU-605a,GAL,1931.4533665373888,310.88435965280036,0.0,1296.9825516599635,177.45019852174906
AU-605a,NE,2120.7764625770214,367.7061693556574,0.0,1296.9825516599635,177.96449652474698
AU-605a,CUO,126.18758466067166,20.310998511807473,0.0,1296.9825516599635,11.593348478901907
AU-605h,NE,2353.9168603787175,258.4099233116669,0.0,1296.9825516599635,205.96140627850303
AU-605h,HE,108.51374162268515,11.91249704820443,0.0,1296.9825516599635,9.494661090772155
AU-605b,GAL,772.3641183225386,125.25826035247252,0.0,1296.9825516599635,73.1243229019874
AU-605b,HE,1776.878905494104,310.6574200728591,0.0,1296.9825516599635,152.269997952433
AU-605g,HE,63.73833051501641,6.251078624852045,0.0,1296.9825516599635,6.070226148164526
AU-605d,AMM,224.34325718272262,34.18453863419649,0.0,1296.9825516599635,25.747155526151317
AU-605d,HE,68.27240302165846,8.9717174883033,0.0,1296.9825516599635,9.627058585887859
AU-605d,TAI,84.04508881674293,10.11320056972199,0.0,1296.9825516599635,12.811093883499115
AU-605e,HE,882.9998484312468,109.17751343187119,0.0,1296.9825516599635,87.8638333139895
YK-590a,SIO,645.9303814041994,111.48338417951538,0.0,1296.9825516599635,51.865748224866834
YK-590a,TAI,1074.4618037364935,185.4451214878121,0.0,1296.9825516599635,86.27518846332275
YK-590d,AR,217.32072995955946,21.313532356599662,0.0,1296.9825516599635,20.69690195647542
YK-590b,GAL,863.5360567843406,140.04408239388303,0.0,1296.9825516599635,81.75611470785279
YK-590b,SIO,551.1997352401805,89.3908951815087,0.0,1296.9825516599635,52.18537017324401
OF-732e,F,236.87832257172417,23.231625412122415,0.0,1296.9825516599635,22.559501888262805
OF-732a,CLI,56.183206512343176,9.696856157216644,0.0,1296.9825516599635,4.5112973895114346
OF-732a,HEX,68.27470094750075,14.789005432676289,0.0,1296.9825516599635,3.6535876750121195
OF-732d,BER,1086.065362919387,128.1274371399625,0.0,1296.9825516599635,104.6520615933407
OF-732d,SIO,41.76762753454423,4.927492629939349,0.0,1296.9825516599635,4.024682563858985
OF-732g,HE,571.8260924724874,56.08132241470138,0.0,1296.9825516599635,54.45881105893515
OF-732b,AMM,335.49698305457173,31.067933172607557,0.0,1296.9825516599635,38.51008731975495
OF-732c,MAG,446.5430554744501,41.914988088543105,0.0,1296.9825516599635,50.69479892615999
OF-732c,ALO,66.72416012656552,6.263096789068883,0.0,1296.9825516599635,7.57500948601513
OF-732c,TAI,495.2622104293116,46.488036027777575,0.0,1296.9825516599635,56.22574993751312
OF-732c,HE,274.23950203969247,25.110990795025224,0.0,1296.9825516599635,33.71666506961632
JK-758a,TAI,1637.1419795445636,282.56006144997906,0.0,1296.9825516599635,131.45626241457734
JK-758a,BRM,86.05492496753345,14.852520545386028,0.0,1296.9825516599635,6.909882551387419
JK-758a,HE,547.383988093078,101.46043449758695,0.0,1296.9825516599635,39.571331182997966
JK-758c,H2O,1467.1796971301012,173.08900627467986,0.0,1296.9825516599635,141.37581887321
JK-758b,HE,819.9956475757631,101.38743057128563,0.0,1296.9825516599635,81.59453370778647
GY-252g,AMM,1679.0057837622865,164.63198101665765,0.0,1296.9825516599635,140.3587365523593
GY-252h,N,1365.7621080933272,173.71368634715782,0.0,1296.9825516599635,101.53519974780805
GY-252d,LST,39.49576547195822,4.659472054426103,0.0,1296.9825516599635,3.805768438961169
GY-252d,BRM,1132.1918165962409,133.56915777276495,0.0,1296.9825516599635,109.09675584111298
WR-681c,ALO,68.11293294538451,8.196073821406587,0.0,1296.9825516599635,10.382536218701299
WR-681c,FEO,750.0587559684335,90.2550612412916,0.0,1296.9825516599635,114.33235750163063
WR-681d,BRM,54.628280460626584,6.444714848440203,0.0,1296.9825516599635,5.263920908163723
WR-681d,FEO,44.19861890799477,5.214286321206983,0.0,1296.9825516599635,4.258930213800942
WR-681b,LES,174.75401648273424,14.65754754815292,0.0,1296.9825516599635,33.76413627568191
WR-681b,TAI,87.16723411935054,6.844617905515912,0.0,1296.9825516599635,17.46513966578381
WR-681b,CUO,39.43852915898831,3.096824920235682,0.0,1296.9825516599635,7.902045154165437
WR-681b,NE,955.6483840914173,80.15530578960622,0.0,1296.9825516599635,184.64034716641711
WR-681f,HE,438.2340126765766,42.979401047856,0.0,1296.9825516599635,41.73594666301614
WR-681e,H,38.70936637385079,3.796385797461971,0.0,1296.9825516599635,3.686551028914555
WR-681g,HE,90.83209004827346,8.908274376870104,0.0,1296.9825516599635,8.650545498262845
XV-374c,LST,408.58767918566383,30.883798780211382,0.0,1296.9825516599635,87.51472683045175
XV-374c,GAL,70.97477102318237,5.3647494978807275,0.0,1296.9825516599635,15.201970138520036
XV-374c,FEO,245.7132869493272,18.572659182704058,0.0,1296.9825516599635,52.62892711018699
WB-947a,ZIR,95.68174096737825,8.98121465281234,0.0,1296.9825516599635,10.86248360551136
WB-947a,GAL,861.2362399345642,80.84037204413399,0.0,1296.9825516599635,97.77377002317512
WB-947f,O,610.4804635835842,59.85959611557981,0.0,1296.9825516599635,51.033931739345284
WB-947d,FEO,46.869871799934955,5.529424616453777,0.0,1296.9825516599635,4.516329198911069
WB-947d,AR,1193.9092212469805,140.85020471046772,0.0,1296.9825516599635,115.04377694445495
WB-947d,SIO,72.2907498457396,8.528426393935423,0.0,1296.9825516599635,6.965856995152753
WB-947d,HE,674.6745250194924,83.41936541475218,0.0,1296.9825516599635,67.134201792701
QQ-082d,H2O,50.148333218946625,5.916197709236215,0.0,1296.9825516599635,4.832238128583167
QQ-082d,GAL,651.2772282405768,76.83375694606079,0.0,1296.9825516599635,62.75635604560941
QQ-082c,HAL,237.9567118308173,22.09013731927349,0.0,1296.9825516599635,28.040035854206877
QQ-082c,FEO,37.0006626771447,3.4348672628463786,0.0,1296.9825516599635,4.360036328095649
QQ-082c,H,668.0790468568276,60.89101452426838,0.0,1296.9825516599635,84.716436342563
RC-639b,O,364.1737756654663,51.34961675172872,0.0,1296.9825516599635,30.56942353562659
RC-639e,O,630.8930154567041,69.79727939494695,0.0,1296.9825516599635,52.23929218886375
RC-639d,AMM,1033.1162344159688,101.30040881172513,0.0,1296.9825516599635,86.3647348786539
EL-768a,HE,751.5762395808935,139.30851739304694,0.0,1296.9825516599635,54.332740695130774
EL-768b,FEO,48.80823600351673,7.856113669955552,0.0,1296.9825516599635,4.484204132687645
EL-768b,TAI,636.5907817333834,102.46486970319893,0.0,1296.9825516599635,58.48609267653141
EL-768d,BRM,50.631255158285875,6.09249208634913,0.0,1296.9825516599635,7.717783066260271
EL-768d,H,69.1665025372423,9.089211642679295,0.0,1296.9825516599635,9.75313512687923
EL-768d,FEO,29.920062014435672,3.600300653739431,0.0,1296.9825516599635,4.560751007150946
EL-768f,AMM,320.1794859087287,35.49152054923871,0.0,1296.9825516599635,36.067227577761784
EL-768j,H,619.050736576183,56.42240625486571,0.0,1296.9825516599635,78.4993520822273
EL-768j,AMM,436.8612277586623,40.55495823759936,0.0,1296.9825516599635,51.478289456172014
EL-768c,HE,1200.9919847729266,209.97326850137333,0.0,1296.9825516599635,102.91925155778083
EL-768c,SIO,1064.9188519973789,172.70336574858888,0.0,1296.9825516599635,100.82222639626944
EL-768g,AMM,79.75688447941107,7.820422072721804,0.0,1296.9825516599635,6.667383546349674
EL-768e,O,725.2690691028128,95.3080439973811,0.0,1296.9825516599635,102.26984125006003
EL-768e,TAI,547.6589596701673,65.90016122210729,0.0,1296.9825516599635,83.48031333243426
EL-768e,BOR,111.52055536162412,13.419341449898145,0.0,1296.9825516599635,16.999212265608435
EL-768e,GAL,144.8102751722033,17.42511523268658,0.0,1296.9825516599635,22.073604259870333
DC-823a,ALO,75.06666189342651,13.01863999698683,0.0,1296.9825516599635,5.664844593173384
DC-823a,CLI,1640.0741624442726,284.43432211671865,0.0,1296.9825516599635,123.76686290801196
DC-823a,MGS,71.63754994509075,12.423936931222045,0.0,1296.9825516599635,5.406069448655907
DC-823a,LIO,1253.4912079422118,217.3901218460445,0.0,1296.9825516599635,94.59369462815584
DC-823h,H,540.4967916608396,53.008729815353156,0.0,1296.9825516599635,51.47511287522179
DC-823c,AMM,551.2536693656891,50.47604635440951,0.0,1296.9825516599635,67.77446429183576
DC-823c,FEO,630.8601618175123,59.216005811628534,0.0,1296.9825516599635,71.61981059112767
DC-823c,TAI,1774.6477727932047,166.57820415313296,0.0,1296.9825516599635,201.47085684922658
DC-823i,BRM,64.5276748319871,5.990271032764452,0.0,1296.9825516599635,7.603728854531911
DC-823f,HE,787.2280109942966,77.2066690898324,0.0,1296.9825516599635,74.97297180978573
DC-823d,BER,937.9289681984037,110.65119929021321,0.0,1296.9825516599635,90.37780183526895
DC-823d,SIO,53.48131762580527,6.30940309507997,0.0,1296.9825516599635,5.1534008332832
VH-503b,H,855.6913033168154,105.80097938565063,0.0,1296.9825516599635,85.14646766523559
VH-503b,HE,136.11065798692673,16.829247725228324,0.0,1296.9825516599635,13.543834901973874
VH-241a,LST,623.4979874239804,58.52495161600837,0.0,1296.9825516599635,70.78400327990911
VH-241a,MGS,78.05493731832959,7.326665878777639,0.0,1296.9825516599635,8.861361304437859
VH-241a,AMM,855.3752877435896,78.32322045900042,0.0,1296.9825516599635,105.16501769866488
VH-241e,AMM,1397.6538576729693,164.88676732222743,0.0,1296.9825516599635,134.67638559634142
VH-241e,CLI,51.90796802303672,6.123788804070789,0.0,1296.9825516599635,5.00179459929541
UP-573a,BRM,696.573043826615,120.22397844981143,0.0,1296.9825516599635,55.932161036922345
UP-573a,SIO,999.4698817465201,172.50200332793588,0.0,1296.9825516599635,80.25362289401893
RC-668a,GAL,1639.853211715681,263.948757180076,0.0,1296.9825516599635,150.65974825328115
RC-668a,FEO,44.409529496696,7.148103277695794,0.0,1296.9825516599635,4.080077708308278
RC-668b,TAI,118.03237284307383,10.957250603113748,0.0,1296.9825516599635,13.908546394900549
RC-668c,MAG,116.33669795006071,13.724701535089464,0.0,1296.9825516599635,11.210076018545585
RC-668c,FEO,38.52553075060875,4.545009617343538,0.0,1296.9825516599635,3.712277690351226
RC-668c,HE,482.5626116649903,59.665906070509976,0.0,1296.9825516599635,48.0179027779273
RC-668h,AMM,67.95378954613626,6.663090204192745,0.0,1296.9825516599635,5.680688021972282
RC-668e,HE3,1319.0608412148724,129.36568878996667,0.0,1296.9825516599635,125.62295787581084
UB-808b,N,386.7096476541974,35.24604293873732,0.0,1296.9825516599635,49.0371063165113
UB-808b,SIO,472.250439814072,43.84023036928313,0.0,1296.9825516599635,55.648437745964046
AJ-293b,HE,668.2351050066562,87.81317651854897,0.0,1296.9825516599635,94.22750951076358
AJ-293b,FEO,22.346454044147222,2.688963447505035,0.0,1296.9825516599635,3.4062968431992084
AJ-293c,TAI,456.30018772557526,42.359527193478485,0.0,1296.9825516599635,53.76891252894444
AJ-293c,HE,94.80385487810894,8.64074832386815,0.0,1296.9825516599635,12.021698292435852
AJ-293d,BRM,100.3691308369427,11.84094433095145,0.0,1296.9825516599635,9.671458846807402
AJ-293d,GAL,583.5538695464907,68.84416379610624,0.0,1296.9825516599635,56.23060782884442
AJ-293d,LST,1239.945665453613,146.28130656917824,0.0,1296.9825516599635,119.47979797886153
AJ-293e,LES,507.8576323815998,49.807674041613836,0.0,1296.9825516599635,48.36666813702346
GY-919c,FEO,1745.0288953368452,205.8679778661585,0.0,1296.9825516599635,168.14906143959752
GY-919b,AMM,663.3311819982528,78.25580966508235,0.0,1296.9825516599635,63.917861746979646
GY-919b,HEX,72.21870869567326,10.18305891754857,0.0,1296.9825516599635,6.06217262426407
GY-919d,HE3,1207.7414148616836,118.44813759299471,0.0,1296.9825516599635,115.02126675544798
PD-718c,SIO,62.514981976330695,5.868000168783982,0.0,1296.9825516599635,7.097153124003586
PD-718d,LST,51.33509177565817,6.056204321698874,0.0,1296.9825516599635,4.946592875372581
PD-718a,HAL,270.56897806169053,46.6984464529078,0.0,1296.9825516599635,21.72565790000465
PD-718a,SCR,216.6239511717218,37.387885546522206,0.0,1296.9825516599635,17.394077805294767
PD-718a,GAL,154.5275945101688,26.670458119128696,0.0,1296.9825516599635,12.407976991630983
PD-718a,H,1144.6749588650198,212.17138464270153,0.0,1296.9825516599635,82.75052409174604
PD-718a,FEO,2129.4335323341297,367.52638272543857,0.0,1296.9825516599635,170.9853981624664
PD-718e,HE,157.36211748671147,14.409006194601972,0.0,1296.9825516599635,19.347051648223644
DW-739b,AMM,244.59563655048402,22.95909222377271,0.0,1296.9825516599635,27.7682666007833
DW-739d,TIO,1076.5607137980967,127.00613599695204,0.0,1296.9825516599635,103.73620407755487
DW-739d,H2O,51.98647368631292,6.133050428444403,0.0,1296.9825516599635,5.009359318500268
UB-557e,AMM,1592.8566402443823,156.18477714314855,0.0,1296.9825516599635,133.1569835529468
UB-557e,N,70.04308912586919,6.869412074578479,0.0,1296.9825516599635,6.670670343489778
UB-557e,HE,740.3553778800821,72.60967835312385,0.0,1296.9825516599635,70.50897846599719
UB-557d,H,1832.6698221432734,179.73742109408107,0.0,1296.9825516599635,174.53736527826388
UB-557a,SIO,56.46059410293936,9.744731451860375,0.0,1296.9825516599635,4.533570556014748
UB-557a,HE,211.02532148233928,39.11462752533127,0.0,1296.9825516599635,15.2553839096885
UB-557b,HE,76.60488050464511,10.066693359172957,0.0,1296.9825516599635,10.802017212565406
UB-557b,MGS,605.5426761306528,72.86534672583409,0.0,1296.9825516599635,92.30359779011451
SB-838c,FEO,1595.0235186572886,188.17124880419604,0.0,1296.9825516599635,153.6947086395014
SB-838c,MGS,65.20661800556518,7.692683271989887,0.0,1296.9825516599635,6.28323785731334
SB-838b,HAL,1130.0230989588963,133.3133055540676,0.0,1296.9825516599635,108.88778059937256
LG-262a,LES,325.72039237527974,60.37394818626099,0.0,1296.9825516599635,23.546888107999507
LG-262a,HE,189.67893280247608,35.15796471179459,0.0,1296.9825516599635,13.71221671008779
LG-262c,O,425.255460595647,59.9623212387093,0.0,1296.9825516599635,35.69673368718362
LG-262c,LIO,1206.6386635461881,142.3519474910627,0.0,1296.9825516599635,116.2703719773401
LG-262g,HE,1977.8890077033336,217.1300760033541,0.0,1296.9825516599635,173.05997860257088
LG-262d,MAG,708.1781726781633,83.54658697503257,0.0,1296.9825516599635,68.23926835025637
LG-262d,LIO,240.56447423998827,28.380344870256252,0.0,1296.9825516599635,23.18052765043528
LG-262d,LST,40.78747054645312,4.811859623707234,0.0,1296.9825516599635,3.9302357165595474
LG-262b,SIO,41.30400230865231,7.128802251903396,0.0,1296.9825516599635,3.3165539911016046
LG-262b,HE,922.5910127612926,171.00698422770188,0.0,1296.9825516599635,66.69569316343744
LG-262b,TAI,141.9862098868677,24.50589667357001,0.0,1296.9825516599635,11.400951596960295
LG-262h,O,48.232969911093086,5.336134644786958,0.0,1296.9825516599635,3.993793157621634
LG-262f,LES,1088.0437138539278,106.70889475171518,0.0,1296.9825516599635,103.6216566831183
LG-262i,BOR,137.5153276640629,16.223228456247494,0.0,1296.9825516599635,13.250825440232854
XD-534b,MGS,22.250591776844306,1.747179435286278,0.0,1296.9825516599635,4.458208373307302
XD-534b,H2O,857.3094427020525,71.90709645936715,0.0,1296.9825516599635,165.64032939798506
XD-534b,FEO,21.72602082925939,1.7059886399509916,0.0,1296.9825516599635,4.35310345680119
XD-534b,SIO,22.269391586549073,1.7486556495475833,0.0,1296.9825516599635,4.461975170607929
XD-534c,TAI,490.7222865807101,37.092083603522504,0.0,1296.9825516599635,105.10700407148333
XD-534e,HE,786.4077790229974,77.126225587441,0.0,1296.9825516599635,74.894855650804
XD-534f,HE,144.41620345044785,14.163487420786684,0.0,1296.9825516599635,13.75371785423569
XD-534g,F,1609.8853804795772,157.88804019595045,0.0,1296.9825516599635,153.32011763051446
EX-925a,BRM,625.6052450572397,100.6966512236982,0.0,1296.9825516599635,57.47680832215716
EX-925a,GAL,1208.6756736865284,194.5469506807684,0.0,1296.9825516599635,111.04577618075845
EX-925d,SIO,379.0798949448423,45.614931978780916,0.0,1296.9825516599635,57.783603918541985
EX-925d,BOR,100.82049424637587,12.131796089541156,0.0,1296.9825516599635,15.36818909177945
EX-925d,TAI,69.01614236266552,8.30475760200609,0.0,1296.9825516599635,10.520213515544635
EX-925c,HE,897.8905164767481,111.01865317094989,0.0,1296.9825516599635,89.34554497838933
EX-925c,MGS,69.98621262679559,8.25655100066881,0.0,1296.9825516599635,6.743794328194304
EX-925e,LIO,774.0196234153345,91.31416398149769,0.0,1296.9825516599635,74.58367799004044
EX-925e,FEO,36.503969078827126,4.306517971380804,0.0,1296.9825516599635,3.517482235295607
EX-925b,SIO,79.8306680117762,13.778254263124731,0.0,1296.9825516599635,6.410098436182331
EX-925b,MAG,1176.4858240758917,203.0538040679839,0.0,1296.9825516599635,94.46732852075206
EX-925b,CLI,893.9804344688744,154.2952105894173,0.0,1296.9825516599635,71.7832222589093
EX-925f,HE,78.50214792485762,8.61786342861738,0.0,1296.9825516599635,6.868727207249554
EM-009d,MGS,41.11847257338964,4.850909245256263,0.0,1296.9825516599635,3.962130707131172
EM-009d,BER,110.04795171514898,12.982793206720615,0.0,1296.9825516599635,10.60409936116302
EM-009d,FEO,36.68274860539698,4.327609300995551,0.0,1296.9825516599635,3.5347092334717805
EM-009a,MAG,124.59567908634159,21.5044041255557,0.0,1296.9825516599635,10.004558242561846
EM-009a,FEO,1927.4563410079925,332.6664326993058,0.0,1296.9825516599635,154.767399359385
EM-009b,SCR,92.93849135002962,16.040579348064956,0.0,1296.9825516599635,7.462606701175153
EM-009b,GAL,663.6921628355948,114.54895217265451,0.0,1296.9825516599635,53.29195159022519
EM-009b,H,438.71673898619633,81.31840157395136,0.0,1296.9825516599635,31.71558860248508
EM-009c,LIO,1351.3143463255926,159.41991143125443,0.0,1296.9825516599635,130.21116134621408
EM-009c,TAI,228.59012858131914,26.967683834322642,0.0,1296.9825516599635,22.0266928977621
XV-825c,AMM,72.72464200471012,11.081493446639595,0.0,1296.9825516599635,8.346373730117847
XV-825c,GAL,41.97027951121493,5.050311215563293,0.0,1296.9825516599635,6.397580140670392
KI-448a,AMM,372.588371012311,64.60041643659353,0.0,1296.9825516599635,31.2656722800522
KI-448a,SIO,1362.828973009299,219.35927624793513,0.0,1296.9825516599635,125.20844458452531
KI-448d,SIO,33.747725479715776,3.9813529854187446,0.0,1296.9825516599635,3.2518936392970246
KI-448d,BOR,774.4951950352578,91.37026905115341,0.0,1296.9825516599635,74.62950354728544
KI-448d,GAL,580.2844565021667,68.45845817596275,0.0,1296.9825516599635,55.915570790586486
KI-448c,CLI,1471.4205430725747,173.58931568557384,0.0,1296.9825516599635,141.784462115074
KI-448c,H2O,160.9823414678456,18.991725121977158,0.0,1296.9825516599635,15.512081031152137
KI-448c,GAL,63.095444309875816,7.443619740252844,0.0,1296.9825516599635,6.079807486380941
KI-448c,TIO,122.11950653099521,14.406922392363148,0.0,1296.9825516599635,11.767301081103238
KI-448c,MAG,545.7964757353641,64.38977433919561,0.0,1296.9825516599635,52.59234696754179
GY-986e,AMM,83.51298567273571,8.188720018051347,0.0,1296.9825516599635,6.981379854734338
GY-986b,FEO,495.30951976899684,45.98086443142531,0.0,1296.9825516599635,58.3656438450331
GY-986b,GAL,260.7932568189792,24.210112884597855,0.0,1296.9825516599635,30.73101916511064
GY-986d,H2O,1020.9204083775969,94.77468334301125,0.0,1296.9825516599635,120.30190127838185
GY-986d,H,496.75557321797857,45.27600583514405,0.0,1296.9825516599635,62.991590732156176
GY-986f,LES,584.2799771626264,57.30272579558474,0.0,1296.9825516599635,55.644877526027486
GY-986c,FEO,829.1252116119315,97.81518871608742,0.0,1296.9825516599635,79.89359174567834
GY-986c,MAG,1363.6383813201953,160.87382670467508,0.0,1296.9825516599635,131.39869177796157
GY-986c,LIO,158.9706579926833,18.754398846036906,0.0,1296.9825516599635,15.318237428237587
GY-986c,AMM,892.9005315888104,105.33901608450066,0.0,1296.9825516599635,86.0389113021503
GY-986g,HE,1454.7803408363272,142.6762549156265,0.0,1296.9825516599635,138.5484306448829
GY-986g,H,47.732143304031645,4.681286414552556,0.0,1296.9825516599635,4.545850229381312
IZ-455a,GAL,75.99360924672072,12.324274349801877,0.0,1296.9825516599635,7.19476874859698
IZ-455a,MAG,123.02446697522527,19.951510367383207,0.0,1296.9825516599635,11.647460873091077
CH-913a,BRM,82.02212890126545,13.202181042839973,0.0,1296.9825516599635,7.5356947824214
CH-913b,H2O,579.7124783464023,125.57171064356035,0.0,1296.9825516599635,31.022184448171913
CH-913i,AMM,1862.4043281002635,182.61480511525954,0.0,1296.9825516599635,155.69018342274407
CH-913i,HE,668.3390073773052,65.54673850747987,0.0,1296.9825516599635,63.65037938143424
CH-913h,HE,277.28613777692857,30.440110610701954,0.0,1296.9825516599635,24.261792690878043
CH-913h,AMM,86.68961889643907,9.231516930570093,0.0,1296.9825516599635,6.78628576694713
CH-913j,HE,435.07450351159673,39.65418169766501,0.0,1296.9825516599635,55.170060570558825
CH-913j,AMM,543.1397615702485,50.421069548038744,0.0,1296.9825516599635,64.00180213913502
EZ-969a,SIO,63.17496019305189,10.24540812279661,0.0,1296.9825516599635,5.981150701964347
EZ-969a,LIO,797.2256658483627,129.2901853459826,0.0,1296.9825516599635,75.47811405565965
EZ-969a,GAL,1074.5457032328766,174.26460171207384,0.0,1296.9825516599635,101.73365788508956
EZ-969b,GAL,150.35159786248138,18.09190622044469,0.0,1296.9825516599635,22.91827473643689
PB-519d,TIO,946.4204295551168,88.83622876949282,0.0,1296.9825516599635,107.44449563755853
PB-519d,TAI,116.35373802411665,10.921602034895738,0.0,1296.9825516599635,13.209318297812352
PB-519b,FEO,38.418878930872246,3.606207359000857,0.0,1296.9825516599635,4.361589142394559
PB-519b,N,117.45960172703846,10.755295848400745,0.0,1296.9825516599635,14.441194726454382
PB-519b,AUO,142.9722859135167,13.42016539634601,0.0,1296.9825516599635,16.231248470986227
PB-519c,HE,1234.3447084884165,112.50240809996431,0.0,1296.9825516599635,156.52232383789772
PB-296a,LIO,1124.555339817601,194.09094012185756,0.0,1296.9825516599635,90.29750852268869
PB-296a,TIO,2034.1772665397546,351.0857705777727,0.0,1296.9825516599635,163.33668300559185
PB-296d,GAL,165.1002378049979,26.574331328821266,0.0,1296.9825516599635,15.168406590632399
PB-296d,LIO,645.548410008611,103.90667853927991,0.0,1296.9825516599635,59.30906512995017
PB-296d,MAG,150.58941122678783,24.23868652012101,0.0,1296.9825516599635,13.835240022063212
PB-296c,GAL,55.94760676028844,9.073311055539566,0.0,1296.9825516599635,5.296893997636865
PB-296c,SCR,91.92214896277629,14.907487535729809,0.0,1296.9825516599635,8.702818713532782
PB-296c,SIO,1008.9326905315902,163.62380207822062,0.0,1296.9825516599635,95.52168219445103
PB-296b,ALO,2230.9921292574854,385.0547362500486,0.0,1296.9825516599635,179.14016649314408
PB-296b,FEO,52.13198900096848,8.997642354587436,0.0,1296.9825516599635,4.186000061040294
PB-296b,BTS,223.28837218899434,48.36656775539289,0.0,1296.9825516599635,11.948842445030024
PB-296b,BRM,109.28922942163547,18.86261043149653,0.0,1296.9825516599635,8.775508661706995
PB-296b,GAL,65.78509209545469,11.354079180203577,0.0,1296.9825516599635,5.282292212599041
PB-296e,SIO,707.8617150814417,65.71263474309117,0.0,1296.9825516599635,83.4120950738968
PB-296e,SCR,898.2539580234372,83.387239332952,0.0,1296.9825516599635,105.84729043939699
PB-296e,LIO,93.55486116554326,8.684939853689686,0.0,1296.9825516599635,11.024196969414682
PB-296e,HE,191.04430442580014,17.4124328106089,0.0,1296.9825516599635,24.225565418707042
PB-951a,GAL,929.9194128791718,160.49804459828448,0.0,1296.9825516599635,74.6689852750957
PB-951a,AMM,549.2184774617347,118.96639508027194,0.0,1296.9825516599635,29.390357369504795
PB-951a,FEO,700.9965904546048,120.98745383719312,0.0,1296.9825516599635,56.28735497464906
PB-951d,SIO,919.7232962272061,85.38029355456341,0.0,1296.9825516599635,108.37716660203192
PB-951d,BER,523.4559868697522,48.593773806934585,0.0,1296.9825516599635,61.682330903793456
PB-951g,AMM,711.802589120239,69.79456025283238,0.0,1296.9825516599635,59.504090486063376
PB-951g,NE,598.6983884789345,58.7167983333407,0.0,1296.9825516599635,57.01803896091357
PB-951e,AMM,310.3053865025261,36.6079568143315,0.0,1296.9825516599635,29.900685105835702
PB-951h,AR,623.2798583735816,66.37263651986584,0.0,1296.9825516599635,48.79194632010548
PB-951b,GAL,450.3616901074921,54.19231706574992,0.0,1296.9825516599635,68.64917361297412
PB-951b,AR,564.064654553873,74.12407505547048,0.0,1296.9825516599635,79.53848458938894
PB-951b,NE,1396.4733107748452,183.51139654851332,0.0,1296.9825516599635,196.91602728840994
PB-951c,BRM,68.18666467792792,6.400375513031263,0.0,1296.9825516599635,7.741043585641059
PB-951c,ZIR,125.6617650139695,11.795304661382655,0.0,1296.9825516599635,14.266032876317
PB-951c,TIO,490.77925752950676,46.067241403176,0.0,1296.9825516599635,55.71681268484532
PB-951i,AMM,2049.4629219409585,200.95650897835006,0.0,1296.9825516599635,171.32759703183152
PB-994d,TCO,153.50359935659037,24.894467980994413,0.0,1296.9825516599635,14.533102327885628
PB-994b,FEO,41.31303543015995,6.649695399089051,0.0,1296.9825516599635,3.79559064983308
PB-994b,AUO,134.3847379725693,21.630402232599202,0.0,1296.9825516599635,12.346453113841743
PB-994b,SIO,2484.1286859851944,399.8422996989868,0.0,1296.9825516599635,228.22664844966184
PB-994e,AMM,455.2022230696071,64.18490638554727,0.0,1296.9825516599635,38.210520584426426
PB-994e,SIO,35.54883193851486,4.193836655795487,0.0,1296.9825516599635,3.4254462729578004
PB-994a,FEO,44.92694370063534,7.754098380851956,0.0,1296.9825516599635,3.607462379187558
PB-994a,AMM,160.56790382665218,34.78066647017262,0.0,1296.9825516599635,8.59247871147303
PB-994c,FEO,535.685904111755,86.22334463781142,0.0,1296.9825516599635,49.21556568582753
PB-994c,BTS,987.8140199531318,201.17687331422908,0.0,1296.9825516599635,62.68264936675521
PB-673a,O,90.01222086212614,15.737124359794638,0.0,1296.9825516599635,7.713615510877241
PB-673a,ALO,679.0730094507979,110.12876154949019,0.0,1296.9825516599635,64.29189657975265
PB-673a,LIO,1366.2501726084429,221.57181537495163,0.0,1296.9825516599635,129.35106178119355
PB-673c,FEO,542.8689868731909,50.95666999961037,0.0,1296.9825516599635,61.63041569092155
PB-673d,HE,166.7314192358264,20.61531697369453,0.0,1296.9825516599635,16.5907861184443
PB-673b,H,1181.5393782538342,163.30739187294523,0.0,1296.9825516599635,149.8854756702077
PB-673e,AR,498.2558468081386,48.85560723283951,0.0,1296.9825516599635,41.6523646399288
PB-673f,NE,119.43231776683854,11.713215622002075,0.0,1296.9825516599635,11.374335857029648
PB-132a,BRM,47.855795426382976,5.758519199448817,0.0,1296.9825516599635,7.294716404116463
PB-132a,FEO,357.07613191727455,42.967204765693666,0.0,1296.9825516599635,54.42954387880435
PB-132b,LES,1103.360046784755,136.42369989309483,0.0,1296.9825516599635,109.79100778810594
PB-132e,H,95.66171861199805,9.381935792798794,0.0,1296.9825516599635,9.11050322474481
PB-132d,MAG,223.40069487282787,26.355465763497314,0.0,1296.9825516599635,21.526644784050276
PB-132d,TCO,242.24144438971894,28.57818368804861,0.0,1296.9825516599635,23.342118646144836
PB-132d,ALO,57.39176193721273,6.770733715506332,0.0,1296.9825516599635,5.53020693806008
PB-132c,H2O,23.106403641163748,2.14502724239512,0.0,1296.9825516599635,2.7227825665226693
PB-132c,FEO,538.0265698932983,49.94639873327348,0.0,1296.9825516599635,63.39928045841415
PB-132c,H,1203.3804750976483,109.68022172246798,0.0,1296.9825516599635,152.59587303946785
PG-241a,H,163.14526946775464,28.523209068009404,0.0,1296.9825516599635,13.980766934084443
PG-241a,LIO,824.7969984357478,133.7615701158964,0.0,1296.9825516599635,78.08845674135665
PG-241c,GAL,105.48364719591345,9.901275501989689,0.0,1296.9825516599635,11.975266928993369
PG-241b,FEO,41.173084236832594,4.85735199972924,0.0,1296.9825516599635,3.967393026841823
PG-241b,TAI,799.2889377875007,94.29528519144644,0.0,1296.9825516599635,77.01860127770419
PG-241b,CLI,72.04245403672574,8.499133952846956,0.0,1296.9825516599635,6.941931484602966
PG-241f,F,572.9478061510732,56.19133346053134,0.0,1296.9825516599635,54.56563933083194
PG-241e,AR,384.62477960740244,37.72172441551192,0.0,1296.9825516599635,36.63038199368613
PG-241i,CUO,84.08990758686171,7.893141392883376,0.0,1296.9825516599635,9.546494799490263
PG-241i,TAI,182.02419639994415,17.085792580121826,0.0,1296.9825516599635,20.664703936301624
PG-241i,AMM,247.3464630857565,23.217299937555406,0.0,1296.9825516599635,28.08056033456047
PG-710a,AMM,1468.4467440542187,136.31971114670924,0.0,1296.9825516599635,173.03693195486954
PG-710a,BER,182.7851313690249,16.968416737637423,0.0,1296.9825516599635,21.538798371223773
PG-710a,ALO,87.44549847333734,8.117791905788865,0.0,1296.9825516599635,10.30428977445561
PG-710c,SCR,66.18862822710855,6.212828818463173,0.0,1296.9825516599635,7.514212029580231
PG-710c,ALO,193.56146705751001,18.168744282667877,0.0,1296.9825516599635,21.974498387187335
PG-710d,BRM,1737.6521902759873,204.9977187213088,0.0,1296.9825516599635,167.43825026861086
PG-710g,HE3,328.25106878713535,32.19292414941239,0.0,1296.9825516599635,31.261537677790066
PG-710f,F,764.2685146386523,74.95493742779392,0.0,1296.9825516599635,72.78638590456052
PG-710e,AMM,92.46022671928756,9.066026119300567,0.0,1296.9825516599635,7.72933644968388
PG-710b,HE,377.2487643624338,46.64449502625637,0.0,1296.9825516599635,37.53853707759756
PG-502a,N,829.6670233419406,116.98558909769449,0.0,1296.9825516599635,69.64379185112048
PG-502a,FEO,1111.5488695458237,131.13382745942516,0.0,1296.9825516599635,107.10762421059923
PG-502b,GAL,896.5358452325813,83.22774247662045,0.0,1296.9825516599635,105.64483368208802
PG-502b,BRM,42.621419157765395,3.956656631760608,0.0,1296.9825516599635,5.022367774986817
PG-502b,FEO,34.06447910217672,3.1622937436268304,0.0,1296.9825516599635,4.014046118014201
PG-502d,GAL,248.7369978948366,23.347823185526128,0.0,1296.9825516599635,28.238423908256053
PG-502d,TAI,1846.8120839629678,173.35194345109323,0.0,1296.9825516599635,209.66347164761146
PG-502c,O,644.9401397127383,79.74289111299088,0.0,1296.9825516599635,64.17545035131837
PG-502c,HE,237.63422738829487,29.382014163027346,0.0,1296.9825516599635,23.646044993143118
PG-502e,SIO,51.17784483186347,6.0376532762513415,0.0,1296.9825516599635,4.931440733145033
PG-502e,MAG,1360.4225024126936,160.49443671891672,0.0,1296.9825516599635,131.0888132301365
PG-971b,HAL,231.89095646491973,27.357095587616225,0.0,1296.9825516599635,22.344757035315514
PG-971c,SIO,70.72985969573367,8.344281993970686,0.0,1296.9825516599635,6.815451340303613
PG-971c,TCO,213.63886920344277,25.203824483396705,0.0,1296.9825516599635,20.58600601948287
PG-971f,BER,139.48299938758646,16.455362491339226,0.0,1296.9825516599635,13.440428119257747
PG-971f,TCO,209.41863121937794,24.705946275067287,0.0,1296.9825516599635,20.1793485377824
PG-971e,TCO,200.60704553599382,23.666408573840556,0.0,1296.9825516599635,19.33027385115973
PG-971e,O,305.2732540424618,43.04446296548644,0.0,1296.9825516599635,25.625204285701894
PG-971d,SIO,501.6560783128626,47.08819964670121,0.0,1296.9825516599635,56.951628086872454
PG-971h,AMM,664.0638245020876,70.71569256975891,0.0,1296.9825516599635,51.98461981874172
PG-973a,BOR,2573.460669378453,444.1625796444164,0.0,1296.9825516599635,206.63908524385812
PG-973b,LIO,349.3205776377185,42.03397384092735,0.0,1296.9825516599635,53.24735542029003
PG-973b,BRM,797.0172027643272,95.9056018924532,0.0,1296.9825516599635,121.49028997567721
PG-973b,FEO,25.044994207271646,3.0136805523275934,0.0,1296.9825516599635,3.817638563041533
PG-973d,HE,1694.2077223640088,166.15787695967072,0.0,1296.9825516599635,161.35069641168846
PG-973d,AMM,91.44095481173477,8.966083191790794,0.0,1296.9825516599635,7.6441290498458345
PG-973e,AR,130.36261091398876,12.785194152086419,0.0,1296.9825516599635,12.415300543942855
PG-973g,H,51.57085057737849,5.057764128819471,0.0,1296.9825516599635,4.911435915067409
OT-627b,BOR,390.2546516944826,30.643899668097365,0.0,1296.9825516599635,78.19282171708691
OT-627b,HE,148.9557503020962,12.493709939075888,0.0,1296.9825516599635,28.779666147148767
OT-627d,HE,770.767765909874,95.30070505106187,0.0,1296.9825516599635,76.69606130512754
OT-627d,SIO,608.2039964144768,71.7522370010929,0.0,1296.9825516599635,58.60586689091215
OT-627d,LIO,90.4754502449505,10.673747602822813,0.0,1296.9825516599635,8.718114687193633
OT-627d,O,493.4529772841572,69.57837977827727,0.0,1296.9825516599635,41.42135998109917
OT-627e,HE3,208.94684989715853,20.492271707910145,0.0,1296.9825516599635,19.89940153081861
OT-823a,BRM,39.019926184990545,2.9493878795311272,0.0,1296.9825516599635,8.357614179237482
OT-823a,SIO,25.301638746858284,1.9124676530260596,0.0,1296.9825516599635,5.419316626745137
OT-823d,SIO,59.2201164028127,5.558725957542196,0.0,1296.9825516599635,6.723096141836994
OT-823b,TAI,75.02555157658857,9.02787374765566,0.0,1296.9825516599635,11.436234983399826
OT-823b,HE,372.9185948453335,49.00545653894721,0.0,1296.9825516599635,52.585071001588915
OT-823c,FEO,30.81101255551597,2.8602660251126464,0.0,1296.9825516599635,3.6306683266632627
OT-823c,O,1469.5990915538782,133.94429903118328,0.0,1296.9825516599635,186.3539928013837
OT-823e,AMM,176.2047231545225,20.787569846679038,0.0,1296.9825516599635,16.97889295634719
OT-823f,H,96.94245338903703,9.507542687804724,0.0,1296.9825516599635,9.232476136015435
OT-823g,AMM,101.28496384948605,9.931320312891936,0.0,1296.9825516599635,8.467052165722603
OT-680a,BRM,100.22289646806327,17.297820310361164,0.0,1296.9825516599635,8.047516673978311
OT-680a,BOR,289.733381611049,50.00609790416762,0.0,1296.9825516599635,23.26448647656107
OT-680b,FEO,46.25789748182325,7.5018810800277915,0.0,1296.9825516599635,4.379511362560879
OT-680b,ALO,1142.0382935875373,185.21022211824666,0.0,1296.9825516599635,108.12358441521454
OT-680c,LST,66.95277139017259,11.611466469185624,0.0,1296.9825516599635,5.052536444820993
OT-680c,H2O,108.30817810402455,20.15666717476677,0.0,1296.9825516599635,7.40615820380158
OT-680d,O,30.784495255777742,2.5820591253880067,0.0,1296.9825516599635,5.947856958680302
OT-680e,F,218.17798399431908,21.397606764094405,0.0,1296.9825516599635,20.77854397338064
OT-680f,O,553.3559196859436,54.26987706666099,0.0,1296.9825516599635,52.69977336679509
OT-680g,HE,1263.8434719480758,123.95029566693972,0.0,1296.9825516599635,120.36423967519528
OT-680i,FEO,751.5574881880829,88.6642168258101,0.0,1296.9825516599635,72.41925139144097
OT-113a,HE,150.81726498491122,26.367864629260602,0.0,1296.9825516599635,12.924316091229647
OT-113a,TCO,233.73247579136324,37.90559738726305,0.0,1296.9825516599635,22.12884911014365
OT-113b,HAL,55.92810462531734,6.729865451073836,0.0,1296.9825516599635,8.525188195629163
OT-113b,LIO,46.573515293905,5.604221591475605,0.0,1296.9825516599635,7.099256902634581
OT-113c,CLI,352.4728334626382,42.41328684842503,0.0,1296.9825516599635,53.72785756368009
OT-113c,BRM,44.922952999221344,5.4056083497744325,0.0,1296.9825516599635,6.8476597086109905
OT-113d,SIO,41.47727339694156,4.893238401064934,0.0,1296.9825516599635,3.996704359112083
OT-113f,AR,141.45772959119316,13.873337795681367,0.0,1296.9825516599635,13.47196266494848
OT-113h,AMM,1193.324888586081,117.00938871347178,0.0,1296.9825516599635,99.75759183098855
KW-976b,SIO,58.625981805379865,9.5076769080707,0.0,1296.9825516599635,5.550471755851809
KW-976e,HE,783.1972674117505,76.81135758971116,0.0,1296.9825516599635,74.58909722609933
CH-131a,MAG,554.9338502930685,89.32147039475723,0.0,1296.9825516599635,50.9839500176394
CH-131a,H2O,1138.9122650280467,197.46780181479352,0.0,1296.9825516599635,95.57157550932335
CH-131a,LIO,709.4992250842148,114.20012312277298,0.0,1296.9825516599635,65.18447741139593
CH-131c,SIO,49.03424892020519,5.784764767141541,0.0,1296.9825516599635,4.724886193209164
CH-131c,FEO,34.546547940295824,4.0755932384444336,0.0,1296.9825516599635,3.328867291345048
CH-131c,GAL,716.7619218872932,84.55924590401416,0.0,1296.9825516599635,69.06638896528175
CH-131b,CLI,68.20890272352374,11.772413135698889,0.0,1296.9825516599635,5.476914969786736
CH-131b,AMM,549.9411507291995,119.12293357447655,0.0,1296.9825516599635,29.429029822205855
CH-131b,SCR,200.98134867405173,34.688074059061094,0.0,1296.9825516599635,16.13803643290709
CH-131f,F,986.5673316563466,96.75669113174165,0.0,1296.9825516599635,93.95738427968955
CH-131e,AMM,55.055833260452935,5.398403617098219,0.0,1296.9825516599635,4.602466096905715
CH-115a,GAL,39.91858088984877,3.0173142328980376,0.0,1296.9825516599635,8.550095560877061
CH-115a,BRM,250.54404962268626,18.937800644278052,0.0,1296.9825516599635,53.663620267318784
CH-115a,LST,21.696076415458574,1.6399350554832461,0.0,1296.9825516599635,4.647047127254845
CH-115b,SIO,33.03936896425417,3.8977853586384157,0.0,1296.9825516599635,3.1836371860326786
CH-115b,LIO,61.439455455014034,7.248256169007519,0.0,1296.9825516599635,5.920238225124845
CH-115b,BRM,46.515446362375236,5.487611642279122,0.0,1296.9825516599635,4.482177154302959
CH-115d,HE3,231.93373668776576,22.746689661872797,0.0,1296.9825516599635,22.088596009772964
CH-115c,HE,372.9654570705089,46.11489036072014,0.0,1296.9825516599635,37.11232205774346
CH-115c,MGS,1363.8263206942088,160.89599865781173,0.0,1296.9825516599635,131.4168014089438
CH-115c,BER,215.40361125716964,25.41201810072131,0.0,1296.9825516599635,20.756054619142237
GC-602a,CLI,648.8182002035587,76.54365565842603,0.0,1296.9825516599635,62.51940681366077
GC-602a,LST,41.55177523727559,4.902027678570801,0.0,1296.9825516599635,4.003883274350201
GC-602a,MGS,57.424264923610615,6.774568221686847,0.0,1296.9825516599635,5.533338890013079
EZ-566a,CLI,2003.2335120225491,185.9653506836602,0.0,1296.9825516599635,236.05444481598553
EZ-566a,O,33.6586860907916,3.067768033236044,0.0,1296.9825516599635,4.268123586573034
EZ-566b,HAL,112.42229845856272,13.262904306385428,0.0,1296.9825516599635,10.832888796973544
EZ-566b,HE,1256.800313933874,155.39564746185727,0.0,1296.9825516599635,125.05924376843626
EZ-566b,SCR,858.6805861584231,101.30195343913728,0.0,1296.9825516599635,82.74151506876409
EZ-566c,CLI,748.0409868967392,70.21524278819031,0.0,1296.9825516599635,84.9230257963921
EZ-566c,TAI,110.13461693280364,10.337841111356962,0.0,1296.9825516599635,12.503278668808214
EZ-566f,NE,1747.8662522709744,171.420388334414,0.0,1296.9825516599635,166.46095594753552
EZ-566e,BRM,1124.2588517424267,132.63327445455613,0.0,1296.9825516599635,108.33234408944128
EZ-566e,FEO,1283.3750348211006,151.4048414719979,0.0,1296.9825516599635,123.66460415460514
EZ-566d,HEX,1438.5704800235262,202.84283975300917,0.0,1296.9825516599635,120.75627963416532
EZ-566d,LST,1146.2226058699491,135.2244256158151,0.0,1296.9825516599635,110.44874723445626
EZ-566g,N,921.305747210136,90.33702668097001,0.0,1296.9825516599635,77.01778749509663
AJ-946f,TAI,149.0926295061806,17.589048658853855,0.0,1296.9825516599635,14.366401488261124
AJ-946g,NE,1274.4082693577348,124.98642853596517,0.0,1296.9825516599635,121.37039576632584
AJ-946h,H,106.80156811955993,11.724536873787876,0.0,1296.9825516599635,9.344850505516515
AJ-946h,N,84.15508252630423,10.703833064238612,0.0,1296.9825516599635,6.256362702894433
AJ-946j,BER,131.66024043262243,15.53248059998696,0.0,1296.9825516599635,12.686635686559091
AJ-946j,ALO,782.8307303491861,92.35364520274379,0.0,1296.9825516599635,75.4327065448857
AJ-946j,AMM,253.38367995371948,29.89267739677681,0.0,1296.9825516599635,24.415772187030154
AJ-946j,O,48.196587205307566,5.685942493285393,0.0,1296.9825516599635,4.644170033413581
AJ-120b,GAL,35.7120536918943,2.8042115206684333,0.0,1296.9825516599635,7.155395164046433
OF-586c,HE,930.2000700635762,120.14382336295706,0.0,1296.9825516599635,85.80494891996595
OF-586c,BRM,749.6801454584554,92.10615709630052,0.0,1296.9825516599635,67.08369173404392
OF-586d,BRM,679.3777148858908,80.14888277474174,0.0,1296.9825516599635,65.4640879737351
OF-586d,FEO,49.22954925483473,5.807805121988507,0.0,1296.9825516599635,4.74370511824505
OF-586f,N,900.6194976720883,88.32743571306149,0.0,1296.9825516599635,85.77199904895411
GM-498a,GAL,803.5320383201017,138.68440548321695,0.0,1296.9825516599635,64.52056071356283
GM-498a,H2O,32.02614145758527,6.937193036818793,0.0,1296.9825516599635,1.7138165980046147
GM-498a,HE,226.913748050605,42.05962902001353,0.0,1296.9825516599635,16.40398562874843
XV-857b,LST,20.231608020258136,1.588643117013817,0.0,1296.9825516599635,4.053677546466504
XV-857b,CUO,706.3822436143786,55.46713282380219,0.0,1296.9825516599635,141.53327987053908
XV-857b,HE,845.9600269295007,70.95516067741409,0.0,1296.9825516599635,163.44751444296128
OY-799a,BRM,103.1117192625658,17.796412342409482,0.0,1296.9825516599635,8.27947813614116
OY-799a,H,845.9164455985452,156.79495927178752,0.0,1296.9825516599635,61.15275665723811
EL-419j,BRM,47.671230586046654,5.6239640898590295,0.0,1296.9825516599635,4.593547248492446
EL-419j,BER,102.2629874680709,12.064370106914613,0.0,1296.9825516599635,9.853948784868797
EL-419j,BOR,121.13546285421165,14.29083085805517,0.0,1296.9825516599635,11.672479716764292
EL-419j,GAL,55.31844947922945,6.526136824102228,0.0,1296.9825516599635,5.33042483427227
UQ-194a,LIO,54.0129699294878,4.082662742421822,0.0,1296.9825516599635,11.568949700347163
UQ-194a,FEO,565.1702577879694,42.71936087958344,0.0,1296.9825516599635,121.0528932776139
OT-364a,AMM,278.74302877950953,48.32924787488525,0.0,1296.9825516599635,23.39066075650907
OT-364d,HE,82.57905371146609,10.851763048616661,0.0,1296.9825516599635,11.644432491928896
OT-364d,SIO,574.1413503853757,69.08680463743667,0.0,1296.9825516599635,87.51705597246888
OT-364d,LIO,76.37862119190522,9.190689500451535,0.0,1296.9825516599635,11.642485010816998
OT-364b,H,774.4493869595738,135.39946238653056,0.0,1296.9825516599635,66.3665971845196
OT-364b,ALO,143.11990076172967,23.21049018974038,0.0,1296.9825516599635,13.550015580385502
OT-364c,FEO,23.230353850905324,1.824113126059136,0.0,1296.9825516599635,4.654517016521609
OT-364c,TAI,55.88782396285076,4.388470099586772,0.0,1296.9825516599635,11.197884858792861
SE-866a,TAI,165.31667517517184,28.532583294454117,0.0,1296.9825516599635,13.274299055832913
SE-866a,AMM,1065.8374437016062,197.55844616224692,0.0,1296.9825516599635,77.0512243496323
SE-866d,FEO,578.4126542529726,54.292994182871396,0.0,1296.9825516599635,65.6655900124701
SE-866d,BOR,206.09186516146647,19.344916391567885,0.0,1296.9825516599635,23.39703985224245
SE-866b,HE,544.2889513418754,100.8867535343257,0.0,1296.9825516599635,39.34758564609973
SE-866b,LST,707.6049460343955,122.12801304466544,0.0,1296.9825516599635,56.81798074570618
SE-866c,TAI,1972.6055517892203,340.45889293315236,0.0,1296.9825516599635,158.39270893816652
SE-866f,HE3,2070.134898088739,203.02659180811236,0.0,1296.9825516599635,197.15274760209869
XD-005c,TAI,78.1882320639757,9.408441161614062,0.0,1296.9825516599635,11.918326170616893
XD-005h,HE,1012.361383761969,99.28641926335294,0.0,1296.9825516599635,96.41392382651338
XD-005e,GAL,164.31218800026093,19.384560320331087,0.0,1296.9825516599635,15.83294137372856
OF-935a,SIO,47.411980099741534,8.18299950635618,0.0,1296.9825516599635,3.8070013324807572
OF-935a,H2O,79.07837892921525,17.129193674398778,0.0,1296.9825516599635,4.23172546501348
OF-935b,TCO,549.3108177811048,66.0989303902268,0.0,1296.9825516599635,83.7321080492866
OF-935b,N,72.78529748030093,9.56475965974445,0.0,1296.9825516599635,10.263419654524878
OF-935b,O,270.6194123591664,35.56225952332264,0.0,1296.9825516599635,38.15991267267618
YI-209a,BER,510.6408979317971,60.242331432962416,0.0,1296.9825516599635,49.20479422968558
YI-209b,GAL,58.58016444806989,6.910934271757867,0.0,1296.9825516599635,5.644720094459429
YI-209b,TCO,172.0835240740897,20.301375650502813,0.0,1296.9825516599635,16.581778754265887
YI-209b,TIO,743.1936534605104,87.67750208018423,0.0,1296.9825516599635,71.61332149352617
YI-209b,LES,975.402023497231,120.60247542628552,0.0,1296.9825516599635,97.05840941983111
YI-209e,LIO,567.9012562444783,66.99756294186409,0.0,1296.9825516599635,54.72233925928456
YI-209e,AMM,1149.4626819406442,135.60667023685778,0.0,1296.9825516599635,110.76095739426289
YI-209e,LST,647.1027519791118,76.34127742959286,0.0,1296.9825516599635,62.354108113072044
YI-209g,AR,556.293621766557,54.54639993743223,0.0,1296.9825516599635,46.504110145665
YI-209j,BRM,879.9040742158948,103.8057724769389,0.0,1296.9825516599635,84.78658699099692
YI-209j,GAL,555.1239116312228,65.49016893534696,0.0,1296.9825516599635,53.49112841220315
OS-550a,AMM,307.43286278244165,53.303571735424946,0.0,1296.9825516599635,25.798161949494865
OS-550d,AR,1171.0462474954168,165.1211043342074,0.0,1296.9825516599635,98.29979836982604
OS-550d,BRM,529.2183413938019,62.43398609820369,0.0,1296.9825516599635,50.994896210478466
OS-550e,TAI,839.0024868570323,98.98045004039568,0.0,1296.9825516599635,80.84535510414337
OS-550c,BER,148.7987719883058,17.554381122317743,0.0,1296.9825516599635,14.338085701651703
OS-550c,AMM,285.4999821895216,33.68156491347704,0.0,1296.9825516599635,27.51046368027224
OS-550c,FEO,48.21706218639879,5.688358007988538,0.0,1296.9825516599635,4.6461429800293566
OS-550f,LES,1315.3477971665625,129.00153538186856,0.0,1296.9825516599635,125.26933993682152
OS-550g,HE,1187.1093618002496,116.42466780900408,0.0,1296.9825516599635,113.05633879182129
OS-550g,HE3,668.0571280265785,65.5190934472802,0.0,1296.9825516599635,63.62353413162016
MG-630b,CLI,697.8589922801596,120.44592479203166,0.0,1296.9825516599635,56.03541779746782
MG-630b,HE,3004.7292375819225,556.9420016371141,0.0,1296.9825516599635,217.2170512144632
MG-630a,GAL,234.30042714321533,37.71270874086934,0.0,1296.9825516599635,21.526099480636532
MG-630a,AMM,2242.238656096497,388.76562502611074,0.0,1296.9825516599635,188.15697012954104
MG-630a,BRM,994.2063135132868,160.0262261021906,0.0,1296.9825516599635,91.341634626566
MG-630c,MGS,25.712328747258926,2.019004818886769,0.0,1296.9825516599635,5.151814408709507
MG-630c,AUO,79.86181495802882,6.2709757187004245,0.0,1296.9825516599635,16.001399680700892
MG-630c,BRM,27.776189335620412,2.181064992991246,0.0,1296.9825516599635,5.565336918521922
MG-630e,HEX,744.8310810177859,105.023461629409,0.0,1296.9825516599635,62.5225051873235
MG-630e,BOR,810.5966967809094,95.62930635544643,0.0,1296.9825516599635,78.10820447385059
MG-630i,HE3,134.59877352951494,13.20065193648939,0.0,1296.9825516599635,12.818738551635665
MG-630g,NE,415.1869244355287,40.71907889155555,0.0,1296.9825516599635,39.541018798582925
MG-630g,O,694.43354282985,68.10593626924769,0.0,1296.9825516599635,66.13553596065978
MG-630j,BER,247.51794270956816,29.200673116289202,0.0,1296.9825516599635,23.85055620986724
HM-049d,BRM,77.28146738670259,9.117201130562862,0.0,1296.9825516599635,7.44675703793461
HM-049d,LST,51.962251083338906,6.130192791928331,0.0,1296.9825516599635,5.007025255169516
HM-049f,GAL,174.77743433624963,20.619186925551478,0.0,1296.9825516599635,16.841360978603355
HM-049f,SIO,1941.1881882578687,229.00966742856053,0.0,1296.9825516599635,187.05075474992992
HM-049f,BRM,1419.7100931078974,167.48882887001173,0.0,1296.9825516599635,136.80170013822928
HM-049e,HE,1504.6122677584942,186.0360750512085,0.0,1296.9825516599635,149.71803418923196
HM-049e,MGS,38.59950502469958,4.553736655767883,0.0,1296.9825516599635,3.719405769887496
HM-049e,N,1455.509447141422,179.9648125623332,0.0,1296.9825516599635,144.8320061184343
HM-049e,BER,179.70633922786686,21.20066937884689,0.0,1296.9825516599635,17.31630482260801
HM-049e,BRM,624.8171817228936,73.71216034362263,0.0,1296.9825516599635,60.20669512051757
HM-049h,AMM,51.70374870710064,5.069720818092529,0.0,1296.9825516599635,4.32224410048654
HM-049h,HE,528.2912040206437,51.81167794115304,0.0,1296.9825516599635,50.31269339155214
IY-112a,LES,725.9537446619985,89.75972628937974,0.0,1296.9825516599635,72.23679474913843
IY-112a,ALO,60.976243516615284,7.19360921998768,0.0,1296.9825516599635,5.87560363317195
IY-112f,AR,193.02107094081055,18.926344146198307,0.0,1296.9825516599635,16.135854865566795
IY-112d,LIO,207.83013448175228,24.518545016500244,0.0,1296.9825516599635,20.02628274257099
IY-112e,HE,120.675004033943,14.920723822562207,0.0,1296.9825516599635,12.007893838759768
IY-112e,H,947.8333633787064,117.19377975579778,0.0,1296.9825516599635,94.31516075263423
IY-112e,NE,1105.3051426385857,136.66419906088646,0.0,1296.9825516599635,109.98455660715086
IY-112e,FEO,539.7666405180578,63.678410770162365,0.0,1296.9825516599635,52.01131869051161
IY-112c,CUO,589.858038758901,55.367320945662684,0.0,1296.9825516599635,66.96495288251666
IY-112c,H,1049.162149663156,96.06749168785768,0.0,1296.9825516599635,128.99034800169437
YW-650a,BOR,153.47751664048528,26.489221506121204,0.0,1296.9825516599635,12.323659740153955
YW-650a,SIO,64.15474696208497,11.072692210212264,0.0,1296.9825516599635,5.151381711032035
YW-650b,HE,1454.3521712388701,252.15965719013442,0.0,1296.9825516599635,122.0416467701146
YW-650d,H2O,44.32727941892414,4.160802337117603,0.0,1296.9825516599635,5.032353520084348
YW-650d,BRM,713.4711848842055,66.970330966554,0.0,1296.9825516599635,80.99841171840461
OP-630a,TCO,206.33609053501803,33.211603495372096,0.0,1296.9825516599635,18.956906162990077
OP-630a,ZIR,554.3156606027367,89.22196734210661,0.0,1296.9825516599635,50.92715450542356
OP-630c,LIO,557.9392529781434,51.79494463204242,0.0,1296.9825516599635,65.74572550447569
OP-630c,SIO,509.1776800407929,47.26828163606157,0.0,1296.9825516599635,59.99982221412035
OP-630c,O,37.96559307798627,3.460314300247089,0.0,1296.9825516599635,4.814265264463749
OP-630c,GAL,234.9759085117325,21.813421633745172,0.0,1296.9825516599635,27.688787800313353
OP-630c,H,370.6691846063266,33.78406014939651,0.0,1296.9825516599635,47.00307924577246
OP-630b,H2O,229.6778100729576,40.155305859409836,0.0,1296.9825516599635,19.682286486373393
OP-630d,H2O,41.71080278008108,4.920788788343753,0.0,1296.9825516599635,4.019206993136316
OP-630d,O,351.14610740434,49.51267566184636,0.0,1296.9825516599635,29.475856850248775
OP-630d,ALO,937.5728593245163,110.6091877143801,0.0,1296.9825516599635,90.34348757659136
SE-751a,N,386.0544395921996,35.34942780626564,0.0,1296.9825516599635,47.463870600540496
LS-231a,H2O,2105.7624416721474,368.1571802071037,0.0,1296.9825516599635,180.45373924486165
LS-231a,CLI,608.4685828930593,98.67847866605733,0.0,1296.9825516599635,57.60735393537035
LS-231a,BTS,1324.9816787745476,271.6351004950336,0.0,1296.9825516599635,85.56026336224397
LS-231a,BOR,579.6851870017133,94.0105273580437,0.0,1296.9825516599635,54.882257979403676
LS-763a,AMM,223.7756136017516,39.1234059798859,0.0,1296.9825516599635,19.17649656348864
LS-763a,GAL,870.8078578041816,141.22338775487373,0.0,1296.9825516599635,82.44457953064742
LS-763a,FEO,919.7425575565447,149.15937962249677,0.0,1296.9825516599635,87.0775197474653
LS-763a,MAG,200.8858885792763,32.57869745095134,0.0,1296.9825516599635,19.01906657034691
LS-763b,BRM,1047.9304194318754,180.8659770561536,0.0,1296.9825516599635,84.14481940495916
LS-763b,H2O,138.54500690609757,30.01027952330349,0.0,1296.9825516599635,7.413966266301403
LS-763b,CLI,2914.648836554452,503.0494389930937,0.0,1296.9825516599635,234.0351949261191
LS-763b,GAL,113.57962119292236,19.603104156345342,0.0,1296.9825516599635,9.120010771844402
LS-763c,O,1606.3960440059254,297.7537599662701,0.0,1296.9825516599635,116.12913649495933
LS-763d,HAL,89.13317488906999,10.51539405693419,0.0,1296.9825516599635,8.588774513006294
LS-763d,LST,740.2293145866458,87.32778726955655,0.0,1296.9825516599635,71.32768106616064
LS-763f,AR,172.6353922758036,16.931058624040684,0.0,1296.9825516599635,16.441219338877026
LS-763g,H,1111.2202322464718,108.9819106520609,0.0,1296.9825516599635,105.82891104376856
KW-950a,FEO,864.0625769669704,101.93688823454993,0.0,1296.9825516599635,83.26011777245115
KW-950a,TAI,242.29182558541225,28.584127357467263,0.0,1296.9825516599635,23.346973322644846
KW-950a,LIO,217.55933448621644,25.666337317548546,0.0,1296.9825516599635,20.963777734018105
KW-950c,AMM,1223.4037004279623,119.95871409879597,0.0,1296.9825516599635,102.27207038011089
FK-371a,BRM,1156.3291947105154,199.57490089204202,0.0,1296.9825516599635,92.84882799217516
CG-044c,AMM,161.57518117887042,14.99944217654759,0.0,1296.9825516599635,19.039487638519102
CG-044c,LST,48.829521767391434,4.532970861704591,0.0,1296.9825516599635,5.753910156881361
CG-044c,O,770.0289131546932,71.30677181372535,0.0,1296.9825516599635,88.38792055396739
CG-044c,N,80.26149378374065,7.450882160421712,0.0,1296.9825516599635,9.45775030295585
KW-626a,SIO,39.83186855187362,4.79299482460242,0.0,1296.9825516599635,6.071619588455859
KW-626a,GAL,43.36029507289536,5.2175726982771815,0.0,1296.9825516599635,6.609461883088934
KW-626c,TAI,122.34061287405028,11.483563048388474,0.0,1296.9825516599635,13.888991652918047
KW-626c,SIO,566.1149106352848,53.138660304128926,0.0,1296.9825516599635,64.26946116822741
KW-626b,CLI,368.58229905277784,44.35174939130309,0.0,1296.9825516599635,56.18344276198096
KW-626e,HE,631.844826239875,61.96760498144688,0.0,1296.9825516599635,60.174795210868474
KW-626d,NE,1260.7588463992192,155.88509571280943,0.0,1296.9825516599635,125.45314172586065
KW-626d,LIO,76.21037712892097,8.990840365952664,0.0,1296.9825516599635,7.3435479609706915
KW-626d,SIO,47.858796452425196,5.646091978819066,0.0,1296.9825516599635,4.6116208886905765
GM-498c,HE,558.1014279443651,69.00581721955615,0.0,1296.9825516599635,55.53447254189579
GM-498c,HAL,217.353117305064,25.642009059031697,0.0,1296.9825516599635,20.943906873680966
GM-498b,BOR,67.9369701753436,8.174900106067813,0.0,1296.9825516599635,10.355714002213311
GM-498d,FEO,42.13431367438918,4.9707520477765845,0.0,1296.9825516599635,4.060016036228756
GM-498d,SIO,740.6579731480495,87.3783578196873,0.0,1296.9825516599635,71.36898613278198
GM-498d,O,661.4768920901817,93.2702659242479,0.0,1296.9825516599635,55.52559965742814
GM-498e,HE,107.38440150016183,10.531627223936221,0.0,1296.9825516599635,10.226932469429968
OY-661a,NE,894.4928293932486,75.0258645964155,0.0,1296.9825516599635,172.82451297614608
UB-808g,HE,137.9579775539915,13.530102807013451,0.0,1296.9825516599635,13.138657946160649
UB-808f,NE,301.13362819562906,29.533405899207775,0.0,1296.9825516599635,28.67896302263686
UB-808c,BER,116.11892755079067,10.899561431930662,0.0,1296.9825516599635,13.182660913748075
UB-808c,LIO,470.74842370035276,44.18703712934509,0.0,1296.9825516599635,53.44276748171623
UB-808c,CLI,444.0149809396469,41.67768910311684,0.0,1296.9825516599635,50.40779361135104
UB-402a,H,571.8454312733829,105.99448866705191,0.0,1296.9825516599635,41.33969103706323
UB-402c,AR,1149.8868805615043,151.10732564417606,0.0,1296.9825516599635,162.1449938241902
UB-402c,BOR,1181.3013381101428,142.14676352639998,0.0,1296.9825516599635,180.06718251236254
UB-402h,HE,198.55104301437672,19.472712430659588,0.0,1296.9825516599635,18.909339534195343
UB-402b,SIO,784.7018753311875,135.43444177955527,0.0,1296.9825516599635,63.00857038034288
UB-402b,FEO,1371.2049629741332,236.66106143480067,0.0,1296.9825516599635,110.10253337162794
UB-402b,HAL,252.7187943866608,43.61762080728303,0.0,1296.9825516599635,20.292356171350743
UB-402j,O,222.03550841946338,26.19440930459543,0.0,1296.9825516599635,21.395096921756007
UB-402j,SIO,74.7012732021453,8.812805392076077,0.0,1296.9825516599635,7.198132369526774
GY-252b,HE,390.16363913353695,72.61130927857685,0.0,1296.9825516599635,26.679551695704784
GY-252b,TAI,263.7264555452813,45.73747780738899,0.0,1296.9825516599635,19.901902496923103
GY-252b,SIO,983.7968821883048,170.61764991696208,0.0,1296.9825516599635,74.24143165920205
GY-694e,LIO,79.30718318216415,9.356182854967317,0.0,1296.9825516599635,7.641952779770436
GY-135c,SIO,43.969172969924784,5.187217674133976,0.0,1296.9825516599635,4.236821056043901
GY-135c,FEO,35.272941932026804,4.1612888178193055,0.0,1296.9825516599635,3.3988618159465154
GY-135d,SIO,69.31231602584337,8.17704874663758,0.0,1296.9825516599635,6.678858394319366
CC-558c,ALO,29.016547158621044,2.2784613994543967,0.0,1296.9825516599635,5.8138594606573335
CC-558c,MAG,73.64476051241778,5.782795009424601,0.0,1296.9825516599635,14.755728353631971
IZ-911i,GAL,137.7838694338317,16.254909393601963,0.0,1296.9825516599635,13.276701829251177
IZ-911i,H2O,30.556676679136405,3.6048923058259867,0.0,1296.9825516599635,2.9444076932137073
IZ-911i,CLI,78.12069526515496,9.216208170943439,0.0,1296.9825516599635,7.527624111524511
IZ-911i,SIO,567.7304388061185,66.97741093136538,0.0,1296.9825516599635,54.705879479154575
IZ-482c,BER,129.03097824272854,11.9782796034288,0.0,1296.9825516599635,15.204585860985704
LG-598a,GAL,489.4563356070901,45.943064672756904,0.0,1296.9825516599635,55.56662501530322
LG-598a,TIO,569.7280996380398,53.477814103869974,0.0,1296.9825516599635,64.6796565295286
LG-598d,AMM,91.87710449719762,9.00884908779423,0.0,1296.9825516599635,7.680589566772762
LG-598b,SIO,669.4575561570462,62.14747729178856,0.0,1296.9825516599635,78.88667536665046
LG-598b,SCR,600.6774124943416,55.7624385733651,0.0,1296.9825516599635,70.78184957913106
LG-598e,AMM,1158.720343954765,113.61630050023939,0.0,1296.9825516599635,96.86477858972765
LG-598e,AR,225.85885865698117,22.15090154034561,0.0,1296.9825516599635,21.51004487466454
LG-672c,BRM,89.3617241552031,10.542356920063478,0.0,1296.9825516599635,8.610797268443575
LG-672c,LST,44.86935645794318,5.293415889465577,0.0,1296.9825516599635,4.323561745002232
LG-672c,TAI,740.8115025127714,87.3964702875913,0.0,1296.9825516599635,71.38378005318661
LG-672e,GAL,1258.8254728923262,148.5086323116326,0.0,1296.9825516599635,121.29903541926345
LG-672d,MAG,162.63567554197923,15.26587933580407,0.0,1296.9825516599635,18.46357874955817
LG-672d,H,1113.4396943280258,101.95312384661487,0.0,1296.9825516599635,136.8930185828605
LG-672d,AMM,967.588238769532,90.82315580867846,0.0,1296.9825516599635,109.84761851378808
LG-672b,SIO,47.54776817425337,5.609398739608221,0.0,1296.9825516599635,4.581650546540068
LG-672b,TAI,804.291115219081,94.88541189680875,0.0,1296.9825516599635,77.50060558291786
LG-672i,HE,227.7076198719876,22.332217110116602,0.0,1296.9825516599635,21.68611473056389
LG-672i,AMM,699.5701645365685,68.59513121493238,0.0,1296.9825516599635,58.481504574722
CH-657a,TAI,534.7096545674735,86.71661401135127,0.0,1296.9825516599635,50.62415577295607
CH-657a,FEO,703.9187693093136,114.15812617581702,0.0,1296.9825516599635,66.64419302069194
CH-657a,SCR,109.24606227452291,17.716995632298648,0.0,1296.9825516599635,10.34297702861026
OP-802a,H2O,1111.5557636569188,192.72465490437986,0.0,1296.9825516599635,93.27596063472433
OP-802a,LST,42.11914322933634,6.77944551954231,0.0,1296.9825516599635,3.869650935974092
FK-371d,H2O,677.0318193378669,79.8721281754068,0.0,1296.9825516599635,65.23804006376088
FK-371b,GAL,575.445295260257,92.6229673631308,0.0,1296.9825516599635,52.86841694003822
FK-371b,TS,76.59173677154111,12.328111800909722,0.0,1296.9825516599635,7.036783352217901
FK-371b,FEO,579.5955299695001,93.2909840402846,0.0,1296.9825516599635,53.24971528553611
FK-371c,HE,209.22692870679666,25.869625979866818,0.0,1296.9825516599635,20.81934670923484
AJ-768d,AMM,2417.563592567688,237.04997762801992,0.0,1296.9825516599635,202.09946545117145
AJ-768c,H2O,175.6837517899375,20.726108789134432,0.0,1296.9825516599635,16.928692729734344
AJ-768c,FEO,716.3642383185517,84.51232959658442,0.0,1296.9825516599635,69.02806861482075
AJ-768c,GAL,86.07426584695817,10.154522428585302,0.0,1296.9825516599635,8.294021408438983
AJ-768e,AMM,659.8982943844742,64.70517524400071,0.0,1296.9825516599635,55.16508147179504
AJ-768g,N,63.977095534044494,7.077946818977522,0.0,1296.9825516599635,5.2974404615629425
AJ-768g,AMM,588.0565182107855,57.66085529846308,0.0,1296.9825516599635,49.15937200197944
KQ-451d,BOR,190.51970450682595,30.89756007985144,0.0,1296.9825516599635,18.03763802726336
KQ-451d,CLI,557.7805454210434,90.45813900525724,0.0,1296.9825516599635,52.80841476737564
KQ-451j,H2O,710.249609181736,83.79096255265664,0.0,1296.9825516599635,68.43886968914435
KQ-451c,MAG,655.9013952726235,113.20431634458288,0.0,1296.9825516599635,52.66638264265361
KQ-451c,TAI,130.42691949499937,22.51083830706652,0.0,1296.9825516599635,10.47278462667561
KQ-451b,ZIR,848.0182000205456,136.4959670550784,0.0,1296.9825516599635,77.91075909509367
OF-363c,BRM,56.97869931510417,5.289480101066172,0.0,1296.9825516599635,6.714182421790719
OF-363c,AR,1658.9919987484038,151.20621783709774,0.0,1296.9825516599635,210.37015113109769
OF-363e,FEO,967.9925773132038,114.1979224604492,0.0,1296.9825516599635,93.27469808131352
OF-363e,LIO,55.38820323747269,6.534365951537582,0.0,1296.9825516599635,5.337146229552216
LG-758a,BRM,47.96962188030935,7.779480226946878,0.0,1296.9825516599635,4.541570532147827
LG-758a,TAI,791.6061149145482,128.37883387685883,0.0,1296.9825516599635,74.94607761416766
LG-758d,SIO,451.0775474061321,41.874695978010614,0.0,1296.9825516599635,53.15349378036579
LG-758d,HAL,114.05726643206451,10.588231188606327,0.0,1296.9825516599635,13.440132936707215
LG-758d,FEO,577.333832133597,53.595393602349645,0.0,1296.9825516599635,68.03111888847411
LG-758d,BRM,544.2072457059974,50.52016686268647,0.0,1296.9825516599635,64.12759095681491
LG-758b,HE,205.97137533552117,17.05708141107169,0.0,1296.9825516599635,41.79493382076849
LG-758c,HE,1032.4237949545436,192.13897955352195,0.0,1296.9825516599635,70.59756790903333
LG-758e,HE,123.59576758180053,11.264941947168033,0.0,1296.9825516599635,15.672685778450573
YA-424d,BRM,98.31467550857931,11.598572089897594,0.0,1296.9825516599635,9.473493795250363
YA-424d,H,385.251249784541,47.6339532478095,0.0,1296.9825516599635,38.334832848740504
YA-424d,FEO,45.62121988853019,5.382116199529259,0.0,1296.9825516599635,4.396010476666104
YA-424d,SIO,700.1007603234267,82.59366261240203,0.0,1296.9825516599635,67.4609377965681
YA-424b,TAI,564.1281338047502,90.80137096679114,0.0,1296.9825516599635,51.828664916108885
YA-424h,O,1247.8365989218362,122.35443930708682,0.0,1296.9825516599635,104.3145712434657
YA-424h,NE,1435.8307183845677,140.81778797901137,0.0,1296.9825516599635,136.74373176471042
YA-424i,GAL,453.5494496509631,42.10416905993385,0.0,1296.9825516599635,53.44477460636089
YA-424f,O,749.4615747015524,82.91481700324995,0.0,1296.9825516599635,62.057022705852326
AN-240a,O,2334.247053476173,432.6646840647685,0.0,1296.9825516599635,168.7467394467085
AN-240d,SIO,81.78047503967097,9.647966902061555,0.0,1296.9825516599635,7.880276457743513
AN-240d,CLI,603.0418183163409,71.14323438269038,0.0,1296.9825516599635,58.108445097780155
AN-240d,MGS,37.659011548256416,4.442782911271695,0.0,1296.9825516599635,3.628780854863692
AN-240c,SIO,37.97239552643644,4.4797540617529155,0.0,1296.9825516599635,3.6589781896711533
AN-240b,MAG,79.71590370104865,6.025462966462048,0.0,1296.9825516599635,17.074219052184883
AN-240f,F,191.2492840549541,18.75659908118435,0.0,1296.9825516599635,18.21394434883448
AN-240e,BRM,90.91610881979574,10.725733842119594,0.0,1296.9825516599635,8.760576061886935
AN-240e,H2O,52.60994503557533,6.206603815596403,0.0,1296.9825516599635,5.0694363306879175
AN-240e,BOR,679.3375829879682,80.14414825561985,0.0,1296.9825516599635,65.46022090827418
AN-240h,H,2258.196830454458,247.90190325010087,0.0,1296.9825516599635,197.58616061708707
EM-355c,HE,97.75566956134983,16.091708320322688,0.0,1296.9825516599635,6.844024569538607
EM-355a,NE,2995.726231889449,555.2732482771103,0.0,1296.9825516599635,216.56620842832257
EM-355a,BRM,1196.97767948531,206.59056507958536,0.0,1296.9825516599635,96.11274642324298
EM-355a,FEO,1120.09187401163,193.32057494389912,0.0,1296.9825516599635,89.93910922708731
EM-355a,AMM,351.0956227256501,76.05093833909461,0.0,1296.9825516599635,18.788198588046644
EM-355b,SCR,121.2798883142667,20.932120196599584,0.0,1296.9825516599635,9.738312878817052
EM-355b,TIO,793.1202319971255,136.8873954063977,0.0,1296.9825516599635,63.68453234137261
EM-355e,AMM,701.3274937622219,65.10604606943896,0.0,1296.9825516599635,82.64212393645515
EM-355e,BRM,1203.7681347064342,111.74891093274488,0.0,1296.9825516599635,141.8480756336824
EM-355e,TAI,470.69542317566817,43.69587415082724,0.0,1296.9825516599635,55.465199702543224
EM-398a,FEO,768.7253899660305,132.6770042799749,0.0,1296.9825516599635,61.72571948600018
EM-398b,HE,674.8534284091791,117.98678252563406,0.0,1296.9825516599635,57.83170132996947
EM-398b,BRM,97.34876332374026,15.787549488807539,0.0,1296.9825516599635,9.216588697640175
EM-398c,BRM,66.41560341195009,7.991833047243523,0.0,1296.9825516599635,10.123810238275748
EM-398e,HE3,1984.2233720522684,194.60089725829224,0.0,1296.9825516599635,188.97082021929026
EM-398d,FEO,1091.057646963338,128.71639668315856,0.0,1296.9825516599635,105.13311258262426
EM-398d,H2O,90.4166212417643,10.666807312058468,0.0,1296.9825516599635,8.712445989272574
EM-398d,NE,2134.6200609358957,263.9326731355794,0.0,1296.9825516599635,212.4076256139622
AW-066c,LIO,822.8247469845205,99.0110405871505,0.0,1296.9825516599635,125.4241649535282
AW-066c,HE,725.2389499916446,95.30408602689172,0.0,1296.9825516599635,102.26559416873671
AW-066c,MGS,1227.465907008085,147.70177633027285,0.0,1296.9825516599635,187.1041032244385
AW-066a,TAI,1548.2595305655839,267.21952864395325,0.0,1296.9825516599635,124.31934045971943
AW-066a,AMM,333.9474463157207,72.33646620567663,0.0,1296.9825516599635,17.87054731882427
AW-066d,GAL,69.06735749996199,8.148150018072661,0.0,1296.9825516599635,6.65525446069474
AW-066d,ALO,207.0251322792686,24.423575714819343,0.0,1296.9825516599635,19.948713617402827
AW-066b,LIO,83.05782940980393,14.33524133836264,0.0,1296.9825516599635,6.669227198924916
AW-066b,MGS,47.11347804055412,8.131479991713716,0.0,1296.9825516599635,3.783032754609004
AW-066b,FEO,46.34321677665675,7.998537905578997,0.0,1296.9825516599635,3.7211837102989644
AW-066b,H,685.2918544154165,127.02236605215111,0.0,1296.9825516599635,49.540928339087834
LG-854a,LIO,712.3327350455869,122.9439986892925,0.0,1296.9825516599635,57.19760418744872
LG-854a,AMM,457.52627016057653,99.10491589263523,0.0,1296.9825516599635,24.48362744112669
LG-854b,FEO,880.506082181685,105.95187342094339,0.0,1296.9825516599635,134.21660019204324
LG-854c,HE,374.22060944682227,34.10774918374337,0.0,1296.9825516599635,47.453421249223624
LG-854f,N,1467.0986815352471,143.88436494321064,0.0,1296.9825516599635,139.7215883540414
LG-854f,NE,2300.7559016511186,225.64453636615303,0.0,1296.9825516599635,219.11632328455997
LG-854e,AMM,951.3288512224964,112.2320366214372,0.0,1296.9825516599635,91.66899979761942
JS-309a,SCR,140.02100569243368,24.1667152067949,0.0,1296.9825516599635,11.243153188813912
JS-309b,N,1060.0521762756684,196.4861171217771,0.0,1296.9825516599635,76.63299740424519
JS-309c,TIO,470.79940628262693,36.96850173926729,0.0,1296.9825516599635,94.33105763153746
JS-309c,HE,110.11375269218746,9.235825294755113,0.0,1296.9825516599635,21.275023181473394
JS-309c,SIO,670.6577568584432,52.66194502375979,0.0,1296.9825516599635,134.37539357318843
JS-309c,ZIR,1173.1284331123513,92.11736451057253,0.0,1296.9825516599635,235.05222044966723
JS-309e,GAL,706.5332515168832,83.35252910348275,0.0,1296.9825516599635,68.08076555975788
JS-309e,SIO,63.71798433646093,7.5170632555758825,0.0,1296.9825516599635,6.139794757341667
JS-309d,TCO,122.34099275546843,14.721371766680532,0.0,1296.9825516599635,18.648584540237398
JS-309d,CLI,623.0166166258404,74.96799742748955,0.0,1296.9825516599635,94.9671715378518
JS-309d,MGS,40.16977270209755,4.833655052257214,0.0,1296.9825516599635,6.1231267241265925
AJ-575a,LIO,244.19026790288297,42.14565258617343,0.0,1296.9825516599635,19.607547993764904
AJ-575b,AMM,1630.0525106071423,225.29898623997462,0.0,1296.9825516599635,206.78210173650209
AJ-575b,HE,652.0032900880324,90.11714612018717,0.0,1296.9825516599635,82.71059354603277
AJ-575c,LIO,56.90488817127239,5.282628021583347,0.0,1296.9825516599635,6.705484759499292
AJ-575f,H,43.586234362338296,4.784839969753255,0.0,1296.9825516599635,3.8136785010356324
AW-726b,BRM,590.8865828933681,69.70923306402942,0.0,1296.9825516599635,56.93718000674813
AW-726b,GAL,65.98744887618838,7.784800985811268,0.0,1296.9825516599635,6.358477859578757
AW-726b,AMM,504.6444728292074,71.15641489644821,0.0,1296.9825516599635,42.36079491621648
AW-726c,ALO,74.36711921433682,8.773383921205383,0.0,1296.9825516599635,7.165933659478795
AW-726c,TAI,508.50197546532365,59.98999426871139,0.0,1296.9825516599635,48.99869001777787
AW-726e,N,37.160353466537515,3.644467769545555,0.0,1296.9825516599635,3.5390282027306754
AW-726a,MGS,49.43402406785076,8.53199114851201,0.0,1296.9825516599635,3.9693637578578924
AW-726d,AMM,675.904299181436,66.27461610201922,0.0,1296.9825516599635,56.50312487359826
EY-363a,SIO,93.73367819412478,16.177823427282963,0.0,1296.9825516599635,7.5264571745929025
EY-363c,TAI,153.53089789977628,14.25267054357652,0.0,1296.9825516599635,18.0915757690377
EY-363d,SIO,53.28908478681257,4.9469636367981025,0.0,1296.9825516599635,6.279410387560164
EY-363d,TAI,157.59295553724655,14.629761865439797,0.0,1296.9825516599635,18.570235273618106
EY-363d,BOR,167.31862618401487,15.532621038674156,0.0,1296.9825516599635,19.716276297396753
EY-363e,HE,1048.2603443165563,102.80717707366802,0.0,1296.9825516599635,99.83282117273495
EY-363e,O,769.9024898677729,85.17624680511943,0.0,1296.9825516599635,63.74957423806889
EY-363b,CUO,101.01732338639819,9.482041775296743,0.0,1296.9825516599635,11.46821753098643
EY-358a,H2O,820.3137249442559,76.15184581045537,0.0,1296.9825516599635,96.66306985906182
EY-358a,SIO,27.27443077168889,2.5319559865156864,0.0,1296.9825516599635,3.2139291674402566
EY-358b,TAI,147.3647983540486,13.680255566745451,0.0,1296.9825516599635,17.36498288996926
EY-358b,NE,1481.469782142736,135.02623446451253,0.0,1296.9825516599635,187.85926767618267
EY-358b,HE,148.5686260996955,13.5410538801494,0.0,1296.9825516599635,18.839394252360346
EY-358d,N,51.06809171376985,7.200757201564976,0.0,1296.9825516599635,4.28675052700257
EY-358d,BOR,127.40084667864822,15.02998303022772,0.0,1296.9825516599635,12.276205198017415
EY-358e,N,41.24388270422448,4.044096917403159,0.0,1296.9825516599635,3.447837597025365
EY-358c,BRM,1092.095400390275,102.51008304288857,0.0,1296.9825516599635,123.98257245798084
IY-206a,HE,788.053761444757,103.55861812911729,0.0,1296.9825516599635,111.12308040265135
IY-206a,AMM,425.39026349369755,64.81928665753203,0.0,1296.9825516599635,48.82067511644478
IY-206b,H,440.3598945574361,54.447799043586485,0.0,1296.9825516599635,43.818476800761545
IY-206b,FEO,46.60023429310516,5.497614410653601,0.0,1296.9825516599635,4.490347225876984
IY-206f,AR,158.06027300482148,15.498324137102351,0.0,1296.9825516599635,13.213260152306118
IY-206g,AMM,855.1120626849959,83.84652050192258,0.0,1296.9825516599635,71.48423780899888
IY-206g,HE,1014.3107327251117,99.47759988476896,0.0,1296.9825516599635,96.59957332427015
CB-276a,MAG,131.13681126989124,12.17376953259944,0.0,1296.9825516599635,15.452730295031326
CB-276b,AR,848.5085512946196,104.91287616935416,0.0,1296.9825516599635,84.43174033256939
CB-276b,H2O,46.681680085330804,5.507222893697068,0.0,1296.9825516599635,4.498195252667568
CB-276c,FEO,651.0406556291674,61.110257994853555,0.0,1296.9825516599635,73.91084627843783
CB-276c,H,531.1725290488694,48.63729837718962,0.0,1296.9825516599635,65.30556729763038
FA-056a,AMM,276.15801676192655,47.88105124337004,0.0,1296.9825516599635,23.17374003415224
FA-056a,TAI,247.4524095276463,39.82963565848828,0.0,1296.9825516599635,22.73442370192269
FA-056a,HE,806.940086174466,139.90953465514562,0.0,1296.9825516599635,67.71420217818422
FA-056b,SIO,24.703865455096228,1.8672839360433084,0.0,1296.9825516599635,5.291280542937224
FA-056b,HAL,109.35186046642586,8.26554746246334,0.0,1296.9825516599635,23.421896167290775
FA-056f,AMM,71.20197687760795,6.981585542484626,0.0,1296.9825516599635,5.952224591018009
FA-056c,BRM,567.7165355071656,68.31370245619742,0.0,1296.9825516599635,86.53771372002241
FA-056c,HE,852.0476025616925,111.96808722763986,0.0,1296.9825516599635,120.14682104018684
FA-056d,SIO,34.32980690399891,3.2223845602844245,0.0,1296.9825516599635,3.8973680966172837
FA-056e,HE,1055.7902805364363,103.54566869982541,0.0,1296.9825516599635,100.54994719983037
IY-387a,LIO,178.5872533214147,30.822998801069048,0.0,1296.9825516599635,14.339875911708878
IY-387a,GAL,67.87704112847,11.715135982059865,0.0,1296.9825516599635,5.450267748305775
IY-387a,FEO,60.50890478149218,10.443443554043908,0.0,1296.9825516599635,4.858634476887158
IY-387c,BRM,502.5806542606654,47.174985432224034,0.0,1296.9825516599635,57.05659263887076
IY-387e,TAI,973.6848829303237,114.86946632423516,0.0,1296.9825516599635,93.82320237800671
IY-387e,H,338.96558237842856,41.91101446824816,0.0,1296.9825516599635,33.72912858613769
IY-387d,TAI,120.13205463723644,14.172454812159897,0.0,1296.9825516599635,11.575792406671013
IY-387d,BOR,527.0506569476263,62.17825576916524,0.0,1296.9825516599635,50.78602052590059
IY-387b,LST,342.2785306942255,41.186599721111385,0.0,1296.9825516599635,52.17392774241809
IY-387b,AMM,417.0372617439018,63.54648927278675,0.0,1296.9825516599635,47.862027917224346
LG-907h,AMM,791.3975796360405,77.59910809557746,0.0,1296.9825516599635,66.15794028976163
LG-907h,HE,86.61369229262687,8.49455886489519,0.0,1296.9825516599635,8.248799356611835
LG-907a,H2O,733.4189127799975,86.52433716501253,0.0,1296.9825516599635,70.67143825271803
LG-907a,LST,893.0838978653387,105.3606485311946,0.0,1296.9825516599635,86.05658027449816
LG-907a,FEO,46.95110836343463,5.539008415954843,0.0,1296.9825516599635,4.524157064652176
LG-907d,TAI,1445.776709904359,170.5640110082787,0.0,1296.9825516599635,139.31345060891968
LG-907g,N,145.1306110169533,14.230528702730053,0.0,1296.9825516599635,12.132387746613926
LG-907c,H2O,1766.8413758367412,208.44128267776267,0.0,1296.9825516599635,170.25088802454874
LG-907c,BER,147.1016491510632,17.35416481207369,0.0,1296.9825516599635,14.17455281518053
LG-907c,N,760.3109417091983,107.20616935574556,0.0,1296.9825516599635,63.82191346262715
LG-907b,BRM,35.146440468028025,3.262735017007666,0.0,1296.9825516599635,4.1415408848477036
LG-907b,HE,1105.349899066097,100.74537897138431,0.0,1296.9825516599635,140.1650071216187
LG-907i,TAI,120.24051514464638,14.185250328267673,0.0,1296.9825516599635,11.58624354164819
GC-032a,BRM,2597.027239928651,448.23001649841575,0.0,1296.9825516599635,208.53139105555093
GC-032a,TAI,1210.1478380405579,208.86364881769347,0.0,1296.9825516599635,97.17025996862402
GC-032c,GAL,56.71478566539756,9.197728403204279,0.0,1296.9825516599635,5.369527405442801
GC-032c,HE,246.2455603534056,43.051898611240695,0.0,1296.9825516599635,21.102063204685393
GC-032e,HE,178.05644604914855,22.01558705213731,0.0,1296.9825516599635,17.71769488289091
GC-032e,TAI,237.09736098671647,27.971315772576897,0.0,1296.9825516599635,22.84644043789665
GC-032h,HE3,122.6508517274631,13.464450560035987,0.0,1296.9825516599635,10.731620274379706
GC-032d,TAI,1314.8970014031972,226.9426733655919,0.0,1296.9825516599635,105.58121862630693
GC-032d,HE,321.4139792650778,59.57573239114917,0.0,1296.9825516599635,23.235570087923204
GC-032f,AMM,491.00961490965136,54.32162734064401,0.0,1296.9825516599635,40.65664718484589
GC-032f,HE,64.64279988570708,6.3397836333496524,0.0,1296.9825516599635,6.156364796287524
GC-032i,AMM,885.0686044368492,86.78385690702108,0.0,1296.9825516599635,73.98849502623516
GC-032j,SIO,67.18577525947737,6.237029373808544,0.0,1296.9825516599635,7.9169506616305965
GC-032j,TAI,461.92767231868623,42.88194115048551,0.0,1296.9825516599635,54.4320367944706
GC-032g,HE,453.8285258833028,44.50881870570589,0.0,1296.9825516599635,43.22111612180931
YW-240e,HAL,102.00587618746519,9.469469446846226,0.0,1296.9825516599635,12.020036768998107
YW-240e,BRM,461.85298456328354,42.87500769288215,0.0,1296.9825516599635,54.423235835156405
JS-913c,AMM,707.6817178547876,66.42689973724235,0.0,1296.9825516599635,80.34114952756364
JS-913d,AR,1158.6056167134045,136.68529850396564,0.0,1296.9825516599635,111.64196051401143
QQ-786c,SIO,81.71273269842553,9.639975069464747,0.0,1296.9825516599635,7.873748880389016
QQ-786d,TIO,569.8783892012871,67.23081315616051,0.0,1296.9825516599635,54.91285361232312
QQ-786d,SCR,72.75140973412641,8.582772267496408,0.0,1296.9825516599635,7.010245674378698
QQ-786d,HEX,335.6406018400848,47.32635192996484,0.0,1296.9825516599635,28.174295896658453
UQ-328c,GAL,271.1594382473343,21.292206469877257,0.0,1296.9825516599635,54.33047759896572
UQ-328c,SIO,436.1825375271101,34.25028723916644,0.0,1296.9825516599635,87.39509764937952
UQ-328d,SIO,21.515369564120675,2.5889585078324955,0.0,1296.9825516599635,3.2796136372125417
UQ-328d,LIO,603.788719801073,72.65429201221183,0.0,1296.9825516599635,92.03624011910532
UQ-328d,HE,297.95526870966233,39.15448082538651,0.0,1296.9825516599635,42.01452857799526
IA-982b,N,1612.3607475835875,281.8941845290119,0.0,1296.9825516599635,138.1715810649826
IA-982d,MAG,962.3247113253057,89.33509315770077,0.0,1296.9825516599635,113.39717716445706
IA-982c,SIO,43.40177944558922,7.49086494660392,0.0,1296.9825516599635,3.4849975013444947
IA-982c,CLI,84.34150421240565,14.556795263212718,0.0,1296.9825516599635,6.772301393963722
IA-982c,TCO,261.1768359249358,45.07742378507136,0.0,1296.9825516599635,20.97150467640476
IA-982e,BRM,106.65709566603174,10.011421831765812,0.0,1296.9825516599635,12.10848529061283
IA-982e,HE,133.32427595977938,12.207959252693142,0.0,1296.9825516599635,16.39169384698764
IA-982e,GAL,456.4781949418072,42.84755494257207,0.0,1296.9825516599635,51.82270785101358
IA-982f,LES,572.8022622179346,56.17705937205009,0.0,1296.9825516599635,54.55177821176111
AM-644b,O,748.4726175421853,98.35723623480933,0.0,1296.9825516599635,105.54176241204786
AM-644b,SIO,359.42003011935935,43.249247571126126,0.0,1296.9825516599635,54.78682709835984
AM-644b,LIO,68.40735133984937,8.231501379596585,0.0,1296.9825516599635,10.427414768365782
EX-292a,TAI,114.65787030442881,9.003260457013823,0.0,1296.9825516599635,22.973262130886297
EX-292a,GAL,669.9334876016356,52.60507335204001,0.0,1296.9825516599635,134.23027638720023
EX-292b,HE,417.3257531463253,51.59976878880102,0.0,1296.9825516599635,41.526440210865935
EX-292b,BRM,46.6718338170713,5.506061290389791,0.0,1296.9825516599635,4.4972464771080665
EX-292b,GAL,65.8753093526224,7.771571441580168,0.0,1296.9825516599635,6.347672218658829
EX-292c,HE,910.762104154543,89.32216259201265,0.0,1296.9825516599635,86.73794708340782
EX-292c,AMM,701.0541847471138,68.74064422596165,0.0,1296.9825516599635,58.605563231210695
CH-657d,ALO,1224.7804886005954,114.96463546214815,0.0,1296.9825516599635,139.04594380562207
CH-657d,HAL,157.92769498391775,14.823962377085342,0.0,1296.9825516599635,17.92909472878304
CH-657b,CLI,43.374539072004715,4.02657070224606,0.0,1296.9825516599635,5.111112947313799
CH-657b,AMM,956.9894128289056,88.83980359214071,0.0,1296.9825516599635,112.76848314704135
CH-657b,BRM,478.65058274336417,44.434372199044006,0.0,1296.9825516599635,56.40260952716178
CH-657c,FEO,2008.7216838211777,236.97686167216523,0.0,1296.9825516599635,193.55820796463078
CH-657c,HE,300.53122209114747,37.15884164062538,0.0,1296.9825516599635,29.90467693780378
AW-006c,LST,23.690661307143337,2.850712787643141,0.0,1296.9825516599635,3.61119597160246
AW-006d,NE,1470.163033974012,181.7766386640959,0.0,1296.9825516599635,146.29012676613115
AW-006d,TAI,221.92624770293293,26.18151938464485,0.0,1296.9825516599635,21.38456867950975
AW-006d,AMM,607.2825360351386,71.64352866652888,0.0,1296.9825516599635,58.51707598415207
IZ-911b,GAL,873.4233385032237,68.58367231922436,0.0,1296.9825516599635,175.00223275901305
HP-454g,HE,2006.036415700274,196.74019161679274,0.0,1296.9825516599635,191.04822178995084
HP-454g,H,57.643586578990636,5.6533421727894755,0.0,1296.9825516599635,5.48978305045718
JS-869b,HE,1364.9959651353215,168.77337587630996,0.0,1296.9825516599635,135.82536641200403
JS-869b,H2O,36.258701827054836,4.277582821198432,0.0,1296.9825516599635,3.4938485531843324
JS-869a,H2O,568.6196947511124,52.786437679580985,0.0,1296.9825516599635,67.00427361580506
CG-856a,CLI,64.38880840411106,5.977379702920394,0.0,1296.9825516599635,7.587365291652634
XD-354g,NE,115.42481668192313,11.320183608634794,0.0,1296.9825516599635,10.992674811346626
OP-964a,SIO,22.748449825580334,1.786272658206694,0.0,1296.9825516599635,4.557960997590457
OP-964b,LST,1158.2184344047168,199.90097137997606,0.0,1296.9825516599635,93.0005267404255
OP-964e,HE,109.61258149437542,12.033126256378587,0.0,1296.9825516599635,9.590806629749181
OP-964c,N,531.1534779835245,65.6738685515716,0.0,1296.9825516599635,52.85298829507556
OP-964c,SIO,49.31835043861793,5.818281349738328,0.0,1296.9825516599635,4.752261902460928
OP-964c,TAI,526.2438209455637,62.08307012687695,0.0,1296.9825516599635,50.708274697825736
MG-708a,HE,142.03033553426377,24.831617659891975,0.0,1296.9825516599635,12.171318390980513
MG-708a,BRM,929.1873537125136,150.6910907776574,0.0,1296.9825516599635,87.97171499484747
CB-528a,AMM,255.23384659114586,38.891524528607725,0.0,1296.9825516599635,29.292369319429557
CB-528c,GAL,744.2115082783729,87.79758244886732,0.0,1296.9825516599635,71.71140086216167
CB-528c,TAI,773.6304260947999,91.2682488304171,0.0,1296.9825516599635,74.54617536510536
CB-528b,TIO,1365.289064245386,128.15354345721724,0.0,1296.9825516599635,154.99749405903623
CB-528b,N,1076.9356385117815,98.61059659300965,0.0,1296.9825516599635,132.40498890630153
CB-528b,MAG,556.1039292720692,52.19897451246886,0.0,1296.9825516599635,63.13294212254987
CB-528e,NE,675.9944353645844,66.29753762425472,0.0,1296.9825516599635,64.37945682617254
CB-528d,HE,508.68151700218016,49.88847577425165,0.0,1296.9825516599635,48.44513216214787
SO-014a,H2O,39.37266165076167,3.6957346528488086,0.0,1296.9825516599635,4.469869458505771
SO-014b,SIO,65.33696046335889,7.708060288546924,0.0,1296.9825516599635,6.295797512916931
SO-014h,AR,282.01034114203503,27.652031683513187,0.0,1296.9825516599635,23.575032057781137
SO-014c,H,683.0539400601222,62.25587762517115,0.0,1296.9825516599635,86.6153427560513
SO-014c,GAL,117.93076159758478,10.947817768255824,0.0,1296.9825516599635,13.896572860114404
SO-014c,BRM,704.1937156087881,65.37212486037117,0.0,1296.9825516599635,82.97987008669179
SO-014e,HE,457.89765467528235,56.61623547563439,0.0,1296.9825516599635,45.563590159991264
SO-014e,FEO,48.33074656527017,5.701769804925403,0.0,1296.9825516599635,4.657097481504175
SO-014e,LIO,67.39551650422045,7.950916306913617,0.0,1296.9825516599635,6.4941577046115615
SO-014d,LIO,1761.4087514440137,207.80037443766082,0.0,1296.9825516599635,169.72740632448517
SO-014d,AMM,302.2865540932999,35.66194336014375,0.0,1296.9825516599635,29.12799925114529
SO-014d,CLI,55.549990991143225,6.553452694330589,0.0,1296.9825516599635,5.3527359192157045
SO-014d,SIO,39.429646443982556,4.65167173053221,0.0,1296.9825516599635,3.7993972822845565
TD-260f,H,39.2401224734178,3.848439217785421,0.0,1296.9825516599635,3.7370984707420503
LE-137a,BRM,89.65823826895505,15.474428993519798,0.0,1296.9825516599635,7.199214878596684
LE-137b,ALO,201.59418153827954,34.79384502696636,0.0,1296.9825516599635,16.187244576625094
LE-137b,GAL,2859.5772863909006,493.54444749401335,0.0,1296.9825516599635,229.61315930530426
LE-137b,HE,192.39514668473203,35.66142891001151,0.0,1296.9825516599635,13.908576489395635
LE-137b,LST,721.8652676235395,124.58925183450205,0.0,1296.9825516599635,57.96303022850074
LE-137d,BOR,198.68803788147608,23.440015631923686,0.0,1296.9825516599635,19.145360388199403
LE-137g,AMM,947.6489310604268,92.92006158501977,0.0,1296.9825516599635,79.21998122054531
LE-137g,HE,778.9048970729363,76.39038728411792,0.0,1296.9825516599635,74.18030618218994
LE-137e,AR,196.34353411119847,19.256213008611237,0.0,1296.9825516599635,18.69910374423813
LE-137f,AR,445.042050414613,48.856135938295,0.0,1296.9825516599635,38.93998471199824
IA-335a,GAL,476.656598570087,57.356400618859645,0.0,1296.9825516599635,72.65733810794947
IA-335a,HE,234.50029683678142,30.815824857892334,0.0,1296.9825516599635,33.06677363237988
IA-335h,AMM,54.61536025721279,5.355213805717528,0.0,1296.9825516599635,4.565644166440607
IA-335b,SIO,40.267558223565445,3.779734568936843,0.0,1296.9825516599635,4.571464593088695
IA-335b,BOR,887.0281132887798,83.26133918530815,0.0,1296.9825516599635,100.70185012114396
IA-335c,N,368.67695514320224,51.98457883795649,0.0,1296.9825516599635,30.947428790014566
IC-012a,GAL,111.38195168605479,19.223800688065822,0.0,1296.9825516599635,8.943546284948972
IC-012a,FEO,42.9661966308906,7.415686184819291,0.0,1296.9825516599635,3.4500218611692723
IC-012g,AMM,1040.3848313842807,102.01311839836126,0.0,1296.9825516599635,86.97236297430855
IC-012c,BER,707.8305013743731,83.50557081279896,0.0,1296.9825516599635,68.20576712653562
IC-012c,TCO,1124.177912542597,132.62372573622628,0.0,1296.9825516599635,108.32454487733571
IC-012f,ALO,2119.701329177518,250.06957047192577,0.0,1296.9825516599635,204.25208429838958
IC-012f,BER,117.18325346898595,13.824573046270904,0.0,1296.9825516599635,11.29164917549684
IC-012f,HAL,87.47114653335726,10.319317981826707,0.0,1296.9825516599635,8.428623292103358
IC-012e,FEO,42.209915449343924,4.979671088930924,0.0,1296.9825516599635,4.067300939954864
IC-012e,SIO,63.508040965271604,7.492295403645956,0.0,1296.9825516599635,6.119564845438611
IC-012e,CLI,514.4878195894836,60.69616803406042,0.0,1296.9825516599635,49.57547936154799
AX-383c,BRM,42.63364724338715,5.029660408781379,0.0,1296.9825516599635,4.108131268702361
AX-383a,SIO,1196.340009054975,207.4785197454284,0.0,1296.9825516599635,90.28082588131622
AX-383g,AR,479.3640279316249,47.00320291313607,0.0,1296.9825516599635,40.07307774626383
AX-383f,O,410.8806050559619,45.45675365940695,0.0,1296.9825516599635,34.02179364233035
AX-383e,AMM,1058.9229175260907,103.83083807228921,0.0,1296.9825516599635,88.5220791063952
AX-383d,TAI,544.9933895593097,64.29503107874966,0.0,1296.9825516599635,52.51496246856901
AX-383d,N,1463.855788874802,172.69687163842272,0.0,1296.9825516599635,141.05553073647283
AX-383d,GAL,541.3556679287561,63.8658746343359,0.0,1296.9825516599635,52.16443562079551
AX-383b,HE,806.9372587900049,99.772840920349,0.0,1296.9825516599635,80.29514492798141
HM-910b,AMM,1116.4873315425912,241.84268817807333,0.0,1296.9825516599635,59.74664549564025
HM-910b,SIO,52.93488054938814,9.136216215678115,0.0,1296.9825516599635,4.250469192855521
HM-910d,GAL,1216.1153130815885,143.4699454119066,0.0,1296.9825516599635,117.18353148388336
HM-910d,FEO,49.68931817720412,5.862045884755718,0.0,1296.9825516599635,4.788007944967347
HM-910d,LIO,55.4853167113216,6.545822813104891,0.0,1296.9825516599635,5.34650397687919
HM-910d,LST,47.94025400717891,5.655701849534606,0.0,1296.9825516599635,4.619470048905404
HM-910a,BOR,579.2078006429253,93.9331071576495,0.0,1296.9825516599635,54.837060962322084
HM-910a,LST,723.0918615862462,117.26752513314027,0.0,1296.9825516599635,68.45942414993317
HM-910a,HE,190.87231113927683,33.37081641215338,0.0,1296.9825516599635,16.356841389971844
ZK-780a,H2O,24.253482087903528,2.2515135028981494,0.0,1296.9825516599635,2.8579505158807827
ZK-780a,BOR,537.9665215829558,49.94082429323752,0.0,1296.9825516599635,63.39220456313036
ZK-780a,TAI,117.33815174966762,10.892804262578577,0.0,1296.9825516599635,13.826741665796305
ZK-780a,ALO,827.1691973976259,76.78825705819148,0.0,1296.9825516599635,97.47089617297846
ZK-357a,LST,2084.5288480114154,359.77612616849177,0.0,1296.9825516599635,167.37972312650362
ZK-357a,LES,2547.590057203579,472.20890590182063,0.0,1296.9825516599635,184.16967259731655
ZK-357a,ALO,92.96817911222352,16.045703262798458,0.0,1296.9825516599635,7.4649905153502365
ZK-357c,CLI,693.71964716512,65.11634296231496,0.0,1296.9825516599635,78.75607423072918
ZK-357c,GAL,965.9524504531025,90.66961171711114,0.0,1296.9825516599635,109.66191198723816
ZK-357c,LST,485.37610552878573,45.560071827981986,0.0,1296.9825516599635,55.10340777150947
ZK-357c,H2O,26.54353338606457,2.4915220874337405,0.0,1296.9825516599635,3.0134139839363154
ZK-357d,BER,212.68180093239874,25.09091534466198,0.0,1296.9825516599635,20.493783975515736
ZK-357d,GAL,64.19317959478926,7.573123924361974,0.0,1296.9825516599635,6.185584048798088
ZK-357b,ALO,123.46167733441877,14.856224475885607,0.0,1296.9825516599635,18.819411837309183
ZK-357b,BRM,33.475324249025185,4.028107686399724,0.0,1296.9825516599635,5.102683901851052
ZK-357b,CLI,478.35438202359137,57.56069601352195,0.0,1296.9825516599635,72.91613327995674
ZK-357b,HE,82.43582809316612,10.832941684088638,0.0,1296.9825516599635,11.624236316646527
ZK-357g,AMM,69.90375263673329,6.8542904309096535,0.0,1296.9825516599635,5.8436977973803454
ZK-357g,F,195.28085974413244,19.151992189404506,0.0,1296.9825516599635,18.597898179582984
ZK-357f,HE,487.23856231477845,60.24405867810214,0.0,1296.9825516599635,48.483188190158515
IZ-911a,AMM,1232.6357344377632,215.50564642646106,0.0,1296.9825516599635,105.63096909901196
IZ-911a,BRM,525.8295786473573,85.27648644047525,0.0,1296.9825516599635,49.78342596227166
IZ-911a,GAL,961.5224850960144,155.93504529248193,0.0,1296.9825516599635,91.03307495742654
IZ-911a,BTS,204.31369114699643,41.88644334958313,0.0,1296.9825516599635,13.193490523746098
IZ-911f,AMM,748.776230755796,73.41994613698458,0.0,1296.9825516599635,62.5949515634313
IZ-911d,SCR,2031.2647321787597,239.63635447066042,0.0,1296.9825516599635,195.73043126330757
IZ-911d,HE,1092.3684666144563,135.0646584461316,0.0,1296.9825516599635,108.69727898435102
IZ-911h,O,106.77804145084535,11.813123001519957,0.0,1296.9825516599635,8.841450404499069
IZ-911g,H,40.21521335437064,4.4147736794719625,0.0,1296.9825516599635,3.5187232122223757
IZ-911g,AR,249.43363470913508,26.562013435793308,0.0,1296.9825516599635,19.526304839875404
JS-637a,LIO,657.8453455297431,106.68616214459662,0.0,1296.9825516599635,62.28214688502399
JS-637a,BTS,701.4239653287541,143.79924821897933,0.0,1296.9825516599635,45.29422569648179
YA-471i,GAL,62.48242808108953,7.371299785118226,0.0,1296.9825516599635,6.020737918081467
YA-471i,CLI,88.00555884083798,10.382364720698387,0.0,1296.9825516599635,8.480118673162538
YA-471i,SIO,686.8879228874185,81.03489179084481,0.0,1296.9825516599635,66.18776334097268
YI-265a,FEO,632.5843531864413,109.1799464811113,0.0,1296.9825516599635,50.79411301576054
YI-265a,SIO,833.5153821490127,143.8593356851349,0.0,1296.9825516599635,66.92810896758556
YI-265f,H,872.3953808386582,85.55938119991082,0.0,1296.9825516599635,83.08402823724963
YI-265e,HE,645.1422168556841,79.76787671183035,0.0,1296.9825516599635,64.19555825103761
YI-265e,H,1399.8651888515951,173.0847414415542,0.0,1296.9825516599635,139.29506537722807
JK-749a,H,1889.5960497711924,173.0225903241786,0.0,1296.9825516599635,232.3183810251525
JK-749a,BOR,458.31536112474157,43.020001468680384,0.0,1296.9825516599635,52.03127625017687
JK-749d,O,695.0448571143266,76.89455881661895,0.0,1296.9825516599635,57.55120200352587
JK-749e,H,609.6194577438723,59.787872239590854,0.0,1296.9825516599635,58.05812519602956
JK-749c,O,89.8064720888856,8.805816841786216,0.0,1296.9825516599635,7.50749227818344
JK-749b,GAL,57.686934042114046,6.805556339086328,0.0,1296.9825516599635,5.558649396826774
JK-749b,MAG,1155.9853413575067,136.37617423077296,0.0,1296.9825516599635,111.38947366810022
JK-749b,LIO,2483.8362495921115,293.0280108373139,0.0,1296.9825516599635,239.33972397513972
XD-492a,GAL,1531.9677715574735,184.34268507815923,0.0,1296.9825516599635,233.5196883509975
XD-492b,TCO,218.06845581484095,25.7264003793652,0.0,1296.9825516599635,21.012836104223812
XD-492b,TIO,525.7566814199829,62.02560034552376,0.0,1296.9825516599635,50.661334469938716
XD-492d,O,94.02265669521933,13.257482306232687,0.0,1296.9825516599635,7.892436541343005
XD-492d,FEO,515.4961112069573,60.81512019407529,0.0,1296.9825516599635,49.6726372307321
XD-492c,BER,1915.618209989241,225.9930757066063,0.0,1296.9825516599635,184.58685982051637
KI-439a,O,730.6743415776842,158.27160950025518,0.0,1296.9825516599635,39.100614602304525
KI-439a,CLI,57.52416176100769,9.928296314636416,0.0,1296.9825516599635,4.618970986094478
KI-439c,FEO,1337.1808556464516,157.75252749619165,0.0,1296.9825516599635,128.84927375861392
KI-439g,AMM,633.8688813454364,67.50025417567366,0.0,1296.9825516599635,49.620882204177384
KI-439g,HE,171.88842069772352,18.869686673435016,0.0,1296.9825516599635,15.039775382805264
KI-439h,LES,950.7962121014243,93.24847121085558,0.0,1296.9825516599635,90.5506620841615
KI-439h,AMM,2178.35859247658,213.5951489341932,0.0,1296.9825516599635,182.1028031915801
KI-439e,AMM,718.9663990050614,84.81931681040425,0.0,1296.9825516599635,69.27880995115099
KI-439e,TAI,163.38406544235357,19.27506602214557,0.0,1296.9825516599635,15.743508506782868
KI-439d,LIO,75.23851805976206,6.984586326022415,0.0,1296.9825516599635,8.8658593732505
KI-439i,CLI,1060.73203669919,125.13876419849294,0.0,1296.9825516599635,102.21097019453782
KI-439i,AMM,185.9944852594958,21.942506898854653,0.0,1296.9825516599635,17.922223645063635
UV-234b,LST,43.49225421686973,5.130953677841273,0.0,1296.9825516599635,4.190865690534799
UV-234b,SIO,42.98871801857727,5.0715495159950725,0.0,1296.9825516599635,4.142345497333415
UV-234c,SCR,78.55301031029556,7.373417750225504,0.0,1296.9825516599635,8.917906154634752
UV-234c,H,506.3244417491784,46.362060540132084,0.0,1296.9825516599635,62.250592974554856
UV-234c,FEO,45.898431667646534,4.308279331739132,0.0,1296.9825516599635,5.21072209250955
UV-234d,MGS,960.5966838803955,113.32539958727814,0.0,1296.9825516599635,92.56203793995009
UV-234d,H,275.33838973825124,34.043902495979125,0.0,1296.9825516599635,27.39783752385058
UV-234d,BOR,247.22514468909472,29.166130572862464,0.0,1296.9825516599635,23.822342515259916
UV-234g,F,239.5541385622803,23.4940536245881,0.0,1296.9825516599635,22.814337684279202
AM-528a,HE,993.3464942960986,173.66994351853936,0.0,1296.9825516599635,85.12502916481121
AM-528a,SIO,772.6698661746143,125.30784505371507,0.0,1296.9825516599635,73.15326987677739
AM-528f,F,363.2111775290237,34.63179545846668,0.0,1296.9825516599635,48.15695049647586
AM-528c,ALO,673.6501203005971,116.26763088738029,0.0,1296.9825516599635,54.091537628570315
AM-528c,LST,52.12505491242673,8.996445575988547,0.0,1296.9825516599635,4.185443280153637
AM-528e,BRM,1179.2581836252434,203.53229530112918,0.0,1296.9825516599635,94.68993842812768
AM-528e,FEO,46.38168707384412,8.005177628750891,0.0,1296.9825516599635,3.7242727285670294
AM-528e,GAL,1661.423217030969,286.75084517061197,0.0,1296.9825516599635,133.4059532579161
AM-528g,AMM,31.957821984306346,3.535574138949528,0.0,1296.9825516599635,2.6461760702000374
AM-528d,TIO,614.747082231317,106.10134948698743,0.0,1296.9825516599635,49.36184812930941
AM-528b,H2O,51.84130243702958,8.988390370178372,0.0,1296.9825516599635,4.350251641411757
YI-265b,LST,350.1759838647372,42.13690543234124,0.0,1296.9825516599635,53.377746019397605
YI-265b,FEO,341.5148779373,41.09470888483363,0.0,1296.9825516599635,52.05752323501495
YI-265i,H,47.061493291348725,4.615513026307765,0.0,1296.9825516599635,4.481979757557522
YI-265d,HE,481.35847265855426,59.517021670605985,0.0,1296.9825516599635,47.898083653228326
LS-227a,LST,518.3845611214216,84.06908966805949,0.0,1296.9825516599635,49.07856169856161
LS-227a,MAG,547.8283698926356,88.84414352846294,0.0,1296.9825516599635,51.86618288521998
LS-227b,HAL,287.8679242085664,49.68413208515878,0.0,1296.9825516599635,23.114697355710238
LS-227j,BER,156.86936415651715,18.506500880501697,0.0,1296.9825516599635,15.11575906968184
LS-227j,ALO,1098.4056677480553,129.58327183021817,0.0,1296.9825516599635,105.84115976837039
LS-227j,CLI,51.983799870337826,6.132734987772074,0.0,1296.9825516599635,5.0091016725392885
LS-227g,HE3,120.9230610367205,11.859418908379427,0.0,1296.9825516599635,11.516309277166622
LS-227d,N,342.9005036638422,31.397998198910066,0.0,1296.9825516599635,42.15826439388425
LS-227d,FEO,33.24212213240439,3.1202884831278,0.0,1296.9825516599635,3.7738862506563278
LS-227d,LES,276.0799141517576,25.27950981311486,0.0,1296.9825516599635,33.9429364795009
LS-227h,AMM,61.37295642541548,6.535563237360548,0.0,1296.9825516599635,4.80443247954308
XU-112c,SIO,2403.776808887346,283.5830811796854,0.0,1296.9825516599635,231.62528448943317
XU-112a,SIO,40.86733881779294,3.8360332755331736,0.0,1296.9825516599635,4.639556026269467
XU-112g,HE3,128.9143482500984,12.643157112392018,0.0,1296.9825516599635,12.277372835125846
XU-112d,MGS,640.1677120845014,60.089663690284524,0.0,1296.9825516599635,72.67647104860319
XU-112d,CUO,51.28877313420573,4.814246439712521,0.0,1296.9825516599635,5.82267266130794
XU-112e,LIO,73.86539169012488,6.8571154518931445,0.0,1296.9825516599635,8.704054680536649
XU-112e,HE,116.32566573290224,10.602319942546108,0.0,1296.9825516599635,14.75079319196128
XU-112e,TAI,464.5263489436623,43.12318302617137,0.0,1296.9825516599635,54.73825629623284
VH-778b,AMM,216.3311271242529,18.14484064967133,0.0,1296.9825516599635,41.79722906464244
VH-778b,TIO,342.67804623195195,26.908049965827047,0.0,1296.9825516599635,68.66020240638048
VH-778b,LST,749.2061902051109,58.82979030147837,0.0,1296.9825516599635,150.1136394036079
EY-430a,GAL,151.1566006305529,26.08864649272549,0.0,1296.9825516599635,12.13729902870928
EY-430a,HE,329.59783588662054,61.092652262299076,0.0,1296.9825516599635,23.82719517701911
EY-430a,SIO,80.49961170323735,13.893709594994254,0.0,1296.9825516599635,6.463812065509554
EY-430f,AMM,50.17722366907667,4.920040070407271,0.0,1296.9825516599635,4.19463219603409
EY-430e,F,534.5859530335524,52.42902970869159,0.0,1296.9825516599635,50.91218430613278
EY-430b,ALO,165.02892402569188,28.482919316927884,0.0,1296.9825516599635,13.251193735042921
EY-430b,HE,169.72659777105318,31.459696904250745,0.0,1296.9825516599635,12.26982804951865
EY-430b,MAG,1716.301794436357,296.2225308262859,0.0,1296.9825516599635,137.81249390159823
EY-430c,BOR,866.946524080129,149.62933342291643,0.0,1296.9825516599635,69.61250227093142
EY-430d,HE3,705.8203971243711,67.299216367513,0.0,1296.9825516599635,93.58235656446772
HV-813e,MGS,47.79251210795245,5.6382721518825285,0.0,1296.9825516599635,4.605233802298473
HV-813e,FEO,39.527542217869865,4.663220883136894,0.0,1296.9825516599635,3.8088304111811855
HV-813e,H,146.00849807049815,18.05305492133429,0.0,1296.9825516599635,14.528729942235211
IV-876b,HE,270.36003473070804,35.528174553374,0.0,1296.9825516599635,38.123337958523436
IV-876b,LST,20.938577080326642,2.519552690576043,0.0,1296.9825516599635,3.1916924657887815
IV-876b,O,28.441931948051693,4.3338691508676135,0.0,1296.9825516599635,3.2641892362927476
YK-024b,GAL,136.38427203601879,16.411208757994817,0.0,1296.9825516599635,20.78921847647625
YK-024b,SIO,390.31542528080877,46.96691070109015,0.0,1296.9825516599635,59.49624930914682
YK-266a,HE,205.05921414880564,35.553741498109595,0.0,1296.9825516599635,17.207499445466482
YK-266a,BOR,121.47542730578128,19.552535456349606,0.0,1296.9825516599635,11.160424095337802
YK-266a,SIO,85.57954104353685,13.77477772833687,0.0,1296.9825516599635,7.86252819285027
YK-266b,CLI,2206.172050148786,355.1027412709393,0.0,1296.9825516599635,202.68968179846445
YK-266b,AMM,2424.962682575902,420.44682906226865,0.0,1296.9825516599635,203.49021714977047
YK-266d,GAL,857.0149519039938,101.10545196186074,0.0,1296.9825516599635,82.5810163874343
YK-266d,SIO,60.65816593673081,7.156084346703139,0.0,1296.9825516599635,5.844954028076312
YK-266e,BRM,53.93538290559755,5.062671794631644,0.0,1296.9825516599635,6.123134953917472
YK-266j,TAI,527.4377797863359,62.22392618539956,0.0,1296.9825516599635,50.82332325605298
YK-024c,SIO,66.57638902531316,7.854280590365955,0.0,1296.9825516599635,6.415227483372411
YK-024c,FEO,535.5192986331081,63.17733500717789,0.0,1296.9825516599635,51.6020495067887
KQ-966a,FEO,960.6860746886161,154.63084966548234,0.0,1296.9825516599635,88.26199877462832
KQ-966d,AR,141.34979216491905,13.862751931057181,0.0,1296.9825516599635,13.461683064242903
KQ-966c,AMM,998.7963277548126,117.83196303768773,0.0,1296.9825516599635,96.2429135300189
KQ-966c,FEO,42.97793680094927,5.070277613003701,0.0,1296.9825516599635,4.141306631083022
KQ-966c,GAL,1089.666477929277,128.55227495619042,0.0,1296.9825516599635,104.99906106748533
KQ-966b,FEO,15.74947828747612,1.1904512619987664,0.0,1296.9825516599635,3.373354998852751
KQ-966b,SIO,34.48652938210501,2.6067233260374554,0.0,1296.9825516599635,7.386613331612088
KQ-966f,N,704.9212495187137,69.13450853615117,0.0,1296.9825516599635,67.13435018849748
JK-978b,SIO,2018.97901786383,189.51247913791133,0.0,1296.9825516599635,229.2091078160303
JK-978b,GAL,476.1495573610119,44.69401725203586,0.0,1296.9825516599635,54.05594325848317
JK-978c,BRM,61.72500302348208,7.2819433478629545,0.0,1296.9825516599635,5.9477532741664785
JK-978c,SIO,1288.3776012007263,151.99501406310333,0.0,1296.9825516599635,124.14664593842384
JK-978d,HEX,407.0116623366629,57.389889857611564,0.0,1296.9825516599635,34.165315355761194
JK-978d,TAI,137.1291368835027,16.17766799860869,0.0,1296.9825516599635,13.213612522176682
JK-978d,MGS,743.2150720802774,87.68002891968351,0.0,1296.9825516599635,71.6153853681249
JK-978d,ALO,1020.5826048824067,120.40217653356436,0.0,1296.9825516599635,98.34221518688959
JK-978f,AR,257.42281134619947,25.241144372854837,0.0,1296.9825516599635,21.51960458369952
JK-978g,AR,205.1512816052973,20.115750776691836,0.0,1296.9825516599635,17.14989606747749
OF-259a,HE,2017.2919811795205,373.9154329888232,0.0,1296.9825516599635,145.8335114224916
OF-259a,AMM,866.345023925164,187.65928063534525,0.0,1296.9825516599635,46.360766986807654
OF-259a,GAL,427.1212133819007,73.7183444122259,0.0,1296.9825516599635,34.29620583352431
AM-695a,H2O,78.05744286605243,13.533818303083804,0.0,1296.9825516599635,6.550173375078995
AM-978a,CLI,612.9737293054579,99.40910142398117,0.0,1296.9825516599635,58.03388304666109
AM-978a,AMM,639.266785790181,111.7650560191794,0.0,1296.9825516599635,54.7820967778675
AM-978a,MAG,129.89535880902616,21.065798224308878,0.0,1296.9825516599635,12.297969229396763
HM-223a,H2O,49.36895943974242,8.55972860930562,0.0,1296.9825516599635,4.1427855154372875
HM-223a,HE,1764.9957272824226,306.0199079253748,0.0,1296.9825516599635,148.1092333477076
HM-223a,TAI,1434.5863917155398,230.90926215560464,0.0,1296.9825516599635,131.80108016943643
HM-365a,SIO,2039.1186913272807,351.9386283683977,0.0,1296.9825516599635,163.73346058608715
HM-365e,AR,156.15955805696427,15.315206211845352,0.0,1296.9825516599635,14.8721158044746
HM-365d,H,521.6426583575901,47.544300088395126,0.0,1296.9825516599635,66.14742262645248
HM-365d,BRM,83.75180094785664,7.774896406326168,0.0,1296.9825516599635,9.869036613272618
HM-365f,NE,753.0866018459699,73.85828153049474,0.0,1296.9825516599635,71.72145780129549
VV-980b,SIO,53.90602921045095,6.3595080047126915,0.0,1296.9825516599635,5.194325573573482
VV-980b,H,264.21697504606357,32.66880780701069,0.0,1296.9825516599635,26.29118939875044
VV-980b,SCR,809.9184003796557,95.54928503952831,0.0,1296.9825516599635,78.04284458006693
VV-980c,GAL,64.19066177220483,7.572826886848461,0.0,1296.9825516599635,6.185341434188341
VV-980c,SIO,39.664251858237975,4.679349061468266,0.0,1296.9825516599635,3.8220036014813985
VV-980c,MGS,1324.2004148509077,156.2211734277685,0.0,1296.9825516599635,127.59849278720675
VV-980f,HE,91.2918966229146,8.953369487254717,0.0,1296.9825516599635,8.694335943822553
VV-980f,F,546.1881131435364,53.566900978296715,0.0,1296.9825516599635,52.01713536314587
VV-980d,HE,1372.191873971397,169.6631058519163,0.0,1296.9825516599635,136.54140292734306
VV-980d,BER,933.8836670991006,110.17395907980823,0.0,1296.9825516599635,89.9880010790144
AM-884d,N,159.91517797190772,22.548529439377305,0.0,1296.9825516599635,13.423577236623956
AM-884d,FEO,40.74450513041798,4.806790823218618,0.0,1296.9825516599635,3.9260956164156595
AM-884d,HE,369.15782794330863,45.6441003816312,0.0,1296.9825516599635,36.73343989649713
AM-884d,MGS,1480.1124726961623,174.61473708698708,0.0,1296.9825516599635,142.62200687562833
HM-517c,TIO,388.49719666415126,46.74812206107858,0.0,1296.9825516599635,59.219094536183746
JS-829a,HE,368.7966423228596,63.94299588509425,0.0,1296.9825516599635,30.947490190103558
JS-829a,H2O,76.35605839355915,13.238827492868237,0.0,1296.9825516599635,6.407402066369561
JS-829a,AMM,326.69470412048906,56.64324379333881,0.0,1296.9825516599635,27.414515184432126
JS-829a,HAL,143.30203851474548,23.06571996634078,0.0,1296.9825516599635,13.165720500205854
JS-829h,HE,1180.4938186606591,115.77585445011108,0.0,1296.9825516599635,112.42629651387382
JS-829f,HE,1753.7453381215917,171.9969743164677,0.0,1296.9825516599635,167.02086048801155
JS-829c,BRM,841.2336119066658,101.22619135728671,0.0,1296.9825516599635,128.23025035514513
JS-829c,FEO,26.038771931648018,3.1332624766236634,0.0,1296.9825516599635,3.9691212957693924
JS-829d,TAI,2051.944896112079,192.6068378501649,0.0,1296.9825516599635,232.9516328620051
JS-829d,TCO,755.5238081023707,70.91762155739879,0.0,1296.9825516599635,85.77252980674298
JS-829d,AMM,826.628689931201,75.69101194167784,0.0,1296.9825516599635,101.63073688527939
JS-829b,SCR,1126.1111765031058,181.25747070593462,0.0,1296.9825516599635,103.46025189636296
JS-829b,LST,866.6520752551802,139.49525270728904,0.0,1296.9825516599635,79.6227263198283
JS-829b,MAG,166.60354789799254,26.816302273456632,0.0,1296.9825516599635,15.306521586864422
JS-829e,N,168.9139796965894,23.81738801916607,0.0,1296.9825516599635,14.17895337740247
JS-829e,CLI,649.6248179443114,76.63881555156216,0.0,1296.9825516599635,62.59713161031631
AM-978d,FEO,37.84410231709939,4.464618803161635,0.0,1296.9825516599635,3.6466159973907
AM-978d,BRM,552.4668960191169,65.1767102684534,0.0,1296.9825516599635,53.235101315689235
AM-978d,HE,1679.571184843818,207.66867165249306,0.0,1296.9825516599635,167.12750617826137
AM-978b,NE,1194.032753726717,147.63482376548012,0.0,1296.9825516599635,118.81349134009159
AM-978b,GAL,188.01888682535798,22.18133357838231,0.0,1296.9825516599635,18.117292749183466
AM-978c,GAL,1319.0266240351118,155.61080081101892,0.0,1296.9825516599635,127.09995200539755
AM-978c,CLI,69.39455727561084,8.186751072961261,0.0,1296.9825516599635,6.686783070522133
AM-978c,ALO,74.1120930539941,8.743297473884638,0.0,1296.9825516599635,7.141359619691395
AM-978e,HE,2153.0671592276285,211.16009767070824,0.0,1296.9825516599635,205.05093972642948
AM-978f,LES,908.158434068286,89.06681002330153,0.0,1296.9825516599635,86.489982222843
IA-093a,AMM,281.82089194693407,61.04531611569737,0.0,1296.9825516599635,15.08109626389996
OP-802e,HE3,137.9234739359629,13.526718896148578,0.0,1296.9825516599635,13.1353719365857
OP-802c,H2O,101.59382628975854,22.006272134108986,0.0,1296.9825516599635,5.436595787874651
OP-802c,MGS,83.93973285414081,14.487452138976339,0.0,1296.9825516599635,6.740040684897171
OP-802b,BOR,562.2677808173703,91.18585704161121,0.0,1296.9825516599635,53.2332481358274
OP-802b,GAL,711.0008964293539,115.30667114522596,0.0,1296.9825516599635,67.31470028284117
OP-802g,F,377.25164921495906,41.414194096537955,0.0,1296.9825516599635,33.008506587907526
OP-802g,N,66.94043472002427,7.3486336300204185,0.0,1296.9825516599635,5.857108338827373
OY-717a,HE,391.60392077564603,51.46090644262865,0.0,1296.9825516599635,55.21987978912292
OY-717a,SCR,571.7388718210087,68.79771281865258,0.0,1296.9825516599635,87.15084327789593
OY-717a,TAI,84.90691170818039,10.216904282566992,0.0,1296.9825516599635,12.942462582474825
OY-717c,GAL,169.54721379999214,20.00215707093377,0.0,1296.9825516599635,16.337382691112566
OY-717c,LIO,167.80843637876478,19.797026604255556,0.0,1296.9825516599635,16.169836014829414
OY-569d,BRM,708.6640667070816,66.51910840545005,0.0,1296.9825516599635,80.45267287773527
OY-569d,CUO,750.1883378159771,70.41680496029969,0.0,1296.9825516599635,85.16680861137509
OY-569e,SIO,45.745940943834,5.396830036945556,0.0,1296.9825516599635,4.408028460120209
OY-569e,N,227.72064397062826,32.10930763199784,0.0,1296.9825516599635,19.115294067023868
OY-569e,CLI,696.2420663342517,82.1384371826807,0.0,1296.9825516599635,67.08911829581582
OY-569e,MAG,173.32237718318774,20.447528063866713,0.0,1296.9825516599635,16.701153274718255
OY-569g,HE,127.52608360263292,12.50700432342989,0.0,1296.9825516599635,12.145159137410117
OY-569j,SIO,58.788096040228815,6.935464786138826,0.0,1296.9825516599635,5.664756153551973
OY-569j,BOR,155.6626445149168,18.364139379708504,0.0,1296.9825516599635,14.999480894748432
AJ-135f,HE,799.1610335586664,78.37698939284749,0.0,1296.9825516599635,76.10943310413685
AJ-135a,MAG,1340.9315207680197,158.19500833206413,0.0,1296.9825516599635,129.21068371672476
AJ-135a,FEO,2163.1467086548373,255.1949941508828,0.0,1296.9825516599635,208.43843319067446
AJ-135b,CLI,710.707964463301,83.84503654261302,0.0,1296.9825516599635,68.48303629899648
AJ-135b,GAL,714.1386582523107,84.24976909168929,0.0,1296.9825516599635,68.81361417209082
AJ-135b,HE,204.29514500450082,25.25984118504824,0.0,1296.9825516599635,20.328604358679495
AJ-135d,MAG,1326.6110924842742,123.15274058369222,0.0,1296.9825516599635,156.32348552662313
AJ-135d,BRM,1387.7690073892504,128.83018808251242,0.0,1296.9825516599635,163.53013296056182
AJ-135d,HAL,168.7173863276746,15.662471562378402,0.0,1296.9825516599635,19.881101589685798
AJ-135g,LES,1624.490676484624,159.32044127908327,0.0,1296.9825516599635,154.71107734023943
AJ-135c,CLI,449.42689427018075,41.72146157600904,0.0,1296.9825516599635,52.958986246794545
AJ-135c,BRM,628.7419604677335,58.36774318429931,0.0,1296.9825516599635,74.08888355750236
AJ-135c,LIO,72.1974257677438,6.702273859127049,0.0,1296.9825516599635,8.507507065185445
OY-717b,BRM,1049.2040055492218,123.77875665479897,0.0,1296.9825516599635,101.10014181611177
NG-164b,SIO,48.241902628512584,8.326238738907968,0.0,1296.9825516599635,3.8736409490131303
NG-164f,N,75.10607215577848,7.365959516918505,0.0,1296.9825516599635,7.152851971523288
NG-164f,HE,967.5498970991242,94.89157358473953,0.0,1296.9825516599635,92.14622720062135
NG-574a,BOR,885.7405669647396,142.56771286846958,0.0,1296.9825516599635,81.37646094372688
OY-793a,LES,374.7466365632191,49.24568059909197,0.0,1296.9825516599635,52.842842281588375
OY-793a,HE,435.7832104299308,57.26653343200565,0.0,1296.9825516599635,61.44958009203717
OY-793b,AMM,229.8587586239768,49.789781322545025,0.0,1296.9825516599635,12.300443881078458
OY-793b,TAI,2877.190836372454,496.58443170266736,0.0,1296.9825516599635,231.02746025009557
OY-793c,SCR,108.98342287694663,12.85720651879438,0.0,1296.9825516599635,10.501522535359479
OY-793g,AMM,66.35402214147896,7.065993444292871,0.0,1296.9825516599635,5.194363082577932
OY-793f,AMM,662.9897262113448,65.00830019494353,0.0,1296.9825516599635,55.42351385455016
OY-793f,HE3,116.5835492227632,11.43382524561271,0.0,1296.9825516599635,11.103028636294699
OY-793e,HE,128.6621657784464,15.90828736540119,0.0,1296.9825516599635,12.802664811164487
OY-793d,AMM,1197.2612970244925,141.24566238100516,0.0,1296.9825516599635,115.36677927259358
OY-793d,SIO,1182.0297425241747,139.44873550310766,0.0,1296.9825516599635,113.89908346518398
NH-555a,SCR,1296.5890956001929,223.7828478566544,0.0,1296.9825516599635,104.11116355498648
NH-555e,HE,522.92631136556,49.860461834535364,0.0,1296.9825516599635,69.3330438260637
NH-555g,N,49.601396645297626,4.864611730914084,0.0,1296.9825516599635,4.723871687082082
NH-555d,HE,167.03719697823493,30.96120264991919,0.0,1296.9825516599635,12.075406634622732
NH-555d,CLI,80.022134683654,13.811300165830417,0.0,1296.9825516599635,6.425472480325416
NH-555d,TAI,696.4767278600303,120.20735494019723,0.0,1296.9825516599635,55.924427231830144
NH-555f,AMM,404.9509470887896,38.61163763103262,0.0,1296.9825516599635,53.691086395317626
NH-555f,HE,99.86563385657365,9.522080869261291,0.0,1296.9825516599635,13.240849080273424
NH-555j,ALO,79.35425988794165,7.366661290227689,0.0,1296.9825516599635,9.350844846200156
NH-555h,NE,538.4824223568147,59.1138981193744,0.0,1296.9825516599635,47.11576641964356
DX-916a,BOR,1176.3557448066695,92.37078215807257,0.0,1296.9825516599635,235.6988561959513
DX-916a,BRM,30.582682693714233,2.4014387938189596,0.0,1296.9825516599635,6.127655993635513
DX-916a,HE,371.1788090157492,31.132738185463364,0.0,1296.9825516599635,71.71527237253106
DX-916b,CLI,39.161642886957345,4.712346131481839,0.0,1296.9825516599635,5.969456284957005
DX-916b,TIO,56.12199792124793,6.753196758333752,0.0,1296.9825516599635,8.554743583725237
DX-916b,O,24.32889132660112,3.1970742221663717,0.0,1296.9825516599635,3.4306052191628056
DX-916e,HE,494.3210668283242,48.48008772267106,0.0,1296.9825516599635,47.07749075327511
DX-916c,BOR,505.9220050049213,47.48862299735496,0.0,1296.9825516599635,57.43592695399486
DX-916c,SIO,625.5539883396929,58.71793917417466,0.0,1296.9825516599635,71.01741538146626
AX-215a,SIO,61.38969843661276,10.5954628122544,0.0,1296.9825516599635,4.92935885101434
AX-215a,FEO,52.30943639014825,9.028268620248719,0.0,1296.9825516599635,4.200248410205029
AX-215a,GAL,796.2924380423326,137.43489754504242,0.0,1296.9825516599635,63.93924839869824
AX-215a,BRM,127.56491622107634,22.01687514989753,0.0,1296.9825516599635,10.24297666981602
AX-215b,TIO,125.30426431030065,21.626701328196685,0.0,1296.9825516599635,10.061454935889428
AX-215i,AMM,72.44414782686857,7.103384446404942,0.0,1296.9825516599635,6.05606553469218
AX-215i,HE,2189.6910191437246,214.75194932466937,0.0,1296.9825516599635,208.53887407163515
AX-215e,SIO,42.07176973593054,4.963373491368335,0.0,1296.9825516599635,4.053989371238473
AX-215e,BRM,48.215734526484795,5.688201378684279,0.0,1296.9825516599635,4.6460150481830444
AX-215e,O,60.915737728886015,8.589305423794519,0.0,1296.9825516599635,5.113380235072344
AX-215d,CLI,485.25557006074126,58.391120488903795,0.0,1296.9825516599635,73.9680896654677
AX-215d,O,58.50875028411533,7.688670017609361,0.0,1296.9825516599635,8.25029062758451
AX-215d,AMM,281.4406802667741,42.88481824072857,0.0,1296.9825516599635,32.30004350125179
AX-215j,HE,1932.5367369945977,238.9463100539145,0.0,1296.9825516599635,192.29911084823436
AX-215j,GAL,1276.547932518834,150.59942114376798,0.0,1296.9825516599635,123.00675209980773
AX-215j,TAI,190.21254020790863,22.44012756581241,0.0,1296.9825516599635,18.328670771854252
UX-755a,HAL,103.89592396638005,16.84933619392577,0.0,1296.9825516599635,9.836447489065346
UX-755a,BRM,1119.124380486944,181.49415501367736,0.0,1296.9825516599635,105.95418744199036
UX-755f,H,36.152136139904776,3.5455877749050533,0.0,1296.9825516599635,3.443008945092343
UX-755e,HE,1032.7472056108254,94.12812060579843,0.0,1296.9825516599635,130.95854946164616
UX-755e,TAI,88.5590013380556,8.221161258129381,0.0,1296.9825516599635,10.435501287718832
UX-755d,TAI,692.9359866688202,81.74840585586111,0.0,1296.9825516599635,66.77054810235235
UX-755d,FEO,48.201763018386934,5.686553104476595,0.0,1296.9825516599635,4.64466876905848
UX-755b,HE,1011.3159005080561,176.81159225824095,0.0,1296.9825516599635,86.66492107226809
UX-755b,TAI,545.9905485223451,88.54609458727032,0.0,1296.9825516599635,51.692185362381686
UX-755g,HE,1125.5435803962948,110.386659956478,0.0,1296.9825516599635,107.19301897953946
UX-755c,SIO,485.1745529587757,58.381371647974575,0.0,1296.9825516599635,73.95574013125858
UX-755c,HAL,86.55811238098804,10.415594340725837,0.0,1296.9825516599635,13.194157085242988
UX-755c,ALO,136.77452701545783,16.458168395208187,0.0,1296.9825516599635,20.848705511953103
UX-674a,BRM,55.82187724749669,6.585528194028421,0.0,1296.9825516599635,5.378934579275906
UX-674a,TAI,179.5682770460205,21.184381635834466,0.0,1296.9825516599635,17.303001302901375
UX-674a,HE,501.53924742461567,62.0122506471473,0.0,1296.9825516599635,49.90619297888971
UX-674c,BOR,709.1067968123277,65.82821890206435,0.0,1296.9825516599635,83.55881140774949
UX-674c,SIO,40.3889377516061,3.749409605840003,0.0,1296.9825516599635,4.759299512734717
UX-674d,N,42.70045191997557,4.187807871836178,0.0,1296.9825516599635,4.0666487133987825
UX-674b,HE,841.2032062123482,104.0096150733742,0.0,1296.9825516599635,83.70481424787047
UX-674b,BOR,146.39756560146614,17.271101284018826,0.0,1296.9825516599635,14.10670810019835
UX-674i,BRM,47.18357931019442,5.566433935297221,0.0,1296.9825516599635,4.546557708913191
UX-674i,GAL,936.627971013611,110.49771549383685,0.0,1296.9825516599635,90.25243918016166
UX-617c,O,463.2066003859228,42.89419110382811,0.0,1296.9825516599635,53.16926091417992
UX-617e,LES,843.3070668768639,82.70657134169342,0.0,1296.9825516599635,80.31375417154747
UX-617b,AMM,1161.8608835943476,109.05865514952043,0.0,1296.9825516599635,131.90285494733467
UX-617b,BRM,824.3390603314064,77.37699975649646,0.0,1296.9825516599635,93.58493519976236
UX-617b,HE,191.9279398337771,17.574057328096274,0.0,1296.9825516599635,23.596783164886
UX-357a,CLI,121.14696011291817,19.647025425898384,0.0,1296.9825516599635,11.46970608775975
UX-357a,SIO,48.07509556846409,7.796585437271663,0.0,1296.9825516599635,4.551556355993507
UX-357c,CUO,48.25856999090895,3.7893994869918837,0.0,1296.9825516599635,9.669260169574693
UX-357c,TS,368.79607921087785,28.958911829123515,0.0,1296.9825516599635,73.89330517006246
UX-357c,AMM,138.19656399470466,11.591279837301323,0.0,1296.9825516599635,26.700889132406388
UX-357c,HE,89.13786618082445,7.476466282052024,0.0,1296.9825516599635,17.222282621184906
UX-357b,O,94.8068176817178,17.643999773255995,0.0,1296.9825516599635,6.482929570428108
UX-357e,SCR,962.4768555519727,89.34921709996554,0.0,1296.9825516599635,113.41510533945129
UX-357d,O,221.3252568842918,33.724667679770185,0.0,1296.9825516599635,25.400789319127853
UX-357d,H,113.93235550070682,14.971919268829769,0.0,1296.9825516599635,16.065546438808557
UX-357i,O,50.725858698095614,5.61192919458236,0.0,1296.9825516599635,4.200209685540073
UX-357f,HE,78.00422993315674,7.650193697312509,0.0,1296.9825516599635,7.428862858215766
AX-128a,MGS,48.32976563168135,8.341403321995285,0.0,1296.9825516599635,3.8806960133541573
AX-128a,BRM,53.40258085932214,9.21693824832179,0.0,1296.9825516599635,4.288023745510244
AX-128d,N,36.63895160517427,3.593331757601253,0.0,1296.9825516599635,3.4893716273705304
AX-128d,O,199.5962492025301,19.575220074153478,0.0,1296.9825516599635,19.00888148771509
AX-128c,GAL,696.4436260403897,82.1622159804031,0.0,1296.9825516599635,67.10854036699283
AX-128c,H2O,623.3349608802763,73.53729687377627,0.0,1296.9825516599635,60.06386995343962
AX-128f,LES,593.0997732341755,58.16771925011872,0.0,1296.9825516599635,56.484845506085904
AX-128f,HE,86.51868815893955,8.485241421144048,0.0,1296.9825516599635,8.239751479583484
AX-128g,H,43.25434549147831,4.748405642309284,0.0,1296.9825516599635,3.7846391157790475
AX-128b,HAL,91.78978038295367,14.774370218517685,0.0,1296.9825516599635,8.43308724580981
AX-128b,ALO,97.48021278992879,15.69029522382159,0.0,1296.9825516599635,8.955889596509373
AX-128b,GAL,648.7610312019204,104.42377809746364,0.0,1296.9825516599635,59.60422124316759
AX-128e,O,76.13418156588618,10.735152573715396,0.0,1296.9825516599635,6.390844693781087
AX-128e,TAI,1001.140499967417,118.10851432831019,0.0,1296.9825516599635,96.46879538129112
AX-558a,HE,897.0066226326027,166.26478607196907,0.0,1296.9825516599635,64.84615354057718
AX-558a,MAG,1146.733780976206,197.91879486808028,0.0,1296.9825516599635,92.07835283388455
AX-558b,FEO,914.1800921698868,107.8494502202409,0.0,1296.9825516599635,88.08938631096923
AX-558b,SCR,140.97069029095266,16.630871285941026,0.0,1296.9825516599635,13.583780375361776
AX-558d,GAL,62.047814884060706,7.320026743012525,0.0,1296.9825516599635,5.978859069332917
AX-558d,CLI,1443.1296383296458,170.2517254789047,0.0,1296.9825516599635,139.05838170889123
AX-558c,HAL,97.72406814602182,11.528895797563703,0.0,1296.9825516599635,9.416583520607494
AX-558c,MAG,151.38381437606742,17.85934882255979,0.0,1296.9825516599635,14.587177537577892
AX-558e,F,1800.6397929790783,176.59610520074244,0.0,1296.9825516599635,171.48693206189392
AX-558g,AMM,86.93365793215497,8.524128064839022,0.0,1296.9825516599635,7.2673355322758075
XU-753c,AMM,538.0118187207088,75.86131277224946,0.0,1296.9825516599635,45.16171194258156
XU-753c,SIO,38.249717258704415,4.5124708060961805,0.0,1296.9825516599635,3.6857006062009146
XU-753c,H2O,71.1675726985291,8.395920732453483,0.0,1296.9825516599635,6.857628882920037
XU-753b,TCO,595.5536640833516,70.25982713710557,0.0,1296.9825516599635,57.38689480737706
XU-753b,HE,161.74018714592714,19.998181750506564,0.0,1296.9825516599635,16.09412829323915
XU-753d,BOR,1632.6865370927649,192.61450442384054,0.0,1296.9825516599635,157.32387559360234
XU-753d,H2O,1642.9493938338537,193.8252543260708,0.0,1296.9825516599635,158.3127931601335
RV-276a,CLI,108.50113322223224,18.726590151451045,0.0,1296.9825516599635,8.712227540038182
RV-276a,TIO,104.26535118412785,17.995521711492987,0.0,1296.9825516599635,8.372110383377825
RV-276a,HE,661.4014763421865,122.59416173425393,0.0,1296.9825516599635,47.81385176507948
RV-276b,FEO,1432.3036967466217,232.28405501351443,0.0,1296.9825516599635,135.60474331987598
RV-276b,GAL,609.2076857045392,98.79834276925864,0.0,1296.9825516599635,57.67732921174882
RV-276b,HE,964.4901440083243,168.62489553839808,0.0,1296.9825516599635,82.65217837816053
RV-276e,HE3,1958.4530711811765,192.0734985073423,0.0,1296.9825516599635,186.5165426608764
RV-276e,LES,1486.0929731881047,145.7472127709775,0.0,1296.9825516599635,141.53054138003688
NG-246a,BER,679.977644234724,63.12408429084637,0.0,1296.9825516599635,80.12632792621866
NG-246a,HE,402.3830753471523,36.67457286762358,0.0,1296.9825516599635,51.02459109943778
NG-246g,N,39.343727533679754,3.857780519335223,0.0,1296.9825516599635,3.2889915813830206
NG-246b,ALO,58.00809412059599,6.843444866952597,0.0,1296.9825516599635,5.589596028090539
NG-246b,TAI,210.25002740121687,24.8040293791455,0.0,1296.9825516599635,20.259460957716676
NG-246c,ZIR,665.3445947232008,62.45290441919136,0.0,1296.9825516599635,75.53473295035931
NG-246c,LST,39.170308366862386,3.6767406602643655,0.0,1296.9825516599635,4.446896849451481
NG-246c,LIO,86.53687664167185,8.122827371711164,0.0,1296.9825516599635,9.824292433316042
NG-246d,HE,466.45301164093763,57.67405287129051,0.0,1296.9825516599635,46.41489999850087
NG-246d,SIO,38.262515563672956,4.51398067287892,0.0,1296.9825516599635,3.6869338367647346
NG-246e,LST,654.3364800334033,61.41962220722205,0.0,1296.9825516599635,74.28501211400577
NG-246e,CLI,88.94487202757021,8.34885506753986,0.0,1296.9825516599635,10.097665494226227
NG-246e,BER,117.39335695746236,11.019186388013738,0.0,1296.9825516599635,13.327343362001946
NG-246e,HE,988.6904992371213,90.5303497155522,0.0,1296.9825516599635,121.55559710528112
XS-072a,HE,561.6129159258779,46.508779255624134,0.0,1296.9825516599635,113.96037248270433
XS-072a,TAI,250.89705653515855,18.964483275713604,0.0,1296.9825516599635,53.739230240619605
XS-072c,GAL,984.4627789318916,91.39022726024517,0.0,1296.9825516599635,116.00585419926524
XS-072d,MAG,250.07011384791218,29.50176286490213,0.0,1296.9825516599635,24.096480608421647
XS-072d,BRM,55.273444561027055,6.520827415456263,0.0,1296.9825516599635,5.3260882099469535
XS-072f,LES,1936.2114539732042,189.89217218788147,0.0,1296.9825516599635,184.39832517286908
XS-072b,BOR,1777.597623787402,166.85509339767265,0.0,1296.9825516599635,201.80574527975887
XS-072b,H,279.4150618778691,25.58489566463349,0.0,1296.9825516599635,34.35297973731983
XS-072b,TAI,185.15807715760138,17.379955870800597,0.0,1296.9825516599635,21.020484757255595
XS-538a,H2O,1102.8192558124988,192.80941642003083,0.0,1296.9825516599635,94.50631965140974
XS-538a,ALO,543.044092747697,88.06825270442954,0.0,1296.9825516599635,51.4132268007777
XS-538a,MAG,167.56511225135907,27.174895827575273,0.0,1296.9825516599635,15.864389715550283
XS-538b,GAL,125.32844244728753,15.080853544267775,0.0,1296.9825516599635,19.10396508671497
XS-538c,LST,16.949762811257592,1.3309433436115758,0.0,1296.9825516599635,3.396115269588502
XS-538c,HE,112.78319738351516,9.45972579946349,0.0,1296.9825516599635,21.79078525751866
XS-538d,H2O,1550.9601642978187,145.58165447960369,0.0,1296.9825516599635,176.07622088764222
XS-538e,SIO,2433.298130124904,287.06582849885814,0.0,1296.9825516599635,234.46992647319473
XS-538e,BER,1186.5837969256982,139.98599535779505,0.0,1296.9825516599635,114.33790712902545
LG-418a,FEO,40.13099148008451,6.5082492308583895,0.0,1296.9825516599635,3.799440587348904
LG-418f,O,941.4729558919037,104.15751852571164,0.0,1296.9825516599635,77.95597609389851
LG-418e,BOR,106.16904506822357,12.52518320962083,0.0,1296.9825516599635,10.230332190983054
LG-418e,H,1011.2857957277971,125.03928369035154,0.0,1296.9825516599635,100.62906210742226
LG-418e,HE,1755.5756640841676,217.06615916949318,0.0,1296.9825516599635,174.6904122274017
LG-418d,LIO,902.4996493788088,106.47146207092922,0.0,1296.9825516599635,86.96387171475416
LG-418d,TAI,161.14299953637294,19.010678591334596,0.0,1296.9825516599635,15.52756186560007
LG-418g,AMM,69.46934515692634,6.811695363840373,0.0,1296.9825516599635,5.807382922467904
LG-418c,FEO,30.48470792933778,3.66824486640759,0.0,1296.9825516599635,4.646820662482241
LG-418c,SIO,33.57674856304083,4.040312140517481,0.0,1296.9825516599635,5.11814413191586
LG-418c,HE,401.3707571417835,52.74437227586838,0.0,1296.9825516599635,56.59709666935719
LG-913d,HAL,213.78115495482905,25.220610497654324,0.0,1296.9825516599635,20.59971651769627
LG-913d,FEO,1239.4623577501357,146.22428884307192,0.0,1296.9825516599635,119.43322698112999
LG-913d,SCR,718.4362979639687,84.75677868872266,0.0,1296.9825516599635,69.22772999897022
LG-913c,TCO,205.00667356558552,19.243054337601315,0.0,1296.9825516599635,23.273841049629578
LG-913g,LES,1815.4298689294951,178.04662840846606,0.0,1296.9825516599635,172.8954895977147
LG-913b,BRM,903.1823406599132,146.4737241002844,0.0,1296.9825516599635,85.50966513207194
LG-913b,SIO,1359.6309202517111,220.4983371858833,0.0,1296.9825516599635,128.72437763673247
LG-913f,O,1081.2526987957194,137.52643382589906,0.0,1296.9825516599635,80.38384437487841
LG-913f,AMM,2568.2461822152104,273.4907410461069,0.0,1296.9825516599635,201.04889990581452
SO-715f,HE,149.00330622049216,16.357388649413636,0.0,1296.9825516599635,13.037389300309233
SO-715c,HE,578.7793621514505,52.99646158645694,0.0,1296.9825516599635,71.1586396479168
SO-715c,BER,116.5235028512865,10.937537095628272,0.0,1296.9825516599635,13.22859122944257
SO-715c,GAL,79.74084894921378,7.484914820420602,0.0,1296.9825516599635,9.052758192346326
SO-715g,HE,493.25198475142565,48.37523847316743,0.0,1296.9825516599635,46.975674939693434
UV-351d,N,52.67395198198884,5.165949792856898,0.0,1296.9825516599635,5.0164916160284685
UV-351d,AMM,69.5369245397261,6.818321742244664,0.0,1296.9825516599635,5.81303231145661
FA-382d,AR,2030.087417043009,239.49746193601197,0.0,1296.9825516599635,195.61698647415588
FA-382d,H,288.9623269494939,35.728418739688564,0.0,1296.9825516599635,28.75350179755977
FA-382a,TAI,93.60653779616646,8.689737129033933,0.0,1296.9825516599635,11.030286373509867
FA-382a,HE,1549.5897566779945,141.234922460842,0.0,1296.9825516599635,196.49728964906754
FA-382a,TCO,670.5047498568848,62.24469099276526,0.0,1296.9825516599635,79.0100732261345
FA-382b,GAL,86.23490404136689,8.094482561978536,0.0,1296.9825516599635,9.790010318599455
FA-382b,BOR,117.37436685405868,11.017403872423792,0.0,1296.9825516599635,13.325187468047636
FA-382b,SIO,822.1507276564975,77.1715908113162,0.0,1296.9825516599635,93.33649983932398
FA-382c,BOR,445.95992667023296,41.86025241057611,0.0,1296.9825516599635,50.62859792467664
JP-324b,SCR,1090.9822916773173,128.7075067212812,0.0,1296.9825516599635,105.12585143030026
JP-324b,SIO,795.918846826953,93.89770219833555,0.0,1296.9825516599635,76.69386302637984
JP-324c,TAI,117.93557817791232,10.948264903871484,0.0,1296.9825516599635,13.8971404300898
JP-324c,AMM,500.14336559690014,46.42960284816095,0.0,1296.9825516599635,58.9352483301736
JP-324d,CLI,118.06822618129443,13.928976786080904,0.0,1296.9825516599635,11.37692417086911
JP-324d,MAG,603.3423223855693,71.17868603924342,0.0,1296.9825516599635,58.137401338753904
LG-430a,SIO,75.28313675879394,12.99337993558118,0.0,1296.9825516599635,6.04494900552829
LG-430c,LST,58.15423715461111,10.037043231006026,0.0,1296.9825516599635,4.669563639216441
LG-430c,SIO,60.41214700212854,10.426743790416587,0.0,1296.9825516599635,4.850865195912384
LG-430c,HE,167.3000330129813,31.00992065933682,0.0,1296.9825516599635,12.094407504220698
LG-430d,HE,1169.04978439204,107.0451125984974,0.0,1296.9825516599635,143.73005980862888
LG-430d,N,631.614625473565,57.8343707901512,0.0,1296.9825516599635,77.65452687075347
LG-430g,AMM,635.6306762886062,62.32565631659951,0.0,1296.9825516599635,53.136397444609194
LG-430e,GAL,449.5744645504808,42.19953282338021,0.0,1296.9825516599635,51.03894642031154
LG-430e,ZIR,92.34372369370831,8.667889985571529,0.0,1296.9825516599635,10.483527730089783
LG-430e,HAL,135.3271636274293,12.70255215473745,0.0,1296.9825516599635,15.363318867541116
LG-430e,BRM,577.6013275175338,54.21683859152378,0.0,1296.9825516599635,65.57348233055177
IV-313a,AMM,824.2975218473754,142.91901551922837,0.0,1296.9825516599635,69.1707476250987
IV-313a,BRM,102.48947234034544,16.496579483460646,0.0,1296.9825516599635,9.416109924407824
IV-313c,LIO,116.77178666510447,13.776030675940826,0.0,1296.9825516599635,11.25200068768606
IV-313c,HE,1114.3081604313663,137.77736697110183,0.0,1296.9825516599635,110.88041140947401
IV-313b,LIO,53.33343835595214,6.4176475599035525,0.0,1296.9825516599635,8.129680098235564
IV-313g,AMM,89.04741849396821,8.731389166647986,0.0,1296.9825516599635,7.444038176602323
IV-313e,HE,1312.6838596540838,128.74027214030514,0.0,1296.9825516599635,125.01563540746439
IV-313f,HE,68.58647565559662,6.726556037165523,0.0,1296.9825516599635,6.531947331707502
AW-844a,N,125.26692170570794,23.218867524263725,0.0,1296.9825516599635,9.055761500002724
AW-844a,H,241.9270426185619,44.84242030225715,0.0,1296.9825516599635,17.4893225483872
AW-844a,BTS,952.1081494770322,206.23645947476876,0.0,1296.9825516599635,50.95021365062777
AW-844i,BRM,73.33685086533212,8.651839079033488,0.0,1296.9825516599635,7.066658136661378
AW-844i,TAI,191.0855294207577,22.5431175646763,0.0,1296.9825516599635,18.412791050423692
AW-844i,SIO,33.23642586123524,3.9210329421108034,0.0,1296.9825516599635,3.2026253714811324
AW-844b,MAG,340.2592442082713,40.94361765603543,0.0,1296.9825516599635,51.86612547683124
AW-844b,TCO,138.97596998762853,16.723069469545944,0.0,1296.9825516599635,21.184274109627424
AW-844e,HE,92.76008699102657,9.097360918363131,0.0,1296.9825516599635,8.834161500767395
AW-844c,BRM,53.28308115345674,6.411588044753579,0.0,1296.9825516599635,8.122004089346031
AW-844c,GAL,79.20194220271821,9.530421566382481,0.0,1296.9825516599635,12.072847225218933
AW-844d,H,161.7762412696884,20.002639621692172,0.0,1296.9825516599635,16.09771589693587
AW-844d,BRM,987.3413120354015,116.48056941384458,0.0,1296.9825516599635,95.1391208380228
AW-844h,NE,211.8102185762691,20.773093979225234,0.0,1296.9825516599635,20.172099219749725
OP-649a,BOR,298.0006953154049,51.432982497878236,0.0,1296.9825516599635,23.92832026334466
OP-649e,H,507.2734884065336,62.72125436094993,0.0,1296.9825516599635,50.476784689310264
OP-649e,AMM,574.321658070236,67.75500320230277,0.0,1296.9825516599635,55.34100210432464
OP-649e,GAL,597.470628985191,70.4859790873894,0.0,1296.9825516599635,57.57161143294027
OP-649c,CUO,52.503612003263655,4.122732199231517,0.0,1296.9825516599635,10.519812012614485
OP-649c,HAL,54.979288797444894,4.317129347253005,0.0,1296.9825516599635,11.015847494462088
OP-649c,GAL,283.0076138267513,22.222558746600136,0.0,1296.9825516599635,56.704420553217474
OP-649d,O,1748.8449169249425,160.1345841288493,0.0,1296.9825516599635,215.01358441835575
OP-649d,HE,650.9144870598709,59.601580265935745,0.0,1296.9825516599635,80.02736872670623
OP-649b,O,84.78087495397175,14.69954580977615,0.0,1296.9825516599635,7.114368719359149
OP-649g,HE,94.90182074180446,10.418198124500329,0.0,1296.9825516599635,8.303654554404153
AU-522a,GAL,539.7479401771309,63.676204616795886,0.0,1296.9825516599635,52.00951674626651
AU-522a,FEO,833.6928735171119,98.35405390193543,0.0,1296.9825516599635,80.33372661357762
AU-522a,SIO,1809.2512567976128,213.4445444909568,0.0,1296.9825516599635,174.33745742084466
AU-522b,BRM,45.19318570999675,5.331619310321432,0.0,1296.9825516599635,4.354765574890095
AU-522b,HE,122.68178708949381,15.168850234352082,0.0,1296.9825516599635,12.20758090801976
AU-522b,HAL,188.6409606882789,22.25472209852954,0.0,1296.9825516599635,18.177235101127195
AU-522b,BOR,1089.3873275032063,128.51934247358838,0.0,1296.9825516599635,104.97216244003582
JS-572g,H,639.1215565104465,62.681263665093525,0.0,1296.9825516599635,60.86780674732778
JS-572b,TAI,113.73022341613925,13.68523225378016,0.0,1296.9825516599635,17.33603462246843
JS-572b,FEO,23.163043133040027,2.7872241472709245,0.0,1296.9825516599635,3.530770499296561
JS-572d,LST,684.6469776209528,80.77051859235573,0.0,1296.9825516599635,65.97182832448058
JS-572a,BRM,703.4717015655527,121.41464192249256,0.0,1296.9825516599635,56.48609696512475
JS-572a,HE,1021.321379062731,189.3071648704476,0.0,1296.9825516599635,73.83308137302568
JS-572i,H,41.071665821222275,4.028066160936264,0.0,1296.9825516599635,3.911528554359007
JS-572j,AMM,557.6609634301823,52.345126305427385,0.0,1296.9825516599635,63.30970790716798
JS-572j,BRM,457.5966447722247,42.95253879742066,0.0,1296.9825516599635,51.949682369073805
JS-572f,H,38.57064328741623,3.7827806572994076,0.0,1296.9825516599635,3.67333950454884
JS-572h,H,41.979363193636786,4.60843974829043,0.0,1296.9825516599635,3.673081587361758
KC-765e,FEO,1297.3941857272907,153.05873629068563,0.0,1296.9825516599635,125.01547408767918
KC-765e,O,59.173524558156686,8.343648035496063,0.0,1296.9825516599635,4.967135623669309
KC-765e,LES,756.1088416169456,93.4882190050775,0.0,1296.9825516599635,75.23740954779767
KC-765f,HE3,752.5651327442656,73.80713892401533,0.0,1296.9825516599635,71.6717948221894
KC-765b,ALO,33.73298677155197,4.059112386451809,0.0,1296.9825516599635,5.141959709787283
KC-765d,SIO,1970.3284582749864,232.44746062438028,0.0,1296.9825516599635,189.85867905798497
KC-765d,FEO,39.20855256331867,4.625588408787519,0.0,1296.9825516599635,3.778092919575712
KC-765d,AMM,229.2221841561127,27.042249936597223,0.0,1296.9825516599635,22.08759707646264
QQ-033b,TAI,90.3829766455605,8.39048560582164,0.0,1296.9825516599635,10.65043253561735
QQ-033b,SIO,1067.5373120054899,99.10225113723946,0.0,1296.9825516599635,125.79508379498836
QQ-033c,MAG,800.8953819268567,94.48480377615749,0.0,1296.9825516599635,77.17339646476941
QQ-033c,HE,1196.9207620750676,147.99190827778622,0.0,1296.9825516599635,119.10086566363164
QQ-033c,LES,793.2063355242466,98.07509650743359,0.0,1296.9825516599635,78.9288348938255
QQ-033c,LST,816.8878238934725,96.37149556539204,0.0,1296.9825516599635,78.71441054998007
NL-881a,TAI,1013.4902109700234,79.58211953326813,0.0,1296.9825516599635,203.066533696137
NL-881f,AR,201.23162126492127,19.735607697429636,0.0,1296.9825516599635,19.164628871979666
NL-881f,HE,1114.0400223568263,109.25845899499646,0.0,1296.9825516599635,106.09745845506572
NL-881c,CLI,91.11556965276101,10.749265027451703,0.0,1296.9825516599635,8.779795887957837
NL-881c,HE,597.2470715072955,73.84593585998856,0.0,1296.9825516599635,59.42970118445195
NL-881c,TAI,171.05670925481627,20.18023823492665,0.0,1296.9825516599635,16.482836009767794
NL-881c,SIO,57.40243472017503,6.771992826030247,0.0,1296.9825516599635,5.531235355665574
NL-881c,LIO,111.6983388854941,13.177495925032687,0.0,1296.9825516599635,10.763128850271805
NL-881b,HE,213.53197983385905,17.910061299078915,0.0,1296.9825516599635,41.256407214187846
NL-881b,MAG,428.01676287150445,33.609087504141684,0.0,1296.9825516599635,85.75897375167501
NL-881b,SIO,331.0014498977272,25.99117057700433,0.0,1296.9825516599635,66.32063768508867
NL-881e,TAI,119.50953257975915,14.099013416723754,0.0,1296.9825516599635,11.515806867193717
NL-881e,HE,156.93697877148554,19.404294506076862,0.0,1296.9825516599635,15.616179966595517
NL-881e,FEO,49.88586398192668,5.885233172647872,0.0,1296.9825516599635,4.806946882128962
NL-881e,AMM,732.5402042443345,86.42067243495902,0.0,1296.9825516599635,70.58676686650458
NL-506a,ZIR,91.93520957969501,8.629544603165629,0.0,1296.9825516599635,10.437150251782796
NL-506a,HE,811.9823252307091,74.34990416384429,0.0,1296.9825516599635,99.83002411625438
NL-506a,BRM,620.1919226433682,58.21462618557014,0.0,1296.9825516599635,70.40867488271364
NL-506c,GAL,53.18811926165248,6.27481332152201,0.0,1296.9825516599635,5.125148562000094
NL-506c,FEO,1013.1357840109371,119.52364554852588,0.0,1296.9825516599635,97.62464773365572
NL-506e,AMM,816.9641559207528,80.10599410054049,0.0,1296.9825516599635,68.29521246594834
NL-506b,LST,836.2322551782386,78.49336046175935,0.0,1296.9825516599635,94.93513674014731
NL-506b,BRM,62.471198423373636,5.863890403604183,0.0,1296.9825516599635,7.092182498245958
NL-506b,SCR,1225.3671939296598,115.01970685241554,0.0,1296.9825516599635,139.11255084008647
NL-506f,HE,76.56010242888723,7.50856220962594,0.0,1296.9825516599635,7.2913289682178934
NL-506f,N,26.0334061022196,2.8801411250422015,0.0,1296.9825516599635,2.1556217531758803
NL-506d,MGS,1407.900979695102,166.09566093727383,0.0,1296.9825516599635,135.66378698269267
NL-506d,SIO,555.6823944139924,65.55605536362853,0.0,1296.9825516599635,53.544943197736984
NL-506d,MAG,615.0205163155481,72.55640888149436,0.0,1296.9825516599635,59.262699237191555
LS-621a,GAL,102.6374033844148,16.520390282470885,0.0,1296.9825516599635,9.42970092980947
LS-621a,BRM,71.6322386966053,11.529837087195133,0.0,1296.9825516599635,6.5811348063027975
LS-621b,SIO,2550.5695014537337,413.6389703784159,0.0,1296.9825516599635,241.47764426619568
LS-621b,GAL,530.9006473696669,86.09888772921443,0.0,1296.9825516599635,50.26353431778887
LS-621c,BRM,62.83763280747503,10.845366870618472,0.0,1296.9825516599635,5.045622463451977
LS-621c,SIO,882.1573406203597,152.2546214614698,0.0,1296.9825516599635,70.83387287631336
LS-621d,SCR,421.41621802660626,39.12115801715755,0.0,1296.9825516599635,49.658300335783856
LS-621d,BRM,801.9826480837106,74.45012451020679,0.0,1296.9825516599635,94.50299608572202
LS-621d,HE,377.9451420571795,34.44721585365375,0.0,1296.9825516599635,47.92571435776465
LS-621d,CLI,39.23465750510952,3.6422547836294696,0.0,1296.9825516599635,4.623282926992945
LS-483a,LST,45.05477288918475,7.251960860990016,0.0,1296.9825516599635,4.139358750281992
LS-483a,CLI,546.3055878527098,87.93267587858617,0.0,1296.9825516599635,50.191237695682446
LS-483a,TAI,148.24832761268823,23.861868579355615,0.0,1296.9825516599635,13.620155485581373
LS-483d,FEO,692.9754503156237,83.38618969415839,0.0,1296.9825516599635,105.63108062520074
LS-483d,N,61.289422497172275,8.054079823313838,0.0,1296.9825516599635,8.642391873746261
LS-483b,BOR,131.82196275746077,22.75161370400315,0.0,1296.9825516599635,10.58480128465712
LS-483b,SIO,1317.8391688819138,227.450472343304,0.0,1296.9825516599635,105.81746346333529
LS-483c,CLI,51.492204250136865,8.288121899683007,0.0,1296.9825516599635,4.730790825610316
LS-483c,SIO,61.25773107979001,9.859969093980872,0.0,1296.9825516599635,5.627988088880546
LS-483c,AMM,1642.141666847736,284.71912646661855,0.0,1296.9825516599635,137.79996153283994
LS-483c,BRM,2051.4241247284003,330.19470541804026,0.0,1296.9825516599635,188.4723827621925
LS-483f,O,88.240671187386,9.762287154827904,0.0,1296.9825516599635,7.306516465018068
LS-483f,NE,188.68680172674863,18.50528596427375,0.0,1296.9825516599635,17.96990207306107
LS-123b,O,123.71690638743854,21.629822290579618,0.0,1296.9825516599635,10.601945368391972
LS-123a,FEO,40.782182139919364,6.564249906039484,0.0,1296.9825516599635,3.746819075343557
LS-123a,TS,1171.9674298077982,188.6384368693908,0.0,1296.9825516599635,107.67324579689357
LS-123a,TAI,533.3526526087453,85.84778734401947,0.0,1296.9825516599635,49.001200716119506
LS-123a,GAL,1208.2879917904077,194.484549879324,0.0,1296.9825516599635,111.01015832395602
LS-123c,HE,245.73868397641087,30.384080493592457,0.0,1296.9825516599635,24.45248751295079
LS-271b,AR,1773.3214192361743,162.37579744662582,0.0,1296.9825516599635,218.02287383277445
LS-271b,GAL,1371.9949155905863,128.7829915603995,0.0,1296.9825516599635,155.75879082853237
LS-271b,TCO,185.6125201626068,17.422612391618028,0.0,1296.9825516599635,21.072076415618017
LS-271c,AMM,706.0131989184523,66.27028336960517,0.0,1296.9825516599635,80.15172718419711
LS-271c,HE,136.37431321849397,12.487238703532359,0.0,1296.9825516599635,16.766683897425544
LS-271h,AMM,656.33307013333,64.35559340401485,0.0,1296.9825516599635,54.86704177696141
LS-271g,NE,582.5859469028334,57.136585323104825,0.0,1296.9825516599635,55.483543730559525
LG-093c,CLI,1377.484174355246,162.50726980793613,0.0,1296.9825516599635,132.73285713760237
LG-093c,H,432.9062252435444,53.526198566440435,0.0,1296.9825516599635,43.07679155660563
LG-093b,HEX,380.8682749351498,58.035202049580924,0.0,1296.9825516599635,43.71102939699797
LG-093b,N,76.68231201379265,11.68454755678248,0.0,1296.9825516599635,8.80058281366538
LG-093d,ALO,125.80053541463744,14.84118796513813,0.0,1296.9825516599635,12.122000968062423
LG-093d,SIO,1033.147778406157,121.8845398753889,0.0,1296.9825516599635,99.55298146158586
FW-918a,HE,1915.1284122489192,332.05033378979095,0.0,1296.9825516599635,160.70758501910663
YP-225a,HE,567.1396933518006,74.52816775090156,0.0,1296.9825516599635,79.97209432555329
YP-225b,GAL,57.02755367412473,5.294015377634358,0.0,1296.9825516599635,6.719939258687778
YP-225b,HE,509.0399567783844,46.39564666405131,0.0,1296.9825516599635,64.54932436083226
YP-225b,MGS,34.24399089143782,3.178958287546168,0.0,1296.9825516599635,4.03519919652334
YP-225b,TIO,721.8157437403441,67.0080233323039,0.0,1296.9825516599635,85.05639189114495
YP-225c,SIO,56.7977847264733,6.700659868820885,0.0,1296.9825516599635,5.472971948559769
YP-225c,BRM,91.12582375913853,10.750474745038847,0.0,1296.9825516599635,8.780783962348975
FK-794d,HE,392.29966610872435,35.92127768348209,0.0,1296.9825516599635,48.231696567169735
OS-476d,O,27.90013528476854,3.934004450420135,0.0,1296.9825516599635,2.3419892073855526
OS-476d,TAI,187.43449973042206,22.112391115683256,0.0,1296.9825516599635,18.06098185267426
OS-476d,H2O,47.297567639644654,5.579881590489048,0.0,1296.9825516599635,4.557541498730854
OS-476d,LIO,77.36261009484048,9.126773857574754,0.0,1296.9825516599635,7.454575859876475
OS-476a,LST,670.2676046814316,79.07412695210661,0.0,1296.9825516599635,64.58624779321741
OS-476a,LIO,147.33883316324895,17.382146350431793,0.0,1296.9825516599635,14.19740760523248
OS-476a,O,801.2761886261338,112.98239452594265,0.0,1296.9825516599635,67.26061242154309
OS-476a,SIO,52.363674541364524,6.177550308925677,0.0,1296.9825516599635,5.04570597724078
OS-476b,FEO,784.6627608695544,73.65276398806864,0.0,1296.9825516599635,89.0805945797619
OS-476b,GAL,1710.1401808480084,160.52316664923381,0.0,1296.9825516599635,194.14748822266054
OS-476c,BOR,507.60449684637945,59.88411515750934,0.0,1296.9825516599635,48.91220996702293
OS-476c,SIO,669.7082923087687,79.008142653816,0.0,1296.9825516599635,64.5323530693156
OS-476c,TAI,615.5919656032025,72.62382501976975,0.0,1296.9825516599635,59.317763460847814
OS-898a,BRM,51.38948596804654,6.062621420249266,0.0,1296.9825516599635,4.9518342398120545
OS-803a,CUO,84.40124364309946,7.922365108108045,0.0,1296.9825516599635,9.581839921480048
OS-803a,BRM,665.659294817042,62.4824439014946,0.0,1296.9825516599635,75.57045998224065
OS-803g,O,445.2591615033575,43.65910977379457,0.0,1296.9825516599635,37.222035773417154
OS-803g,NE,234.38371934064543,22.986969475745028,0.0,1296.9825516599635,22.321924191447817
OS-803i,LIO,695.2213012669573,64.53919241912372,0.0,1296.9825516599635,81.92259030707116
OS-803i,GAL,74.09552100612325,6.878478951802359,0.0,1296.9825516599635,8.731172361824354
OS-803d,BRM,66.46095561848827,6.169742490921461,0.0,1296.9825516599635,7.831540300372883
OS-803d,SIO,696.2519585041655,64.63487099748303,0.0,1296.9825516599635,82.04403956421699
OS-803f,HE,1530.0273047284527,150.0560322610696,0.0,1296.9825516599635,145.71470067576112
OS-803f,HE3,342.1290071535462,33.55399029561223,0.0,1296.9825516599635,32.583226270411046
OS-803b,BER,1109.5590643308149,130.89908224858308,0.0,1296.9825516599635,106.91588877272456
OS-803c,MAG,136.95190341052543,12.855059170176535,0.0,1296.9825516599635,15.547771084637803
OS-803h,AMM,101.58916567649977,9.961148291981997,0.0,1296.9825516599635,8.492482324754508
NJ-215a,BRM,96.48072947177545,9.056212109908856,0.0,1296.9825516599635,10.95319056216013
NJ-215a,FEO,31.59726115753394,2.9658927819210015,0.0,1296.9825516599635,3.58714973026873
NJ-215a,HE,708.3310931311069,64.85898430807012,0.0,1296.9825516599635,87.08651396996797
NJ-215d,TAI,114.94114300557041,13.560062384877638,0.0,1296.9825516599635,11.075601881910652
NJ-215c,MGS,65.23787130774186,6.056200409382502,0.0,1296.9825516599635,7.687416070120321
NJ-215b,FEO,30.19308254976478,2.8340888519364738,0.0,1296.9825516599635,3.4277372138168967
NJ-215b,BRM,771.6705098744177,72.4332398256653,0.0,1296.9825516599635,87.60562023244648
NJ-215e,AMM,54.65926801112617,5.359519103875915,0.0,1296.9825516599635,4.56931469391808
NJ-215f,H,44.373885453266574,4.351928339152176,0.0,1296.9825516599635,4.226020945286865
NJ-605a,GAL,569.3186135093807,92.32932683271919,0.0,1296.9825516599635,53.90079256761462
NJ-605c,SIO,353.4959028806643,42.53639346139806,0.0,1296.9825516599635,53.88380526447016
NJ-605f,H,77.30469524322206,7.581587470694087,0.0,1296.9825516599635,7.362241506007785
NJ-605b,BRM,1348.9394693799136,232.81818200418041,0.0,1296.9825516599635,108.31469908157692
NJ-605b,N,1135.327753018763,210.4388320157906,0.0,1296.9825516599635,82.07479848372006
NJ-605b,NE,1645.5491811818317,305.0109950995996,0.0,1296.9825516599635,118.95958420943961
NJ-605b,SIO,815.6826859191949,140.78152825885553,0.0,1296.9825516599635,65.496211414144
NJ-605b,GAL,703.0633242819281,121.34415865848891,0.0,1296.9825516599635,56.453305825424565
NJ-605d,HE,1755.1390480407954,217.01217427467748,0.0,1296.9825516599635,174.64696628647062
NJ-605d,GAL,67.47312497239066,7.960072085623175,0.0,1296.9825516599635,6.501635971084659
GM-844a,MAG,823.5677821097695,133.56222178401987,0.0,1296.9825516599635,77.9720794920711
GM-844g,AMM,66.18534820347448,6.489688775579567,0.0,1296.9825516599635,5.532852800126429
GM-844d,SIO,2329.00039495481,274.76141113771024,0.0,1296.9825516599635,224.41991164192646
GM-844d,TAI,1786.248869689215,210.73086167873817,0.0,1296.9825516599635,172.1209727463025
GM-844d,BRM,1637.1404854081823,193.13995436662694,0.0,1296.9825516599635,157.75305314529743
GM-844d,HE,291.4669858741196,36.03810444787005,0.0,1296.9825516599635,29.00273053146351
GM-844e,BOR,989.6856098569518,92.89733663975919,0.0,1296.9825516599635,112.35627198032392
GM-844b,TAI,170.44389018943806,27.641762047678824,0.0,1296.9825516599635,16.136940812258917
GM-844b,ALO,2205.260480316917,357.6384309365376,0.0,1296.9825516599635,208.78517737969904
GM-212d,AMM,487.63323460187223,74.30362453010545,0.0,1296.9825516599635,55.96410112200845
GM-212d,SIO,30.360952955704636,3.65335334939603,0.0,1296.9825516599635,4.62795654313767
GM-212d,FEO,21.44180654150836,2.580106621152768,0.0,1296.9825516599635,3.2684003372766544
GM-212b,HE,408.53856398841145,70.83356169263604,0.0,1296.9825516599635,34.28242492034932
GM-212b,LST,532.2250293292627,85.66628648707672,0.0,1296.9825516599635,48.89760154138993
GM-037a,HE,196.06639849418573,24.242407168209517,0.0,1296.9825516599635,19.5097942387798
GM-037a,ALO,52.48900226768069,6.1923357177267695,0.0,1296.9825516599635,5.057782418845119
GM-037a,GAL,2061.777127195972,243.23602269325127,0.0,1296.9825516599635,198.67057202437385
GM-037b,TAI,100.67120636475562,9.449553327292605,0.0,1296.9825516599635,11.428923822122345
GM-037i,SIO,1091.7746526500018,102.47997589521681,0.0,1296.9825516599635,123.94615885351465
GM-037i,TAI,1854.049907731539,174.03132541287135,0.0,1296.9825516599635,210.48516177606018
GM-037i,BER,93.63003704745607,8.788630434313223,0.0,1296.9825516599635,10.629559330010181
GM-037c,CLI,456.27464557141394,42.357156049212314,0.0,1296.9825516599635,53.76590272555219
GM-037c,BRM,873.3422448855871,81.0746205383844,0.0,1296.9825516599635,102.9117761426972
GM-037e,O,1369.1133855425878,134.24602290125955,0.0,1296.9825516599635,114.4528666012551
GM-037d,TAI,809.9169551260248,95.54911453722704,0.0,1296.9825516599635,78.04270531701964
CG-856c,FEO,562.4983297089416,66.36015827572784,0.0,1296.9825516599635,54.20171921201468
CG-856c,H,732.3770027250112,90.55392273765416,0.0,1296.9825516599635,72.87594783255511
CG-856b,H2O,40.98846916175827,4.835572227319326,0.0,1296.9825516599635,3.9496037216421764
CG-856b,GAL,71.4298175922983,8.426858802379007,0.0,1296.9825516599635,6.88289851190581
CG-856d,MGS,668.7120946578015,62.07827417178472,0.0,1296.9825516599635,78.79883263674414
TD-298a,TAI,746.9386399385126,120.22632531559127,0.0,1296.9825516599635,68.62418334141464
TD-298a,BRM,684.6846453341803,110.20599886934981,0.0,1296.9825516599635,62.904664613859175
TD-298d,N,105.06706001290968,10.304356071391178,0.0,1296.9825516599635,10.006236590255188
TD-298b,AMM,59.996537488701286,4.948835248385555,0.0,1296.9825516599635,10.884240660792514
TD-298b,BOR,50.29045047460438,3.8012897405996062,0.0,1296.9825516599635,10.771629345840996
TD-298b,TCO,334.02666385349573,25.247976870563033,0.0,1296.9825516599635,71.54462488807098
TD-298c,BRM,625.5244990522858,73.79560537350197,0.0,1296.9825516599635,60.274851438957405
TD-298c,SIO,1404.573170279597,165.70306606567905,0.0,1296.9825516599635,135.34312293445694
TD-298e,AMM,721.1229329762107,70.70845029871819,0.0,1296.9825516599635,60.28323710992214
TD-331a,H,619.3598779795601,76.58004870262516,0.0,1296.9825516599635,61.630059367338845
TD-331a,H2O,594.0621204054589,70.08386381541652,0.0,1296.9825516599635,57.24317130216518
TD-331a,MAG,121.83759447191726,14.373664108965349,0.0,1296.9825516599635,11.740136345740325
TD-331d,SIO,1933.4406849491868,228.09566374419066,0.0,1296.9825516599635,186.3042138683799
TD-331d,TIO,85.10106740883876,10.039710350084173,0.0,1296.9825516599635,8.20024507934692
TD-331b,CLI,565.6823646177803,66.73579149870169,0.0,1296.9825516599635,54.50852930721874
TD-331b,HAL,181.82578801890597,21.450709156393305,0.0,1296.9825516599635,17.520532572609664
TD-331c,H2O,590.6944671762767,55.44583271898759,0.0,1296.9825516599635,67.05991028900891
TD-331c,SIO,38.691409295015575,3.6317885584547294,0.0,1296.9825516599635,4.3925287614125725
TD-152a,SIO,32.83940533981292,3.0485669761461285,0.0,1296.9825516599635,3.8696874573299325
TD-152a,HE,632.7690741782209,57.67274257076206,0.0,1296.9825516599635,80.23891969725219
TD-152d,FEO,38.30658569517753,4.51917980103169,0.0,1296.9825516599635,3.691180386073927
TD-152b,GAL,70.01768544946023,6.499922924871934,0.0,1296.9825516599635,8.250653639168252
TD-152b,FEO,778.3853542157517,72.25952665778283,0.0,1296.9825516599635,91.72236863029536
TD-152b,SIO,593.5002294272,55.09616209686275,0.0,1296.9825516599635,69.93611394517279
TD-152b,AMM,649.4341227700756,60.28865015588503,0.0,1296.9825516599635,76.52717986944359
TD-152c,LIO,532.3956147350416,62.80882163223808,0.0,1296.9825516599635,51.3010547684795
TD-152c,HAL,159.72407527167692,18.843282469758158,0.0,1296.9825516599635,15.390835887021671
TD-152c,H,438.7259561297778,54.24577258237085,0.0,1296.9825516599635,43.65589003032422
TD-152c,FEO,45.19435212858251,5.3317569173468735,0.0,1296.9825516599635,4.3548779696996975
TD-152c,N,469.36737930768,66.1822367609271,0.0,1296.9825516599635,39.399570124577146
TD-228a,FEO,665.5940250024137,107.94280533626073,0.0,1296.9825516599635,63.01576063841039
TD-228a,H,2033.7817434131878,355.5725645942838,0.0,1296.9825516599635,174.28533871817598
TD-228d,ALO,57.38894267163756,5.38684191592675,0.0,1296.9825516599635,6.51520804915989
TD-228c,CLI,57.17283372464383,6.879644518639655,0.0,1296.9825516599635,8.714923748003502
TD-228e,BER,219.5514084648191,25.901350183427514,0.0,1296.9825516599635,21.15573178745263
TD-228e,SIO,36.87261235658648,4.350008280537903,0.0,1296.9825516599635,3.5530042953181646
TD-228e,HE,116.46532071473177,14.400222309517048,0.0,1296.9825516599635,11.58900485013651
FW-129a,AMM,1277.9798707812977,221.57973322073428,0.0,1296.9825516599635,107.24140346031163
FW-129a,BOR,150.57001561645006,24.23556462652296,0.0,1296.9825516599635,13.833458071246014
FW-129a,FEO,48.41604933598832,7.792987786042801,0.0,1296.9825516599635,4.448172404862261
FW-129b,GAL,678.3702833155246,81.62874038562886,0.0,1296.9825516599635,103.40479746866278
FW-129b,BOR,536.2267138999438,64.52451160278541,0.0,1296.9825516599635,81.73768237179694
FW-129c,TAI,214.94748926491067,20.176153993993697,0.0,1296.9825516599635,24.402394381410453
FW-129d,FEO,40.06592412222081,4.726735931090908,0.0,1296.9825516599635,3.8607082982205285
FW-129d,SCR,99.53392212072157,11.74241144707537,0.0,1296.9825516599635,9.590979055261233
FW-129d,HE,551.192377545166,68.1515555295908,0.0,1296.9825516599635,54.84698017854862
NL-534a,AMM,845.2123763370918,156.66445641686786,0.0,1296.9825516599635,61.10185827780652
NL-534b,MGS,69.5223620344835,11.99910767304139,0.0,1296.9825516599635,5.582380747348944
NL-534d,BOR,2970.913608516165,512.7603728165567,0.0,1296.9825516599635,238.55304171039913
NL-534c,MAG,813.2078030405169,140.3543795649619,0.0,1296.9825516599635,65.29748774984984
NL-534h,AMM,56.6132249583248,5.551110941229651,0.0,1296.9825516599635,4.7326583411162195
NL-534e,FEO,56.07066601381321,9.67743239887585,0.0,1296.9825516599635,4.502260816329712
NL-743e,SIO,511.482899147054,60.34166565488219,0.0,1296.9825516599635,49.28592853895393
NL-743b,HE,653.0122992641905,80.74096411313761,0.0,1296.9825516599635,64.97867912035248
NL-743b,SIO,36.30751975540787,4.283342065770548,0.0,1296.9825516599635,3.498552594966062
NL-743b,BRM,44.7398540663558,5.27813797884979,0.0,1296.9825516599635,4.311083037252583
NL-743c,LST,42.95787373957318,5.067910694102621,0.0,1296.9825516599635,4.139373376597089
NL-743c,AMM,584.3292389073978,68.93563719397139,0.0,1296.9825516599635,56.30532156605184
NL-743d,HE,186.68275347584785,23.082177036970407,0.0,1296.9825516599635,18.576064722026565
NL-743d,LIO,1103.351624829051,130.16676599790694,0.0,1296.9825516599635,106.3177467425531
NL-044a,AR,2174.012998385573,380.08964324753424,0.0,1296.9825516599635,186.30248453576024
NL-044a,LIO,1397.7339054755253,226.67769421471135,0.0,1296.9825516599635,132.33181476248504
NL-044b,H,695.2583573653335,128.86970857899917,0.0,1296.9825516599635,50.261424001267166
NL-044c,AMM,270.3357018197332,22.67449116843344,0.0,1296.9825516599635,52.23142597884382
NL-044i,FEO,1601.1763373188246,188.89712121777754,0.0,1296.9825516599635,154.28758746569738
NL-044i,BER,2468.577075883324,291.2278256118824,0.0,1296.9825516599635,237.86936681123666
NL-044i,BRM,87.99669552008507,10.381319079605877,0.0,1296.9825516599635,8.479264613341625
NL-044e,BOR,108.64288672398891,12.817032118595582,0.0,1296.9825516599635,10.468708846910475
NL-044e,HE,119.31220815037922,14.752222473273168,0.0,1296.9825516599635,11.872287393790188
NL-044e,FEO,967.5210780924773,114.14229782787389,0.0,1296.9825516599635,93.22926493596762
NL-044g,F,1284.5426930376127,125.9803528940177,0.0,1296.9825516599635,122.33556449793667
DX-325a,AMM,299.17598872324805,64.80460933774881,0.0,1296.9825516599635,16.009820473608922
DX-325a,SIO,1003.3985191542714,173.1800606016598,0.0,1296.9825516599635,80.56907750727659
DX-325a,HE,138.79258813981832,25.725919288885166,0.0,1296.9825516599635,10.03355521990951
DX-325c,MAG,733.6424391632722,126.62191507052731,0.0,1296.9825516599635,58.90869222469444
DX-325b,SIO,75.18078104958765,12.975714005659121,0.0,1296.9825516599635,6.036730232118792
DX-325b,LIO,911.3410215077088,157.29153503884925,0.0,1296.9825516599635,73.17721124334851
DX-325b,TAI,1337.2298320388838,230.79717473176362,0.0,1296.9825516599635,107.37445982419122
DX-325e,GAL,56.27332896911056,6.771406522414056,0.0,1296.9825516599635,8.57781115720218
DX-325e,SIO,725.1566085716136,87.25856953920123,0.0,1296.9825516599635,110.5364932495622
DX-325e,BRM,425.4126377681205,51.190181261209105,0.0,1296.9825516599635,64.84615958414784
DX-325d,HE,316.63602887345183,58.69011473829986,0.0,1296.9825516599635,22.890163825709312
CC-558a,SIO,1206.9995167557581,208.32026903340335,0.0,1296.9825516599635,96.91746176654311
CC-558a,BRM,131.95791046004004,22.775077393576048,0.0,1296.9825516599635,10.595717367127799
CC-558b,HE,2057.346870882894,381.33981258606906,0.0,1296.9825516599635,148.7291483801462
CC-558b,CLI,2409.47635529122,415.85995321111733,0.0,1296.9825516599635,193.47176970625108
CC-558b,BTS,214.5142952627618,46.466012065979456,0.0,1296.9825516599635,11.479314803423199
JS-637d,H2O,595.3510756255422,70.23592697346947,0.0,1296.9825516599635,57.367373606822625
JS-637f,H,32.991342420285484,3.235595814045272,0.0,1296.9825516599635,3.141985486668578
JS-637b,TCO,253.2458013579918,43.9198418508182,0.0,1296.9825516599635,19.11098845188301
JS-637b,HE,514.8245907675048,95.81130539855795,0.0,1296.9825516599635,35.20391934549462
JS-637b,SIO,84.21623561031821,14.6054297028514,0.0,1296.9825516599635,6.355309732992183
LA-236a,GAL,69.09604001239236,11.925527263849837,0.0,1296.9825516599635,5.548148713530644
LA-236a,SIO,46.204240436513615,7.974551492853902,0.0,1296.9825516599635,3.710024439772926
LA-236a,HE,341.4855520152595,63.29610152247472,0.0,1296.9825516599635,24.68657864852805
LA-236b,BRM,393.3357352964285,47.33034658295713,0.0,1296.9825516599635,59.95663879426886
LA-236b,GAL,1191.6100203016542,143.38721400459028,0.0,1296.9825516599635,181.63854732653473
LA-236f,HE,99.80743519723804,9.78852316528391,0.0,1296.9825516599635,9.5053274539843
LA-236d,LST,530.5950513639787,62.596402032074955,0.0,1296.9825516599635,51.12755446615456
LA-236d,GAL,1987.8600516908846,234.5157322128607,0.0,1296.9825516599635,191.54800408079782
LA-236d,H2O,32.98552708124952,3.891433418215943,0.0,1296.9825516599635,3.178449041516811
LA-236c,BRM,57.945920024584254,5.4391228747909395,0.0,1296.9825516599635,6.578440148658241
LA-236c,MGS,37.76031745796064,3.5443911557159686,0.0,1296.9825516599635,4.286824478516184
LA-236c,CUO,476.6029881358065,44.73657875935638,0.0,1296.9825516599635,54.10742000114738
XS-804a,BRM,649.1353706173988,76.58107350973538,0.0,1296.9825516599635,62.54996900523601
XS-804a,GAL,85.74028974810348,10.115121943979815,0.0,1296.9825516599635,8.261839839574566
XS-804a,ALO,59.8938415744013,7.065913971113888,0.0,1296.9825516599635,5.771304574760917
XS-804a,H2O,120.29944417990123,14.192202420211789,0.0,1296.9825516599635,11.591921878549162
XS-804c,N,769.3976012114206,108.48741615101504,0.0,1296.9825516599635,64.58466454853352
XS-804b,GAL,1154.497690551659,136.2006701666344,0.0,1296.9825516599635,111.24612527574887
XS-804b,SIO,899.8132077222565,106.15453189689732,0.0,1296.9825516599635,86.70500915702311
XS-804b,HE,590.038704957664,72.95466556453786,0.0,1296.9825516599635,58.71242505115683
XS-804b,TAI,612.9626501781518,72.31363425377498,0.0,1296.9825516599635,59.06440552383461
XS-804g,AMM,2801.097322282289,274.6567079444188,0.0,1296.9825516599635,234.16148110863335
XS-804f,HE,1450.3258345770541,142.23938327753035,0.0,1296.9825516599635,138.12419831633406
XS-804d,LIO,650.298005055764,76.71823410430397,0.0,1296.9825516599635,62.66199917856487
XS-804d,AMM,1115.1956527777481,131.56405293688215,0.0,1296.9825516599635,107.45902422429548
XS-804d,N,211.93428642399053,25.00272809419132,0.0,1296.9825516599635,20.42175430120077
XS-804d,BRM,57.59688254554583,6.794932606979738,0.0,1296.9825516599635,5.5499721338487
XS-804d,GAL,784.6523282030275,92.56854632424256,0.0,1296.9825516599635,75.60823370679249
XS-804i,FEO,634.2785425254317,74.82835459203058,0.0,1296.9825516599635,61.1183814216095
XS-804i,SIO,40.79188117661378,4.812379963235546,0.0,1296.9825516599635,3.9306607200215846
XS-804i,TAI,108.22557183743159,12.767799826764444,0.0,1296.9825516599635,10.428496844297284
XS-804i,AMM,296.24028162251625,34.948640623143646,0.0,1296.9825516599635,28.545387098482855
EX-071a,SIO,65.93731456976978,11.380351789564259,0.0,1296.9825516599635,5.294515097222969
EX-071b,HE,352.29419693920215,61.081755634600235,0.0,1296.9825516599635,29.562691067728778
EX-071b,FEO,50.84249473112404,8.183545454153421,0.0,1296.9825516599635,4.671099463070726
EX-071e,N,1081.0159181720385,106.01965010078204,0.0,1296.9825516599635,102.95235284714616
EX-071e,HE3,165.90510177858815,16.270991522718084,0.0,1296.9825516599635,15.800248905060666
EX-071c,AR,843.8542654658352,104.33740228395018,0.0,1296.9825516599635,83.96861070125348
EX-071d,AMM,57.29135373355026,5.6176036744468085,0.0,1296.9825516599635,4.789347424043118
LG-150a,AMM,695.3883122019549,96.11364097949998,0.0,1296.9825516599635,88.21424818183345
LG-150a,LIO,108.39072127246284,13.819522643219972,0.0,1296.9825516599635,14.73147490730696
LG-150b,LST,39.82501697319002,4.89292572561367,0.0,1296.9825516599635,3.563665355307982
LG-150b,BER,911.2627162121715,111.95828968381163,0.0,1296.9825516599635,81.54259855144119
LG-150e,GAL,706.9181833929294,83.39794104316444,0.0,1296.9825516599635,68.11785717116233
LG-150e,HE,163.87595104507378,20.262255852218644,0.0,1296.9825516599635,16.30664973768339
LG-150c,BRM,95.74141837997833,8.887923618054613,0.0,1296.9825516599635,11.281853676041326
LG-150c,SIO,34.33246274771812,3.1871713589030812,0.0,1296.9825516599635,4.04562442892423
LG-150d,SIO,1826.7864873542912,215.5132451673565,0.0,1296.9825516599635,176.02713291453517
LG-298a,H2O,833.0741327533296,144.4407289261341,0.0,1296.9825516599635,69.90723502423451
LG-298a,BRM,574.5000679166668,92.47082473182036,0.0,1296.9825516599635,52.781575195539375
LG-298c,FEO,33.566638191086746,3.1160778835886025,0.0,1296.9825516599635,3.9553821833462046
LG-298b,LIO,499.6960257910332,46.38807513640217,0.0,1296.9825516599635,58.88253527955605
LG-298b,FEO,1044.1872133831282,96.93460105913081,0.0,1296.9825516599635,123.04358501383274
LG-298b,HE,104.30296580595792,9.50652985705137,0.0,1296.9825516599635,13.226242619961399
LG-298d,BER,2271.526012141516,267.98093030985865,0.0,1296.9825516599635,218.88174344729023
LG-298d,FEO,910.0183184385897,107.35846927162267,0.0,1296.9825516599635,87.6883623802414
LG-298e,O,217.07250061146812,24.015276129139824,0.0,1296.9825516599635,17.97406772271992
LG-298e,AMM,93.67045126818134,9.184692574703071,0.0,1296.9825516599635,7.830506791245627
EX-389a,HE,1856.1104805135235,321.8176393098899,0.0,1296.9825516599635,155.75510808787035
EX-389c,HE,403.7538608567298,33.86498080198652,0.0,1296.9825516599635,78.00908187507224
EX-389c,AMM,413.047913154781,34.6445223325079,0.0,1296.9825516599635,79.80478107936332
EX-389b,BOR,2244.8120988002406,361.3221960038776,0.0,1296.9825516599635,206.23969466591618
EX-389b,TAI,540.9557606436682,87.07157426725517,0.0,1296.9825516599635,49.699728080825224
EX-389d,GAL,55.72217839311726,6.573766324868826,0.0,1296.9825516599635,5.3693277075299415
EX-389d,ALO,768.0653448682232,90.61171413243139,0.0,1296.9825516599635,74.0099302704914
EX-389f,HE,584.6249777554136,57.33656141402197,0.0,1296.9825516599635,55.67773423254218
EX-389g,HE,180.84070346487906,17.735787034242836,0.0,1296.9825516599635,17.222665826905416
EX-326a,BER,802.004891827593,94.6156970583819,0.0,1296.9825516599635,77.28030761619235
EX-326a,GAL,795.5132697907304,93.84985466724929,0.0,1296.9825516599635,76.6547820700905
EX-326a,TAI,115.92845969632326,13.676540049621158,0.0,1296.9825516599635,11.17073863026902
EX-326a,MAG,135.70301142312726,16.00942232342504,0.0,1296.9825516599635,13.076192644317894
EX-326d,SIO,416.42487311702234,38.657798553109494,0.0,1296.9825516599635,49.07013667715611
EX-326d,BOR,89.07474535699673,8.269039109997264,0.0,1296.9825516599635,10.49627486570046
EX-326c,N,91.64959003272514,12.9228726451644,0.0,1296.9825516599635,7.6932369154185425
EX-326c,FEO,47.78039965140274,5.636843197357166,0.0,1296.9825516599635,4.6040666593325295
EX-326c,HE,664.7008770606228,82.18618504000034,0.0,1296.9825516599635,66.14176340967362
EX-326c,LIO,523.628440921921,61.774523375440516,0.0,1296.9825516599635,50.45625956073627
EX-326e,HE,63.00276597213198,6.178938803271049,0.0,1296.9825516599635,6.0001734328548935
EX-326b,HE,535.5122934596548,48.80842617709598,0.0,1296.9825516599635,67.90617567333622
EX-740c,MAG,605.6489730152367,71.45081075995279,0.0,1296.9825516599635,58.35966765164083
EX-740c,MGS,1373.1643242130892,161.99763995835187,0.0,1296.9825516599635,132.31660113811466
EX-740b,BRM,380.3659063115216,29.867407395569508,0.0,1296.9825516599635,76.21147722477099
EX-740b,MAG,1129.9424103636613,88.72627578830132,0.0,1296.9825516599635,226.39931403895258
EX-740b,HE,1040.8172075640537,87.29886737861123,0.0,1296.9825516599635,201.09577302756583
EX-740e,BRM,514.7544770523119,60.727626672253784,0.0,1296.9825516599635,49.60117418082593
EX-740e,AR,1289.254173134514,181.78878356918992,0.0,1296.9825516599635,108.22239133393025
EX-740g,AMM,62.81037696269228,6.158761862392181,0.0,1296.9825516599635,5.250717560428051
VI-291a,AMM,576.5201456073836,124.88021839877464,0.0,1296.9825516599635,30.851352977832914
VI-291a,SIO,55.0244280672196,9.496858531627618,0.0,1296.9825516599635,4.4182518960442785
VI-291a,LIO,85.1680807047296,14.699456991628688,0.0,1296.9825516599635,6.838672336519899
VI-291a,LST,51.79705890467013,8.939835597584088,0.0,1296.9825516599635,4.159106450602312
VI-291b,FEO,41.808944279833035,7.21595195314384,0.0,1296.9825516599635,3.357098907240236
VI-291b,AMM,493.98802214533,107.00290798493384,0.0,1296.9825516599635,26.43480709936172
VI-291d,AR,376.0471918179389,36.880485317307496,0.0,1296.9825516599635,35.81348112309443
VI-291e,LES,510.97470930434645,50.11337851749765,0.0,1296.9825516599635,48.66352815342819
XD-436a,GAL,581.810516309164,94.35520293969236,0.0,1296.9825516599635,55.08347559537554
XD-436a,BRM,54.51820501782361,8.84149762537298,0.0,1296.9825516599635,5.161563999656544
XD-436d,BER,1407.868226196633,166.09179687719103,0.0,1296.9825516599635,135.66063089167258
XD-436d,AMM,257.1928905038633,30.342065068992497,0.0,1296.9825516599635,24.78282351812507
XD-436b,HE,212.226427743767,17.800557710993985,0.0,1296.9825516599635,41.0041621466805
XD-436b,H2O,33.039283556630856,2.7711801962278226,0.0,1296.9825516599635,6.383503480546309
XD-436b,GAL,58.674013487042245,4.6072495859168106,0.0,1296.9825516599635,11.756135784923204
EZ-969c,N,332.84487858029394,46.93214639533561,0.0,1296.9825516599635,27.939617690462033
EZ-969c,BRM,571.95663122518,67.47599160800083,0.0,1296.9825516599635,55.11311072364989
EZ-969c,HE,204.17974877030676,25.2455731487274,0.0,1296.9825516599635,20.317121734413696
EZ-969f,O,1194.6517842210096,132.16732840604408,0.0,1296.9825516599635,98.91972504195765
EZ-969d,SIO,971.266768278094,114.58419175082649,0.0,1296.9825516599635,93.59019551473227
IV-543a,TAI,161.91050495984035,15.030571150851573,0.0,1296.9825516599635,19.07900108938511
IV-543a,FEO,426.914520718567,39.63157968399711,0.0,1296.9825516599635,50.30620223119027
IV-543c,HE,726.7164843188813,89.85403436800772,0.0,1296.9825516599635,72.31269196496851
FW-918d,MGS,708.4455953369823,65.76683785811854,0.0,1296.9825516599635,83.48089760177658
FW-918f,AR,190.9932829384765,18.731492005203208,0.0,1296.9825516599635,18.189563655793965
FW-918h,AMM,1938.3919412073358,190.0656378637403,0.0,1296.9825516599635,162.04246968196054
IV-583c,HE,134.72675129512183,16.658136154029965,0.0,1296.9825516599635,13.406127803714588
IV-583c,FEO,38.50111909995659,4.542129678123296,0.0,1296.9825516599635,3.7099254105945287
IV-583c,BOR,120.93331187827489,14.266982305890227,0.0,1296.9825516599635,11.65300067148103
IV-583a,HE,610.5610000418478,80.23418774367221,0.0,1296.9825516599635,86.09491181665989
IV-583a,HEX,56.96106789272226,8.679502341529757,0.0,1296.9825516599635,6.537238927466775
IV-583f,HE,1262.6528852416243,123.833529961726,0.0,1296.9825516599635,120.25085216568944
IV-583d,AR,1023.938287699965,93.75784570009257,0.0,1296.9825516599635,125.88917366594148
IV-583d,SIO,29.618984763052143,2.78020087496155,0.0,1296.9825516599635,3.3625614787907905
IV-583d,FEO,447.9926188156767,42.051052079318964,0.0,1296.9825516599635,50.85936384596628
IV-583d,N,1476.2491781928968,135.17410602430277,0.0,1296.9825516599635,181.49901356377939
UP-102a,FEO,49.72871266595695,8.004272462052661,0.0,1296.9825516599635,4.568771935004032
UP-102c,FEO,558.5666206141551,65.89631896449083,0.0,1296.9825516599635,53.82286405614387
UP-102b,AMM,315.46246576570655,54.695766814219525,0.0,1296.9825516599635,26.471964340942545
UP-102b,MAG,656.9900904596235,105.74831736007208,0.0,1296.9825516599635,60.360257202526284
UP-102d,BRM,51.29853860978791,4.815163080980789,0.0,1296.9825516599635,5.823781308760829
UP-102d,FEO,32.80691227700416,3.0794372915540436,0.0,1296.9825516599635,3.7244780786117384
UP-102e,AMM,1702.636736357467,166.9490728198423,0.0,1296.9825516599635,142.33419767456934
UP-102e,H,500.8946956961675,49.124790377595545,0.0,1296.9825516599635,47.70354125568842
FW-344a,H,179.68569463468907,31.41502448288101,0.0,1296.9825516599635,15.398202021255514
FW-344a,TIO,108.05113309664057,17.523207823523922,0.0,1296.9825516599635,10.229845948365048
JS-601e,GAL,73.9001718812034,6.8603441870315836,0.0,1296.9825516599635,8.70815306379869
ZK-768b,LST,341.6298214223987,41.10854010966011,0.0,1296.9825516599635,52.07504420857365
ZK-768b,HAL,82.63551085272056,9.943585130324902,0.0,1296.9825516599635,12.596230220583868
ZK-768b,BRM,29.068650836026933,3.4978497891407163,0.0,1296.9825516599635,4.430969378103728
HV-029a,SIO,36.15160476238214,2.8387263146485937,0.0,1296.9825516599635,7.243465193041547
HV-029e,SIO,47.21426436250814,5.570053972585672,0.0,1296.9825516599635,4.549514486741091
HV-029e,HE,159.16454217381246,19.679719053102517,0.0,1296.9825516599635,15.83783601764255
HV-029b,LIO,998.5320129458382,92.69631066068332,0.0,1296.9825516599635,117.66372643643405
HV-029c,TAI,456.5634421732375,42.38396578507788,0.0,1296.9825516599635,53.79993356673924
HV-029c,ALO,1131.393832782242,105.0302172023127,0.0,1296.9825516599635,133.31972606428513
AM-628a,HE,614.3840681446195,51.531655025205765,0.0,1296.9825516599635,118.7048390644132
AM-628a,FEO,576.986851871339,45.306640476379606,0.0,1296.9825516599635,115.60715508600482
AM-628d,O,65.76680651087521,8.131662099341154,0.0,1296.9825516599635,6.54419560222028
AM-628d,HEX,515.6764631734886,72.71195929321992,0.0,1296.9825516599635,43.28684068834554
AM-628b,TCO,67.54818539061561,5.3040746776096155,0.0,1296.9825516599635,13.534196695997553
AM-628b,N,198.29227110560018,16.63182598408961,0.0,1296.9825516599635,38.31195069948754
AM-628e,AMM,55.726880454745526,5.46420197825961,0.0,1296.9825516599635,4.658563185592842
AM-628i,BRM,87.87223367576483,10.366635822337095,0.0,1296.9825516599635,8.467271607172266
AM-628i,BER,577.1557692824114,68.08935453932503,0.0,1296.9825516599635,55.614093937712724
AM-628g,AMM,895.6037237234923,87.81685963707743,0.0,1296.9825516599635,74.86919242871114
VI-270a,BRM,728.8780330302234,117.31931222850325,0.0,1296.9825516599635,66.96488452694484
VI-270a,FEO,819.7387250325002,131.94413752334233,0.0,1296.9825516599635,75.31261277809722
VI-270b,CLI,1525.3283140522476,179.94902917370771,0.0,1296.9825516599635,146.97895552361035
VI-270b,HAL,222.7639018217548,26.280340762361828,0.0,1296.9825516599635,21.465284107355853
VI-270b,N,95.33011634626467,11.786983968736827,0.0,1296.9825516599635,9.485923997985386
VI-270c,BOR,1323.0469076409015,156.0850896085191,0.0,1296.9825516599635,127.48734210354492
VI-270c,HE,737.1666217479861,91.14612974215525,0.0,1296.9825516599635,73.35254393641608
SG-779a,H2O,50.69922586203772,10.981975992581843,0.0,1296.9825516599635,2.7130703492151635
SG-779a,TAI,158.5359535643738,27.36227483070359,0.0,1296.9825516599635,12.729832949309131
SG-779a,SIO,65.3443801135989,11.27801515751597,0.0,1296.9825516599635,5.246904719846457
PG-027c,HE,204.80238186475427,25.322557910562804,0.0,1296.9825516599635,20.37907749864571
PG-027c,FEO,738.1722701834377,87.08510958507753,0.0,1296.9825516599635,71.12946653420455
PG-027c,CLI,50.97024757261826,6.013162204449853,0.0,1296.9825516599635,4.911436890003641
PG-027d,HE,484.0402695451901,44.117089469987974,0.0,1296.9825516599635,61.37921384466042
PG-027d,GAL,90.49693940588908,8.401065063764104,0.0,1296.9825516599635,10.663861532265821
PG-027f,F,686.8944837853882,67.36654993039105,0.0,1296.9825516599635,65.41754110615905
AJ-505a,HE,271.5735175515502,24.86687748733795,0.0,1296.9825516599635,33.38889279246832
AJ-505a,BER,1224.0998204093912,114.90074420065207,0.0,1296.9825516599635,138.96866942711475
AJ-505b,GAL,85.33529359122969,10.067342941533513,0.0,1296.9825516599635,8.222814856179191
AJ-505c,SIO,605.9389225613975,71.48501725757059,0.0,1296.9825516599635,58.38760687040222
AJ-505c,MAG,546.8550887294282,64.51466311153239,0.0,1296.9825516599635,52.694353749123074
AJ-505c,MGS,556.5536200817476,65.65883731008519,0.0,1296.9825516599635,53.62889354304449
AJ-120d,H2O,895.127507032897,83.09700279719031,0.0,1296.9825516599635,105.47887974319649
AJ-120d,TAI,491.7695435954587,45.65223928284781,0.0,1296.9825516599635,57.94850470209679
AJ-120c,BRM,46.118695479670194,5.440805367519224,0.0,1296.9825516599635,4.443946676440698
AJ-120c,SIO,76.1997387672977,8.989585316250599,0.0,1296.9825516599635,7.3425228601675
AJ-120g,HE,1996.4916806039926,195.80410042867817,0.0,1296.9825516599635,190.139213033515
AJ-120e,GAL,556.8870870662151,65.69817773244777,0.0,1296.9825516599635,53.661026054207575
AJ-300a,HE,1006.5798945996003,186.57475498761704,0.0,1296.9825516599635,72.76739407396573
AJ-300a,TAI,136.5404158280153,23.565988025975912,0.0,1296.9825516599635,10.963675085942358
AJ-300b,ALO,108.95571823548796,17.66990904661907,0.0,1296.9825516599635,10.315488424777696
AJ-300e,O,499.0872487253164,48.947526664634324,0.0,1296.9825516599635,47.53140603069541
AJ-300c,LST,322.3473948600896,25.3116296845535,0.0,1296.9825516599635,64.58668017875354
AJ-300c,ZIR,65.81735437738806,5.168164928215264,0.0,1296.9825516599635,13.187401186316709
AJ-300d,AMM,587.8939256349424,69.35617742129199,0.0,1296.9825516599635,56.648810851051415
AJ-300d,GAL,76.86392041274775,9.067941458461197,0.0,1296.9825516599635,7.406522671635535
UQ-194c,MGS,30.500520050949483,2.831442202453023,0.0,1296.9825516599635,3.5940809116938692
UQ-194c,MAG,1319.1336995426907,122.458594847693,0.0,1296.9825516599635,155.44237414899123
UP-170e,H,546.593955590183,49.81844685192136,0.0,1296.9825516599635,69.31139699986568
UP-170e,TCO,185.6314285743822,17.23264587256726,0.0,1296.9825516599635,21.87419666730835
UP-170e,SCR,690.5111686405487,64.1019386190152,0.0,1296.9825516599635,81.36756377847942
UP-170e,TIO,71.47866596260938,6.635549526483378,0.0,1296.9825516599635,8.42281077504314
TD-260c,AMM,117.03429473751503,9.691946222980253,0.0,1296.9825516599635,23.74815721527686
XS-305a,FEO,21.58832666858652,2.5977374839849046,0.0,1296.9825516599635,3.290734576317243
XS-305a,BRM,27.611646069042614,3.322527451488334,0.0,1296.9825516599635,4.208876390621235
AW-284a,GAL,82.78828408300352,13.325500439101823,0.0,1296.9825516599635,7.6060844648508645
AW-284a,HE,285.0197887660123,49.41753012024612,0.0,1296.9825516599635,23.917373708352795
AW-284a,H2O,86.04439349735647,14.918618197505912,0.0,1296.9825516599635,7.220396603669929
AW-284b,HE,109.39650937433342,14.375861004946376,0.0,1296.9825516599635,15.425948966586631
AW-284b,N,210.10888231969847,27.61053442571074,0.0,1296.9825516599635,29.627352048315515
AW-284c,GAL,590.6701936887955,69.68370477157737,0.0,1296.9825516599635,56.91632898144317
AW-284c,BOR,741.3456838492792,87.45948977790152,0.0,1296.9825516599635,71.43525317813737
NL-983a,MGS,1972.2529544409215,319.85040240454305,0.0,1296.9825516599635,186.72496360675132
NL-983d,BOR,1884.568744692529,222.33004717364574,0.0,1296.9825516599635,181.59496755913597
NL-983d,GAL,1137.3867361631742,134.1820230320622,0.0,1296.9825516599635,109.59733256609918
NL-983d,SIO,54.95374481876967,6.483111169244675,0.0,1296.9825516599635,5.295282295072585
NL-983g,AMM,959.6323678661207,94.09507656101863,0.0,1296.9825516599635,80.2217526652114
NL-983b,ALO,84.3169400534277,13.57155102501202,0.0,1296.9825516599635,7.746528086282702
NL-983b,SIO,539.5962010347282,86.85274122382899,0.0,1296.9825516599635,49.57482000554457
EY-847a,H2O,59.686249537394005,10.348569294253922,0.0,1296.9825516599635,5.008558674526956
EY-847b,H,138.61950283753424,25.693837038843355,0.0,1296.9825516599635,10.021042585326514
EY-847b,CLI,65.19523367909557,11.252273452627291,0.0,1296.9825516599635,5.234928829497765
EY-847e,HE,100.6292056062777,9.869117548553387,0.0,1296.9825516599635,9.58359012864857
EY-847d,ALO,55.16130204596177,6.507597518306128,0.0,1296.9825516599635,5.315282280769451
EY-847d,MAG,169.56150337537076,20.003842868799712,0.0,1296.9825516599635,16.338759618849814
ZK-602a,BTS,496.9065811818683,107.63509801796148,0.0,1296.9825516599635,26.590988103111428
ZK-602a,TAI,802.4355227515717,138.49515402531293,0.0,1296.9825516599635,64.43251469182535
HV-322a,FEO,248.47791485495512,18.78162831292782,0.0,1296.9825516599635,53.22107824022372
HV-322a,H2O,124.17715554918438,10.283467050445381,0.0,1296.9825516599635,25.197559562706815
HV-322c,AMM,127.787251320722,11.833447049798433,0.0,1296.9825516599635,14.66808482719504
HV-322c,H2O,53.302639978945095,4.948222000360502,0.0,1296.9825516599635,6.281007686793633
HV-322b,GAL,48.442767045178584,3.6616294274016,0.0,1296.9825516599635,10.375877053658266
HV-322d,HE,1482.5505854369665,183.30828339612782,0.0,1296.9825516599635,147.52276316900617
HV-322d,SIO,56.07846190753722,6.615798503738005,0.0,1296.9825516599635,5.403658794376818
HV-322d,AMM,191.26521636055827,22.564315945427797,0.0,1296.9825516599635,18.430105485938864
HV-322f,F,612.7740292104126,60.09725395865567,0.0,1296.9825516599635,58.35855606780983
HV-322f,HE,214.31521694860425,21.018769409599184,0.0,1296.9825516599635,20.410666915169294
CC-541d,CUO,631.6399744104632,77.60367013024675,0.0,1296.9825516599635,56.52109314478179
CC-541d,HE,868.7540332313617,112.2075072594561,0.0,1296.9825516599635,80.13694886126657
CC-541b,LIO,707.6145752439178,83.48009715103666,0.0,1296.9825516599635,68.18496072254234
CC-541b,GAL,242.76614432249644,28.640084619566753,0.0,1296.9825516599635,23.39267815348006
CC-541g,N,58.73782692157105,5.759435077729847,0.0,1296.9825516599635,4.910267286911326
CC-541g,AR,189.6796689060506,18.598708802904277,0.0,1296.9825516599635,15.856525888592413
ZK-602d,GAL,1111.6093055889032,131.1409573390577,0.0,1296.9825516599635,107.11344776111356
ZK-602d,SIO,2040.0720590967358,240.67538974844584,0.0,1296.9825516599635,196.5790955799884
ZK-602d,BRM,823.7049291326225,97.1757365004476,0.0,1296.9825516599635,79.37129929879175
ZK-602e,BER,174.09181544488735,20.53830174644139,0.0,1296.9825516599635,16.775295497741748
ZK-602c,BRM,63.640692150873605,7.507944789976696,0.0,1296.9825516599635,6.13234696750973
ZK-602c,CLI,688.092343297301,81.17698204215573,0.0,1296.9825516599635,66.30381996447137
ZK-602c,ALO,56.91105758488752,6.7140231170577325,0.0,1296.9825516599635,5.4838867963768045
NH-565b,FEO,566.2889561342664,91.83799171853101,0.0,1296.9825516599635,53.61395681369406
NH-565b,SCR,166.51161995083805,27.0040455644318,0.0,1296.9825516599635,15.764649309010727
NH-565d,LST,56.90283047579577,6.713052532377483,0.0,1296.9825516599635,5.483094041210493
NH-565c,BRM,1547.350702789085,186.1937232659437,0.0,1296.9825516599635,235.8645270439674
NH-565c,SIO,24.583409312616336,2.9581377397096933,0.0,1296.9825516599635,3.7472786228726536
NH-565c,FEO,22.2506212898317,2.677431829427325,0.0,1296.9825516599635,3.391688941298747
NH-565c,AR,460.13535984477016,60.46666401351717,0.0,1296.9825516599635,64.88346492299266
NH-565f,O,394.7932368690661,43.6769676979832,0.0,1296.9825516599635,32.689725119338824
NH-565e,SIO,694.1443185633575,81.89095756052589,0.0,1296.9825516599635,66.88698163220215
NH-565e,O,806.8463179968779,113.76779981198393,0.0,1296.9825516599635,67.72817943284521
NH-565e,GAL,60.45361952960014,7.131953196022309,0.0,1296.9825516599635,5.825244161682827
NH-565g,N,45.839271637272056,4.4946897568717565,0.0,1296.9825516599635,3.8319952877534686
BS-865a,CLI,1126.2744020270034,194.3876390823596,0.0,1296.9825516599635,90.43554266739316
BS-865a,HE,224.42422424329357,41.59818299185722,0.0,1296.9825516599635,16.224013665355283
BS-865b,BRM,46.21322670412454,5.451957590886774,0.0,1296.9825516599635,4.453055601061492
BS-865b,GAL,54.959174695452774,6.483751753326579,0.0,1296.9825516599635,5.295805512006377
BS-865b,HE,171.5455599714597,21.210555937507845,0.0,1296.9825516599635,17.06982228124463
BS-865f,NE,288.2872777107646,28.273511793503594,0.0,1296.9825516599635,27.455519421406382
BS-865c,ALO,133.7961255753261,15.784459439109789,0.0,1296.9825516599635,12.892447225295287
BS-865c,CLI,49.06187867793387,5.788024359213476,0.0,1296.9825516599635,4.7275485662176
BS-865c,MGS,978.7337527005773,115.46510150992704,0.0,1296.9825516599635,94.30970590552282
BS-865d,F,185.08501824083226,18.15204433434351,0.0,1296.9825516599635,17.62688021918484
DC-724f,AMM,1092.7143510573267,107.14419809608513,0.0,1296.9825516599635,91.34691923655214
DC-724f,HE,744.2066087043904,72.98738430322766,0.0,1296.9825516599635,70.87575685293385
DC-724b,CLI,39.846512254608704,3.7402128776750687,0.0,1296.9825516599635,4.5236644079256925
RY-305b,AMM,130.38148453277032,19.86701517649905,0.0,1296.9825516599635,14.963464479173389
RY-305b,GAL,60.28015767786692,7.25355084459485,0.0,1296.9825516599635,9.188576872197192
RY-305c,AUO,95.46241374150671,8.960627392642927,0.0,1296.9825516599635,10.837583991737777
RY-305c,AMM,481.81804275593794,45.226092479487264,0.0,1296.9825516599635,54.69947073873102
RY-305c,CLI,36.41059318858121,3.417698609543133,0.0,1296.9825516599635,4.133594012600086
RY-305c,FEO,29.616832765466686,2.7799988766277828,0.0,1296.9825516599635,3.3623171684526336
RY-305d,TAI,737.1754066243406,86.96750563842187,0.0,1296.9825516599635,71.03340986013258
RY-305d,GAL,536.2132496532308,63.25920316055496,0.0,1296.9825516599635,51.668917862396185
RY-305e,H,146.9087832979882,18.16436966582879,0.0,1296.9825516599635,14.618313775464364
RY-305e,GAL,549.3481873301467,64.80878383865755,0.0,1296.9825516599635,52.93458598304622
RY-305e,FEO,1073.8781321840247,126.68966120743669,0.0,1296.9825516599635,103.47771346926369
RY-305e,ALO,729.2239766272248,86.02944391404306,0.0,1296.9825516599635,70.26721882759982
AM-644a,AMM,531.4503519240311,115.11763556234115,0.0,1296.9825516599635,28.439530729889935
AM-644a,BRM,669.9331924952409,115.62611331455577,0.0,1296.9825516599635,53.79308248963797
AM-644c,HE,1287.4779871705912,159.18875352842196,0.0,1296.9825516599635,128.11185807241463
AM-644c,CLI,1486.8927488868035,175.41463315316187,0.0,1296.9825516599635,143.27534681790902
AM-644c,N,878.5921200778815,123.88417744975537,0.0,1296.9825516599635,73.75065539699085
AM-644d,BRM,104.38592546154005,12.314821519506479,0.0,1296.9825516599635,10.058512750571724
AM-644d,GAL,1515.5350885714415,178.79368353335278,0.0,1296.9825516599635,146.0352911078151
OS-416b,LST,25.33568347382625,3.0486593821143315,0.0,1296.9825516599635,3.8619486772574483
OS-416b,O,509.4179127633587,77.62308766707118,0.0,1296.9825516599635,58.46425870978078
OS-416b,HAL,64.98558538571328,7.819758041776104,0.0,1296.9825516599635,9.90583087211478
OS-416e,F,196.85710155718962,19.306580667414263,0.0,1296.9825516599635,18.748014195991598
OS-416a,HE,2554.6537113588497,442.9330232628702,0.0,1296.9825516599635,214.37321167956074
OS-416a,SIO,38.83647950040647,6.251072000924364,0.0,1296.9825516599635,3.568059740208883
OS-416c,SIO,573.9447814588297,67.71054157412995,0.0,1296.9825516599635,55.30468668934448
OY-701b,BER,130.22177399764442,12.08882425477699,0.0,1296.9825516599635,15.344905314074374
OY-701b,TCO,1391.1748572939337,129.14636194247393,0.0,1296.9825516599635,163.931467105359
OY-701b,TAI,125.28921585309077,11.630922118249067,0.0,1296.9825516599635,14.763668894382295
MG-483e,SIO,1578.436205659706,186.2143777207598,0.0,1296.9825516599635,152.09637343725828
MG-483e,H2O,67.90728313273229,8.011291445246657,0.0,1296.9825516599635,6.543470972999454
MG-483e,BRM,64.09636165634683,7.561701928278371,0.0,1296.9825516599635,6.176254778937218
MG-483b,AMM,221.01019277158022,33.676659455816896,0.0,1296.9825516599635,25.364630422209956
MG-483b,FEO,528.9395157012486,63.64763827190686,0.0,1296.9825516599635,80.6268859935016
MG-483d,SIO,418.1903943451723,38.82169645735377,0.0,1296.9825516599635,49.278179888704116
MG-483d,GAL,739.8495028903413,68.68214386011391,0.0,1296.9825516599635,87.18143072388682
MG-483d,ALO,421.19511185382765,39.1006321589826,0.0,1296.9825516599635,49.63224591199981
MG-483a,N,794.2309973838305,138.85794458263564,0.0,1296.9825516599635,68.06178629925549
MG-483a,BRM,68.56162725083954,11.118991616320175,0.0,1296.9825516599635,6.491138636352919
MG-483g,O,1329.906912777695,130.42940736499273,0.0,1296.9825516599635,126.65590157975673
MG-483f,O,902.0442017755813,99.79541639456124,0.0,1296.9825516599635,74.6911908506598
MG-483f,H,534.1108280132565,52.38243225572247,0.0,1296.9825516599635,50.86693498286777
MG-483c,AMM,82.01558426590326,12.4972104985551,0.0,1296.9825516599635,9.412665351214338
RV-854b,LIO,773.5333739786605,133.50683106044576,0.0,1296.9825516599635,62.111782280764736
RV-854b,TAI,958.8244350188766,165.48686348757843,0.0,1296.9825516599635,76.98994840656047
RV-854b,AMM,262.9804296860831,56.96427738739725,0.0,1296.9825516599635,14.072885612626564
RV-854e,O,308.54114966811545,30.25989181067799,0.0,1296.9825516599635,29.38443067721848
RV-854e,NE,141.83431296564734,13.91027086662163,0.0,1296.9825516599635,13.507827210318666
XD-534d,N,603.7448429758492,59.211724754884166,0.0,1296.9825516599635,57.498646466556934
JS-753a,TCO,752.0222734870607,121.0445807225459,0.0,1296.9825516599635,69.09123670031553
JS-753a,BTS,1698.5759956983036,345.92970032699196,0.0,1296.9825516599635,107.78470583581667
JS-753f,AR,194.32487289743207,19.05823465144011,0.0,1296.9825516599635,18.506853178760835
JS-753d,SIO,2071.556880291348,244.38977894287885,0.0,1296.9825516599635,199.61293825595493
JS-753d,FEO,44.93272846454312,5.300892136355768,0.0,1296.9825516599635,4.32966820172613
JS-753e,N,429.37337076308074,60.54295917324858,0.0,1296.9825516599635,36.04239871965312
JS-753e,HE,1255.738477083859,155.26435785047065,0.0,1296.9825516599635,124.95358457023579
JS-753h,N,637.8411030521852,81.12813253372302,0.0,1296.9825516599635,47.419183342389466
HV-813c,BOR,578.3262744602624,53.68752459167468,0.0,1296.9825516599635,68.14806502631923
HV-813c,BRM,518.0996932771965,48.0965352122694,0.0,1296.9825516599635,61.051162893337384
HV-813c,SIO,781.2411572513694,72.52463824353396,0.0,1296.9825516599635,92.05888706213605
HV-813c,FEO,1146.8932373040639,106.46906703184574,0.0,1296.9825516599635,135.14612488769689
HV-813c,MGS,36.75967154232087,3.412495432188495,0.0,1296.9825516599635,4.331638725821626
HV-813d,H2O,1219.7451734232402,143.89817442889847,0.0,1296.9825516599635,117.53330082652097
HV-813b,AMM,602.5204496193611,55.17033597157127,0.0,1296.9825516599635,74.0775127081084
HV-813f,O,83.28186169489672,9.21368160185148,0.0,1296.9825516599635,6.895916424059404
HV-813h,O,204.62300828555698,20.063951858553374,0.0,1296.9825516599635,17.10573435199672
LS-436a,ALO,881.0289878974606,106.01479500811935,0.0,1296.9825516599635,134.29630733866344
LS-436a,BRM,35.400828187687495,4.259804836151587,0.0,1296.9825516599635,5.3961907810577285
LS-436b,H2O,990.63275811798,92.98624118679527,0.0,1296.9825516599635,112.46379910465701
LS-436b,BRM,52.63025631339594,4.940165431817319,0.0,1296.9825516599635,5.974967539031696
LS-436b,AMM,257.14812258822064,23.546003005563467,0.0,1296.9825516599635,31.615347381037708
LS-436c,BOR,2069.526609322642,192.11951045251843,0.0,1296.9825516599635,243.8662052445068
LS-436c,SIO,34.90719070435902,3.240524842340226,0.0,1296.9825516599635,4.1133484800200595
TD-552a,BRM,131.4772855407403,22.692124657387886,0.0,1296.9825516599635,10.557125017591916
TD-552a,GAL,1011.2402145522663,174.53348624293852,0.0,1296.9825516599635,81.1987357659334
TD-552a,HE,430.45032273933725,79.786178852081,0.0,1296.9825516599635,31.11799513589403
TD-552c,LES,562.3584825671763,69.53217590363512,0.0,1296.9825516599635,55.958075262158715
TD-552c,MAG,524.3625640870076,61.86113079604254,0.0,1296.9825516599635,50.52699885996521
TD-552b,AMM,315.69597768776333,68.3830095819598,0.0,1296.9825516599635,16.893855514912147
TD-552b,MGS,49.75497561846675,8.587385299415008,0.0,1296.9825516599635,3.99513494434465
TD-552g,HE,84.25097187694514,8.262837215337864,0.0,1296.9825516599635,8.02378173954867
TD-260e,GAL,664.5422870091112,78.39868852527502,0.0,1296.9825516599635,64.03456249126235
TD-260e,AMM,1200.104415688306,141.581076362812,0.0,1296.9825516599635,115.64073905409587
TD-260e,BRM,46.50928423736216,5.48688467195835,0.0,1296.9825516599635,4.481583378726984
TD-260d,HE,256.7063711517853,23.505553631306604,0.0,1296.9825516599635,31.561035784365682
TD-260d,LIO,59.93668418765582,5.625986952418535,0.0,1296.9825516599635,6.804446101990308
TD-260d,TAI,820.7221195735696,77.03749379638111,0.0,1296.9825516599635,93.1743139120759
TD-260i,O,970.2725988418262,95.13838583424811,0.0,1296.9825516599635,81.11123702007094
AM-884a,SIO,41.18995488873424,3.8663157950011104,0.0,1296.9825516599635,4.676181737152687
OF-504c,FEO,41.620421475434085,4.910126147470414,0.0,1296.9825516599635,4.0104979502152
OF-504c,SIO,36.41718843332631,4.29628011454364,0.0,1296.9825516599635,3.5091201479221095
OF-504c,HE,917.5594285864817,113.45059347067459,0.0,1296.9825516599635,91.30272086935634
OF-504d,SIO,33.64157996793522,3.1577837934072543,0.0,1296.9825516599635,3.819235594697069
OF-504e,O,398.8373270277783,44.124375552865935,0.0,1296.9825516599635,33.02458444138432
OF-504b,N,235.96619548174476,29.175772252334266,0.0,1296.9825516599635,23.480065715049342
OF-504a,BER,121.53432376485475,11.282345769172768,0.0,1296.9825516599635,14.321204767303279
OF-504a,SIO,53.16937992756159,4.935851124953851,0.0,1296.9825516599635,6.265304760870772
EL-419a,TAI,718.0540867524147,123.93146679533177,0.0,1296.9825516599635,57.65700692755076
EL-419a,LIO,1264.6864458546272,218.2766579322888,0.0,1296.9825516599635,101.54950234962168
EL-419a,N,155.80853606821614,28.87991266055461,0.0,1296.9825516599635,11.263667399867506
EL-419d,HAL,86.19446344247812,6.768233199035893,0.0,1296.9825516599635,17.270231843985844
EL-419d,TIO,370.71571445631577,29.109647021145257,0.0,1296.9825516599635,74.2779301728821
EL-419d,MGS,553.2583373351523,43.443410363522034,0.0,1296.9825516599635,110.85282480785635
EL-419h,H,79.40346750598506,7.787422645920388,0.0,1296.9825516599635,7.56212158076853
EL-419c,MGS,51.68367041861473,8.920265482109775,0.0,1296.9825516599635,4.150001787253666
EL-419c,H,436.2131744943316,80.85435303277602,0.0,1296.9825516599635,31.53460161382525
EL-419e,TAI,155.71539936610574,14.455463467525144,0.0,1296.9825516599635,18.348990233072637
EL-419e,HE,280.56481106976105,25.571638664950658,0.0,1296.9825516599635,35.577303417582435
EL-419g,H,696.1827577097306,68.27748892300474,0.0,1296.9825516599635,66.30212535540566
XH-265a,HAL,137.66264376687985,16.24060792100884,0.0,1296.9825516599635,13.26502065756696
XH-265a,GAL,72.41105806820171,8.542619631964389,0.0,1296.9825516599635,6.977449762896902
OF-185a,CUO,1019.032815566613,95.65202683742781,0.0,1296.9825516599635,115.68797913432991
OF-185a,BER,443.47685365809406,41.6271775156677,0.0,1296.9825516599635,50.34670150835994
OE-568a,LST,834.7389289719339,135.37390410962516,0.0,1296.9825516599635,79.02971866892536
OE-568a,MAG,620.6452510796433,100.65323155495818,0.0,1296.9825516599635,58.760191820019834
OE-568i,AMM,602.2896448182223,59.05645968059485,0.0,1296.9825516599635,50.34920927778267
OE-568i,HE,1588.7572823605253,155.81592124541305,0.0,1296.9825516599635,151.30794798899808
OE-568g,HE,82.09098098318509,8.050998078718536,0.0,1296.9825516599635,7.818071406423295
OE-568d,GAL,58.74965347165299,7.069384271292817,0.0,1296.9825516599635,8.955280276870246
OE-568d,HE,249.9715772350633,32.84891510772104,0.0,1296.9825516599635,35.24837141129075
OE-568e,HE,587.0777465058854,53.508278335550806,0.0,1296.9825516599635,74.44498487715578
OE-568c,TAI,83.6518654542496,10.665385701112475,0.0,1296.9825516599635,11.369196019934334
OE-568c,N,116.98453141629122,16.16910876327041,0.0,1296.9825516599635,14.840201232480817
OE-568c,ALO,926.3380296474628,118.10558344574076,0.0,1296.9825516599635,125.89938768958707
OE-568f,HE,1967.76883428334,192.9871334759959,0.0,1296.9825516599635,187.4037448877929
OE-568b,AMM,333.77358705681416,57.870600364747716,0.0,1296.9825516599635,28.008538109502652
OE-568b,SIO,580.2540256289099,93.39697469217218,0.0,1296.9825516599635,53.31021386526494
OE-568b,BRM,99.3780939662137,15.995775844999724,0.0,1296.9825516599635,9.130255386197687
FW-691c,LST,25.40771252955366,1.9950854914114795,0.0,1296.9825516599635,5.090780410780873
FW-691c,ZIR,94.93042060418449,7.4542052780508605,0.0,1296.9825516599635,19.02059955365297
FW-691c,FEO,438.4468095721764,34.428084288013935,0.0,1296.9825516599635,87.84877531746136
SO-832a,LST,700.7551277514558,120.94577894454966,0.0,1296.9825516599635,56.2679664397113
SO-832a,MAG,1870.9577328593814,322.91514027031883,0.0,1296.9825516599635,150.2307764203603
SO-832a,TAI,749.3213609541501,129.32799503185865,0.0,1296.9825516599635,60.1676498979273
SO-832b,GAL,701.8579001595633,65.15528506783556,0.0,1296.9825516599635,82.70462528085653
SO-832b,HAL,187.43938348191298,17.400483005073973,0.0,1296.9825516599635,22.08724012399385
SO-832b,AMM,300.41678380644277,27.819411305138626,0.0,1296.9825516599635,34.483399735443335
SO-832c,SIO,34.28475642821327,4.044708655754154,0.0,1296.9825516599635,3.3036413497190007
SO-832c,HE,490.0168240911091,60.58757370015053,0.0,1296.9825516599635,48.75964206503949
SO-832c,CLI,507.80250954657544,59.90747550087679,0.0,1296.9825516599635,48.931290252615945
SO-832f,F,257.44484927786544,25.24866875858911,0.0,1296.9825516599635,24.518189340221255
SO-832d,AR,287.0812358697681,28.155230340067117,0.0,1296.9825516599635,27.340660016400896
EL-179b,SIO,17.433268601860014,1.3689095866065832,0.0,1296.9825516599635,3.492992223955601
EL-179b,CUO,38.282051325117486,3.0060150078985957,0.0,1296.9825516599635,7.6703291074995334
EL-179b,LIO,41.344811269559635,3.246511586318444,0.0,1296.9825516599635,8.283994674990284
AM-462a,MAG,296.45137006015335,51.16557903208251,0.0,1296.9825516599635,23.803915349253735
AM-462a,AR,1493.5151630508346,276.83070873111717,0.0,1296.9825516599635,107.968783211584
AM-462d,HEX,474.17411365057103,66.86000101202895,0.0,1296.9825516599635,39.803056338494045
AM-462d,HE,93.6916536777864,11.584398112903198,0.0,1296.9825516599635,9.322887038182808
AM-462d,SIO,33.823643060799434,3.9903092834742924,0.0,1296.9825516599635,3.259208973753716
AM-462d,BRM,1771.0585295860717,208.93879702669142,0.0,1296.9825516599635,170.65724831278885
AM-462b,TIO,445.4726917314274,41.35438272205605,0.0,1296.9825516599635,52.493036032117395
AM-462b,LST,488.1076273426703,45.312294121169465,0.0,1296.9825516599635,57.51699654150206
AM-462c,TAI,169.22867265957615,19.964577509575303,0.0,1296.9825516599635,16.30668841783493
AM-462c,SIO,972.7624335343406,114.7606413114561,0.0,1296.9825516599635,93.73431617069258
AM-371a,GAL,89.07427987792701,15.373641571955408,0.0,1296.9825516599635,7.152325245046678
AM-371a,LIO,82.32919228452613,14.209483307925654,0.0,1296.9825516599635,6.610720414331824
AM-371a,AMM,582.8503419778889,126.25140431704469,0.0,1296.9825516599635,31.190101110284917
AM-371a,TAI,1694.9525083342855,292.5377828518965,0.0,1296.9825516599635,136.09822758183861
AM-371b,SIO,77.35437298703536,13.350861842002107,0.0,1296.9825516599635,6.211261381940524
AM-371d,NE,710.9047251088954,69.72133244669111,0.0,1296.9825516599635,67.70419645982189
AM-371f,H,38.23998658766863,3.7503518030879004,0.0,1296.9825516599635,3.6418488625967296
AM-371f,AR,145.82696671251858,14.30184674085358,0.0,1296.9825516599635,13.888074245014923
RY-780a,BRM,1369.9923148565774,236.45176625399472,0.0,1296.9825516599635,110.0051623487419
RY-780a,HE,269.9474515894583,50.036147065970624,0.0,1296.9825516599635,19.514966168568954
RY-780a,HAL,163.35898784858085,28.19469919019624,0.0,1296.9825516599635,13.117104223530323
RY-780b,O,40.80314469477675,5.361965752395833,0.0,1296.9825516599635,5.75363173228955
RY-780c,GAL,938.2259898140001,112.897347701115,0.0,1296.9825516599635,143.01491507319994
RY-780c,BRM,34.92340255549775,4.2023558972137165,0.0,1296.9825516599635,5.323416218231005
RY-780f,H,54.26640395547824,5.3221280675645755,0.0,1296.9825516599635,5.1681514340855825
RY-780g,HE,826.8372435159499,81.09130843890617,0.0,1296.9825516599635,78.7452230912187
RY-780d,FEO,575.7118082112902,67.91900472642305,0.0,1296.9825516599635,55.47495544005623
RY-780e,HE,839.2867411933555,76.4954706908845,0.0,1296.9825516599635,106.42660044194054
RY-780e,AMM,587.3128906242157,54.52177542481977,0.0,1296.9825516599635,69.2070183019234
RY-853a,HAL,136.88451509096294,23.62537732152767,0.0,1296.9825516599635,10.991304945521968
RY-853a,FEO,41.55960506532411,7.172917625850413,0.0,1296.9825516599635,3.3370779184547383
RY-853a,SIO,72.0487848656047,12.435151827628902,0.0,1296.9825516599635,5.785242873424556
RY-853b,MGS,483.10943401567926,45.34730956842439,0.0,1296.9825516599635,54.84607881928448
RY-853b,LST,41.31421540950823,3.8779795711684146,0.0,1296.9825516599635,4.690288690643217
RY-853e,NE,200.70802250166895,19.684256226336508,0.0,1296.9825516599635,19.114763071006223
RY-853i,BER,105.59793923319377,9.912003581449193,0.0,1296.9825516599635,11.988242188103891
RY-853i,SIO,28.43712702475817,2.669265205006251,0.0,1296.9825516599635,3.2283884361969895
SO-122a,BRM,1016.8128280698203,164.90176450029782,0.0,1296.9825516599635,96.2677418678459
SO-122d,SCR,137.42293937842115,16.212329043868472,0.0,1296.9825516599635,13.241923006834652
SO-122d,TIO,93.36415910724311,11.014540041110452,0.0,1296.9825516599635,8.996467489983747
SO-122f,AR,425.73395688708587,41.744599921106946,0.0,1296.9825516599635,35.589800150782644
SO-122e,FEO,1479.6158094405994,174.55614375344604,0.0,1296.9825516599635,142.57414895161477
SO-122e,HE,418.14194781763996,51.70068625197929,0.0,1296.9825516599635,41.607656524412945
SO-122c,BER,713.6595599205989,84.19324796186037,0.0,1296.9825516599635,68.76744878478414
SO-122c,HE,274.94063515266913,33.99472258197672,0.0,1296.9825516599635,27.35825853335635
SO-122b,AMM,290.63996715507096,26.914051490572866,0.0,1296.9825516599635,33.36116590929795
SO-122b,GAL,612.2907743571647,56.84053700695991,0.0,1296.9825516599635,72.15032992379543
SO-122h,O,272.612653045628,29.03033089907516,0.0,1296.9825516599635,21.340817860363604
SO-122i,O,801.9741855386536,78.63617872333784,0.0,1296.9825516599635,67.042105821447
SO-122j,LIO,90.5545091536307,10.68307449575037,0.0,1296.9825516599635,8.725732716515978
SO-122j,AR,2473.223915021522,291.776031649849,0.0,1296.9825516599635,238.31713111006096
SO-122j,AMM,177.50373788198647,20.940819764703882,0.0,1296.9825516599635,17.104064584050878
RY-872a,BRM,796.0204291323942,101.4904432382955,0.0,1296.9825516599635,108.18781201751047
RY-872a,FEO,630.7601052780275,80.42020068690196,0.0,1296.9825516599635,85.72714116438158
RY-872a,H,250.10152441291885,34.567978356915155,0.0,1296.9825516599635,31.726903599163023
RY-872c,SIO,851.7454895290207,100.48379259193489,0.0,1296.9825516599635,82.07325679960698
RY-872b,LST,75.84248570853366,13.089919927582605,0.0,1296.9825516599635,6.089862594720326
RY-872b,LIO,166.91491415628866,28.808428951311413,0.0,1296.9825516599635,13.402631555718683
RY-872b,ALO,766.3342536108352,132.26430969153898,0.0,1296.9825516599635,61.533720348414676
RY-872d,H,1032.00481685181,94.0604567493723,0.0,1296.9825516599635,130.86441010741794
RY-872d,SIO,29.224759710242143,2.7130100687431526,0.0,1296.9825516599635,3.4437495114169883
RY-872d,LIO,55.66712448246512,5.167723215393206,0.0,1296.9825516599635,6.5596307596429355
FW-344b,SIO,56.32570259506884,9.721450054627143,0.0,1296.9825516599635,4.522739281954412
FW-344b,GAL,150.778900021268,26.023457823262056,0.0,1296.9825516599635,12.10697110906109
FW-344b,H2O,54.22301411414876,11.745264925097901,0.0,1296.9825516599635,2.9016390159188825
UP-972a,SCR,1399.762355243315,165.13551514084673,0.0,1296.9825516599635,134.8795580987846
UP-972a,BRM,1822.2727867755248,214.98074601314354,0.0,1296.9825516599635,175.59219770058706
UP-972a,HE,302.2303439890854,37.36892763799456,0.0,1296.9825516599635,30.073749858355015
UP-972a,AMM,872.4956065432643,102.93176617083881,0.0,1296.9825516599635,84.0727152097403
UP-972c,GAL,92.01945386247299,8.542404020575837,0.0,1296.9825516599635,10.843269625539167
UP-972d,H,114.26445653780831,14.128098957893965,0.0,1296.9825516599635,11.370005533736295
UP-972d,FEO,545.0351436213513,64.29995697100462,0.0,1296.9825516599635,52.51898584397693
UP-972d,MAG,181.76598131813398,21.443653522768177,0.0,1296.9825516599635,17.514769664826602
UP-972d,LIO,75.41982884283597,8.897576250099464,0.0,1296.9825516599635,7.26737159925938
UP-972b,GAL,96.90928135282488,8.9963393599002,0.0,1296.9825516599635,11.419470805558145
UP-972b,HE,151.50212972577953,13.808423456763519,0.0,1296.9825516599635,19.211380133924873
UP-972b,BOR,84.61861551149458,7.855365045322666,0.0,1296.9825516599635,9.971179188938383
UP-972g,O,666.2374428857721,65.32674938378055,0.0,1296.9825516599635,55.69501107839009
AM-695c,AMM,499.95470253227745,76.1811211029304,0.0,1296.9825516599635,57.37819644672882
AM-695c,LST,983.0154148317611,118.28688854144671,0.0,1296.9825516599635,149.84222095113927
AM-695d,CLI,42.276138695596316,4.98748370786815,0.0,1296.9825516599635,4.0736821389897795
AM-695d,AMM,121.54591767830644,17.138346326868845,0.0,1296.9825516599635,10.202790219435597
AM-695e,LES,934.5541607311388,91.65554683828168,0.0,1296.9825516599635,89.0038232490196
AM-695e,NE,137.2742527461825,13.463047120163155,0.0,1296.9825516599635,13.073542274429446
AM-695b,SIO,24.144231312359967,2.9052911633667664,0.0,1296.9825516599635,3.6803341925428845
AM-695b,HE,189.7963673292882,24.941254630284842,0.0,1296.9825516599635,26.763094117078357
AM-695b,H,118.66091490100992,15.593302099791819,0.0,1296.9825516599635,16.7323183167389
AM-695b,AMM,461.41070771376263,70.30793954830662,0.0,1296.9825516599635,52.954625880562055
AM-695g,HE3,420.2887597898623,41.219436740173414,0.0,1296.9825516599635,40.026900592493575
AM-695f,F,266.9760577883166,26.183433339136954,0.0,1296.9825516599635,25.425909869708896
AM-695f,H,752.5390021396867,73.80457618880686,0.0,1296.9825516599635,71.66930623050676
AM-695h,HE,985.979655006861,96.69905528040637,0.0,1296.9825516599635,93.90141591441314
GC-728a,O,127.80058505521913,22.158423766625436,0.0,1296.9825516599635,10.724358354714703
GC-728a,ZIR,255.98987469849254,41.20381555777048,0.0,1296.9825516599635,23.518794122501447
GC-728b,FEO,578.2764735239875,69.5843867123687,0.0,1296.9825516599635,88.1473777615754
GC-728b,HE,553.3856032564623,72.72073451019813,0.0,1296.9825516599635,78.03263672214366
GC-728f,H,553.02618498657,54.23753863679516,0.0,1296.9825516599635,52.66837053308543
GC-728f,O,1175.064832627676,115.24341159710278,0.0,1296.9825516599635,111.90925797977428
GC-728d,FEO,44.75747329943277,5.280216589636582,0.0,1296.9825516599635,4.312780807136566
GC-728d,BRM,56.150439427755714,6.624289977190852,0.0,1296.9825516599635,5.410594468910249
GC-728e,H2O,613.7509646025505,72.40663483210774,0.0,1296.9825516599635,59.140366633095425
GC-728e,GAL,59.87690098260171,7.063915422329421,0.0,1296.9825516599635,5.769672198002605
AX-013a,HE,205.06660565338547,35.55502305789809,0.0,1296.9825516599635,17.208119701968904
AX-013a,ALO,2163.7996010251873,348.2825239460309,0.0,1296.9825516599635,198.79675865618069
AX-013a,CUO,72.1228224582458,11.608800846422257,0.0,1296.9825516599635,6.626206661208993
AX-013d,SIO,734.4218765695443,86.64266078004194,0.0,1296.9825516599635,70.76808273827406
AX-013d,MAG,105.11100374581345,12.400361879655767,0.0,1296.9825516599635,10.128380495052406
AX-013c,AMM,172.16455237367785,24.275728713487403,0.0,1296.9825516599635,14.451812489011132
AX-013c,TIO,892.1111779038189,105.2458929004751,0.0,1296.9825516599635,85.962850050884
AX-013c,CLI,517.3920166106125,61.038787671856895,0.0,1296.9825516599635,49.85532458625656
AX-013c,LIO,107.71166808988394,12.707172564025017,0.0,1296.9825516599635,10.378977645474075
YA-471a,GAL,1226.2836266818638,197.38110515044895,0.0,1296.9825516599635,112.66348790433241
KC-424a,TAI,144.75975828135944,24.984593093656983,0.0,1296.9825516599635,11.623656964070397
KC-424b,N,211.81682297702935,36.72539466386132,0.0,1296.9825516599635,17.774562723490927
KC-424e,LES,2120.607902787966,207.97668570385787,0.0,1296.9825516599635,201.9596283350274
KC-424d,TAI,1597.8001495873216,188.49881896442324,0.0,1296.9825516599635,153.96226173624203
KC-424d,HE,167.31469157106238,20.68743501915943,0.0,1296.9825516599635,16.64882524872375
KC-424d,NE,1648.3529078203605,203.80872324468336,0.0,1296.9825516599635,164.02109852302542
KC-424c,GAL,1273.8935244641407,153.28844193938673,0.0,1296.9825516599635,194.18112074432742
KC-424c,TIO,403.423359128096,48.54419696395925,0.0,1296.9825516599635,61.49430741700902
KC-424c,LIO,40.24066665712017,4.842185768286175,0.0,1296.9825516599635,6.1339331748824195
KC-424f,AR,126.77168599835417,12.433017466531666,0.0,1296.9825516599635,12.073312824106909
KC-424f,NE,784.7171672541485,76.9604203803422,0.0,1296.9825516599635,74.73384742101919
KC-832c,AMM,2024.3700711879164,238.82296397606717,0.0,1296.9825516599635,195.06606932772442
KC-832c,HE,1823.5659565025576,225.4727416586447,0.0,1296.9825516599635,181.45585814523747
KC-832b,SCR,102.85392056370534,16.680349144418784,0.0,1296.9825516599635,9.737794805085617
KC-832b,BOR,177.41536927798958,28.772362656899425,0.0,1296.9825516599635,16.796972364582796
KC-832b,SIO,614.5705322499535,99.66806316781206,0.0,1296.9825516599635,58.18506191599765
KC-832d,BRM,54.65875554423389,5.130571530525656,0.0,1296.9825516599635,6.205257450314581
KQ-833a,O,44.690940070984624,6.301559305653078,0.0,1296.9825516599635,3.7514405663581285
KQ-833a,HE,961.6087267729029,118.89701891792305,0.0,1296.9825516599635,95.68589284874685
KQ-833c,FEO,36.48802662468625,4.304637176853577,0.0,1296.9825516599635,3.5159460379822027
KQ-833c,BRM,54.27795196852952,6.403385207166269,0.0,1296.9825516599635,5.230163640705811
KQ-833c,BOR,144.94752038832175,17.10003370075859,0.0,1296.9825516599635,13.966983341320844
KQ-833e,AMM,604.1363870451269,59.237538765719364,0.0,1296.9825516599635,50.50359016688564
KQ-833e,HE,617.9910585511619,60.60890935241439,0.0,1296.9825516599635,58.85540855302667
KQ-833b,BOR,1559.664250197943,183.99977570366212,0.0,1296.9825516599635,150.28752849450905
KQ-833d,LST,63.28539252197921,7.466028683984099,0.0,1296.9825516599635,6.098110686787919
KQ-833f,O,627.3602980060411,61.51471881204558,0.0,1296.9825516599635,52.44502409868197
KQ-833h,LES,907.3122460635611,88.98382090660832,0.0,1296.9825516599635,86.40939409775343
KQ-833i,BRM,58.165297755199205,5.45971487561345,0.0,1296.9825516599635,6.603345496095757
KQ-833i,SIO,596.3148104862497,55.97338906546516,0.0,1296.9825516599635,67.69797233140781
KQ-833i,GAL,1438.4869556008507,135.02430027821612,0.0,1296.9825516599635,163.30744835928064
KQ-205a,LST,490.3687387533423,46.028707852150845,0.0,1296.9825516599635,55.670207622784844
KQ-205a,TS,510.06410205260113,47.87742301627053,0.0,1296.9825516599635,57.906167783833
KQ-205a,TAI,454.252082761373,42.63859980513852,0.0,1296.9825516599635,51.56998348772843
KQ-205b,FEO,37.48638640578005,4.422417638750746,0.0,1296.9825516599635,3.6121468863570136
OE-073a,ZIR,209.66582992971234,19.680388388844243,0.0,1296.9825516599635,23.80278219460829
OE-073a,MAG,491.7177333556349,46.155331907756235,0.0,1296.9825516599635,55.82335525161323
OE-073b,AMM,247.1597554902669,22.944479676874437,0.0,1296.9825516599635,29.124492233660746
OE-073b,MAG,707.6012524527865,65.68845532327457,0.0,1296.9825516599635,83.38140301486646
OE-073d,SCR,128.00622714451035,12.01536877630042,0.0,1296.9825516599635,14.532193182340533
OP-248b,N,725.7660465030178,95.37335209604721,0.0,1296.9825516599635,102.33991979330567
OP-248b,LIO,54.87803759280549,6.603510197471801,0.0,1296.9825516599635,8.365125216020571
OP-248c,BRM,445.6695747835768,53.62771175644401,0.0,1296.9825516599635,67.93394883573636
OP-248c,GAL,344.001655110179,41.39394441037835,0.0,1296.9825516599635,52.43658566778317
OP-248a,TCO,643.3289961338563,111.03440199530212,0.0,1296.9825516599635,51.65686690057586
OP-248a,MGS,46.094097459942944,7.955541531215295,0.0,1296.9825516599635,3.7011803784684654
OP-248a,H2O,627.1616080268394,135.8496822330563,0.0,1296.9825516599635,33.561332228896724
OP-248d,FEO,586.7904289281569,69.22599353940039,0.0,1296.9825516599635,56.542479124371404
XV-825b,LIO,55.19849981339889,8.95182453026037,0.0,1296.9825516599635,5.225971570024042
XV-825b,FEO,912.1658458101118,147.93062532120751,0.0,1296.9825516599635,86.36018720554877
XV-825b,GAL,54.45134074607866,8.83065390262639,0.0,1296.9825516599635,5.155233559800919
XV-825e,SIO,631.4532744228535,74.49504651171064,0.0,1296.9825516599635,60.846141700517634
XV-825e,HE,856.6067290969738,105.9141661665846,0.0,1296.9825516599635,85.2375580751627
XV-825i,O,68.41418152596876,7.568832790275768,0.0,1296.9825516599635,5.6648406798574085
XV-825g,F,188.22159362669782,18.459661104211715,0.0,1296.9825516599635,17.925597204225497
XV-374a,LST,1665.8032494989466,268.12564336277444,0.0,1296.9825516599635,153.04388003511275
XV-374a,MGS,75.66360738723476,12.178721236108093,0.0,1296.9825516599635,6.9515124643194826
XV-374b,H,933.6883102325472,173.0639253287832,0.0,1296.9825516599635,67.49793590897531
XV-374b,GAL,93.5880562583177,16.152690027953994,0.0,1296.9825516599635,7.514764288058957
XV-374e,SCR,82.34627205743965,9.714716219647064,0.0,1296.9825516599635,7.93479603490201
XV-374e,TCO,236.3203847150177,27.879652801074222,0.0,1296.9825516599635,22.771571860536064
XV-374i,HE,538.8287952981043,52.84514259357976,0.0,1296.9825516599635,51.31625846133447
XV-374j,H,175.5669323113289,24.755474696082945,0.0,1296.9825516599635,14.737414584200765
XV-857a,BRM,65.89820536279301,11.373601794716713,0.0,1296.9825516599635,5.291374776933462
XV-857c,TIO,608.7350139135569,73.24948282158152,0.0,1296.9825516599635,92.79020967452577
XV-857c,BRM,716.4051265931611,86.20549798229703,0.0,1296.9825516599635,109.20249433512029
XV-857c,LIO,551.8125208513932,66.39996195878022,0.0,1296.9825516599635,84.11344565453305
XV-857e,MAG,113.88551826230807,13.435526148336438,0.0,1296.9825516599635,10.973883044883763
XV-857e,FEO,2049.907249962509,241.8356862116593,0.0,1296.9825516599635,197.52680373403584
XV-857d,GAL,74.33590958413899,6.900794845552513,0.0,1296.9825516599635,8.759498960787006
XV-857d,LIO,516.3209323353773,47.93140823114485,0.0,1296.9825516599635,60.84155955749984
XV-857d,AMM,1038.4196123227482,94.64512319869264,0.0,1296.9825516599635,131.67784470729205
XV-857g,H,1337.153205337128,131.140080897884,0.0,1296.9825516599635,127.34601433006101
GC-474a,SIO,811.8143797361032,95.77296124181406,0.0,1296.9825516599635,78.22553906160097
GC-474b,N,215.4726358574409,19.638914678294913,0.0,1296.9825516599635,27.323224587064594
GC-474b,GAL,215.77776505413826,20.031208297586414,0.0,1296.9825516599635,25.42654175252007
GC-474b,TIO,483.5654289346243,44.89063008911451,0.0,1296.9825516599635,56.98175882856424
GC-474c,HE,146.79827387938838,13.44171819411114,0.0,1296.9825516599635,18.048268744568986
GC-474c,BRM,46.80475314932403,4.393351652634461,0.0,1296.9825516599635,5.313614265420587
GC-474c,H2O,217.57631519824656,19.922574273664996,0.0,1296.9825516599635,26.750149748881807
GC-474c,CUO,91.6401292911094,8.601846743732816,0.0,1296.9825516599635,10.403650602166643
GC-474e,N,2392.376064789125,234.5802585626068,0.0,1296.9825516599635,199.99388034237293
GC-474e,HE,641.2410168043881,62.88912780010659,0.0,1296.9825516599635,61.069657081221436
GC-474g,AMM,619.9632086451958,60.7894101281741,0.0,1296.9825516599635,51.82665450943216
GC-474g,N,599.3937696163555,58.772509693125464,0.0,1296.9825516599635,50.10712471292994
GC-025a,NE,2172.1551222660405,402.6201118323479,0.0,1296.9825516599635,157.02883459100934
GC-025a,FEO,42.594053833010356,7.351456757469036,0.0,1296.9825516599635,3.4201402125981133
GC-025a,N,694.8131519221589,128.7871874627668,0.0,1296.9825516599635,50.22923933306431
GC-025b,MAG,710.2927647199363,115.19182978489097,0.0,1296.9825516599635,67.24765722562476
GC-025b,MGS,1048.0494063156323,169.96756100432486,0.0,1296.9825516599635,99.22509524537044
GC-025d,O,58.233140408134496,5.332170755409371,0.0,1296.9825516599635,7.159534919257663
GC-025d,N,920.2524880699408,84.26376063678349,0.0,1296.9825516599635,113.14141357813736
GC-025d,LIO,68.34694931650797,6.415420711102299,0.0,1296.9825516599635,7.759240257662157
GC-025d,BRM,471.921683443202,44.29716574414135,0.0,1296.9825516599635,53.575964417650454
GC-025c,SIO,1002.0646715899395,93.02425650406764,0.0,1296.9825516599635,118.08000330578206
IZ-054a,O,2719.0888079119723,475.3869897397586,0.0,1296.9825516599635,233.01286651163593
IZ-054a,GAL,95.1232214525126,15.426621920425665,0.0,1296.9825516599635,9.005883359881873
IZ-054b,H2O,2805.1460536923787,486.36408791193037,0.0,1296.9825516599635,235.39322221500487
IZ-054c,FEO,39.125423119504774,3.632114272948221,0.0,1296.9825516599635,4.610411106461791
IZ-054c,O,73.20970586076628,6.672583557078189,0.0,1296.9825516599635,9.283430479358382
IZ-054c,H,405.77826356977147,36.98402196103367,0.0,1296.9825516599635,51.45512136121708
IZ-054f,HE,209.3614923268599,20.53293738597732,0.0,1296.9825516599635,19.938890693753603
IZ-054g,AMM,611.705140226129,59.97967964579564,0.0,1296.9825516599635,51.136310223026015
IZ-054i,BRM,65.66178107801045,6.095553050306841,0.0,1296.9825516599635,7.73736820244652
IZ-054h,H,1470.5730330557196,161.43758987095015,0.0,1296.9825516599635,128.67119269228124
NG-848a,LST,581.4173977214913,93.58422963412735,0.0,1296.9825516599635,53.41709742370845
NG-848a,TAI,666.6811177745046,107.30817320405023,0.0,1296.9825516599635,61.25060990308789
NG-848a,CUO,86.27734574083291,13.887095514642274,0.0,1296.9825516599635,7.926638248112221
NG-848b,GAL,568.0922493786824,92.1304410560164,0.0,1296.9825516599635,53.784685352686814
NG-848b,LST,38.246434988560836,6.202621014756258,0.0,1296.9825516599635,3.621018371525997
NG-848b,H,238.17550759624027,41.640985486186906,0.0,1296.9825516599635,20.410498397984124
NG-848c,SIO,859.5181427398262,138.34698369895253,0.0,1296.9825516599635,78.96730395083796
JS-009a,HE,241.28124162409043,22.093137539893362,0.0,1296.9825516599635,29.664576951584337
JS-009a,AUO,1767.1116450842526,165.87082174222786,0.0,1296.9825516599635,200.61530109888292
JS-009a,TIO,86.27083386524242,8.097855132935138,0.0,1296.9825516599635,9.794089332200697
JS-009d,SIO,590.1776174389594,54.787715428079224,0.0,1296.9825516599635,69.54458828252992
JS-009d,MAG,485.37426718470635,45.05854922459607,0.0,1296.9825516599635,57.19490637542906
JS-009e,H,208.39753570011155,29.384690236552338,0.0,1296.9825516599635,17.493276447367432
JS-009e,LIO,73.59179130178741,8.681915413167337,0.0,1296.9825516599635,7.091223916189448
JS-009f,N,898.0947729082102,88.06111511615684,0.0,1296.9825516599635,75.07743502062962
JS-009g,AMM,99.38643704281354,9.745163581200785,0.0,1296.9825516599635,8.30834227533841
JS-009b,HE,1404.4609544083357,173.65297965438316,0.0,1296.9825516599635,139.75237188701402
JS-009b,BER,150.62552813557093,17.769890788144487,0.0,1296.9825516599635,14.514109911028687
JS-009b,BOR,681.7263390890472,80.42595928434189,0.0,1296.9825516599635,65.6903988139111
JS-009h,AMM,892.5062504384896,95.04236685369698,0.0,1296.9825516599635,69.8676789835428
EY-303a,SIO,51.0444977793121,6.1422178415269055,0.0,1296.9825516599635,7.780774135568007
EY-303a,HE,99.81815832597312,13.117164140527805,0.0,1296.9825516599635,14.075310310005106
EY-303f,HE,178.19178537353042,17.475996808706387,0.0,1296.9825516599635,16.97039169715453
EY-303b,CLI,858.3036509852918,64.87634992367292,0.0,1296.9825516599635,183.83865539769502
EY-303b,BRM,479.0727215809352,36.21153130187918,0.0,1296.9825516599635,102.6118027950258
EY-303b,TAI,60.80625963386685,4.596145167305194,0.0,1296.9825516599635,13.023993312880334
EY-303c,FEO,45.87326457733049,5.411850910830535,0.0,1296.9825516599635,4.420297225141079
EY-303c,SIO,46.38046803722006,5.471687714068128,0.0,1296.9825516599635,4.469170791628862
EY-303e,BER,151.19200023051778,17.836719747261412,0.0,1296.9825516599635,14.56869453788018
EY-303d,H2O,1675.926686781801,155.5806111254663,0.0,1296.9825516599635,197.48568563090157
EY-303d,MGS,425.2891427209924,39.480691638495465,0.0,1296.9825516599635,50.11467303674992
EY-303h,F,184.02736573389134,18.048316029487737,0.0,1296.9825516599635,17.526152919749347
EY-303h,HE,172.85979463706852,16.953066680927876,0.0,1296.9825516599635,16.462590671794807
EW-445a,BOR,115.47215271221643,14.186978676693265,0.0,1296.9825516599635,10.33280438776412
EW-445a,CLI,103.68671484040192,12.739012635914355,0.0,1296.9825516599635,9.278207055911285
EW-445a,SIO,63.5551857501053,7.808428645797927,0.0,1296.9825516599635,5.6871140509565965
EW-445a,TAI,138.95040835091535,17.071531396016876,0.0,1296.9825516599635,12.433711118802574
EW-445c,SCR,98.17100557102737,12.061349251682865,0.0,1296.9825516599635,8.784644377797337
EW-445c,MAG,202.9226476860818,24.931199498076147,0.0,1296.9825516599635,18.158144410913287
EW-445e,SIO,1508.376057459769,177.9491042473712,0.0,1296.9825516599635,145.34545475870857
EW-445e,AMM,699.3449993378731,82.50450249232502,0.0,1296.9825516599635,67.3881135008025
EW-445e,MAG,1521.7428375719228,179.5260362968199,0.0,1296.9825516599635,146.633462960942
EW-445e,FEO,45.76468160976776,5.399040947612973,0.0,1296.9825516599635,4.40983429003852
EW-445b,HE,719.9338918163901,89.01540842106193,0.0,1296.9825516599635,71.6377829283086
EW-445b,GAL,769.5739284535745,90.78968771956701,0.0,1296.9825516599635,74.15529572240905
ZK-990a,ALO,86.94141262443317,14.099735914162801,0.0,1296.9825516599635,8.231262664184344
ZK-990a,HE,220.00816354383792,38.464730640994794,0.0,1296.9825516599635,18.85364416717136
ZK-990a,SCR,120.94632872201205,19.614488001643643,0.0,1296.9825516599635,11.450711116003738
ZK-990d,BOR,119.15738624836212,14.057469317739818,0.0,1296.9825516599635,11.481874434744004
ZK-990c,TAI,712.929200822843,84.10708460320598,0.0,1296.9825516599635,68.6970721869354
ZK-990c,HE,1827.815139615905,225.99812707887583,0.0,1296.9825516599635,181.87867760263052
ZK-990c,BRM,58.051961471625724,6.84862007228872,0.0,1296.9825516599635,5.5938230376966285
ZK-990b,HAL,212.22655036850537,34.159724669365126,0.0,1296.9825516599635,19.498085818137845
ZK-990b,ALO,756.9609430249163,121.8395029005354,0.0,1296.9825516599635,69.54497164681176
ZK-990b,TAI,157.43203560195292,25.34006692830115,0.0,1296.9825516599635,14.463898769315087
ZK-990e,AMM,613.0701564612089,60.11352392976085,0.0,1296.9825516599635,51.25042058284858
ZK-990e,HE,510.4295943620512,50.059916866771374,0.0,1296.9825516599635,48.611613223279576
ZK-780b,MAG,1783.2390352506923,165.5426941257431,0.0,1296.9825516599635,210.13101963100425
ZK-780c,FEO,978.424954952403,91.8403496137447,0.0,1296.9825516599635,111.07788095136382
ZK-780c,LIO,1050.8337794498675,98.63704027796732,0.0,1296.9825516599635,119.29825467205332
ZK-780d,CUO,76.69181627907948,7.1987158380750556,0.0,1296.9825516599635,8.706609940264519
ZK-780d,GAL,98.05502399176352,9.20398405540031,0.0,1296.9825516599635,11.131915867957469
ZK-780d,FEO,39.60612613288821,3.7176489136741955,0.0,1296.9825516599635,4.496374035909243
ZK-780d,HE,1029.6214059104716,94.27822561622304,0.0,1296.9825516599635,126.58789063351736
ZK-780e,NE,1216.7056015544242,150.43818228546863,0.0,1296.9825516599635,121.06957703005675
ZK-780e,BOR,180.2585220424864,21.265812574906246,0.0,1296.9825516599635,17.36951255015308
ZK-780e,GAL,1773.4608670048854,209.22221029731685,0.0,1296.9825516599635,170.88873489923694
ZK-780f,HE,82.73647112507575,8.11430393558554,0.0,1296.9825516599635,7.879545736014716
ZK-780g,H,45.65232085658629,4.477309725178019,0.0,1296.9825516599635,4.347774871868647
ZK-768a,MGS,44.29632178738776,7.183762263777866,0.0,1296.9825516599635,4.193797278913235
ZK-768a,SIO,65.46253699302689,10.61639621454,0.0,1296.9825516599635,6.197729256840471
ZK-768c,GAL,864.0921870818316,101.94038145720495,0.0,1296.9825516599635,83.26297097049063
ZK-768d,LST,518.5289622991733,61.172917662754536,0.0,1296.9825516599635,49.9648794199617
ZK-768d,TIO,1296.6624038385883,152.9724050797419,0.0,1296.9825516599635,124.94496039126271
ZK-768d,MAG,138.1715747420232,16.300648526070567,0.0,1296.9825516599635,13.314060685520984
ZK-768g,AMM,51.8211333826996,5.0812307675350805,0.0,1296.9825516599635,4.332057029612229
ZK-768e,NE,1620.48225768925,158.9273192620999,0.0,1296.9825516599635,154.3293288948712
UP-170a,ALO,595.8691222353511,70.29704298609643,0.0,1296.9825516599635,57.41729200728816
UP-170a,LES,896.3076720575723,110.82294417038534,0.0,1296.9825516599635,89.1880423712762
UP-170c,FEO,1721.638037482752,159.82411409818934,0.0,1296.9825516599635,202.87216077059082
UP-170c,GAL,131.9631612615863,12.250481740672408,0.0,1296.9825516599635,15.550104658700159
UP-170d,LIO,549.2144415977514,64.79300532430167,0.0,1296.9825516599635,52.9216983916522
UP-170d,LST,805.1333646270721,94.98477539900942,0.0,1296.9825516599635,77.58176380776453
UP-170d,SIO,665.6998204941513,78.53524734015448,0.0,1296.9825516599635,64.14610114234975
UP-170d,BRM,47.59188156474254,5.614602971194929,0.0,1296.9825516599635,4.58590126423735
UP-170d,GAL,84.67165057348345,9.989050343368804,0.0,1296.9825516599635,8.158866946283162
UP-573c,GAL,1228.2906573421383,144.9063190498686,0.0,1296.9825516599635,118.35673424034562
UP-573c,TCO,911.9065313736571,107.58122923838415,0.0,1296.9825516599635,87.8703084979694
UP-573b,ALO,59.58564157000003,5.531489296566442,0.0,1296.9825516599635,7.021375918182191
UP-573b,LST,1093.1716558292364,101.48195360832855,0.0,1296.9825516599635,128.81575051368117
OY-799d,SIO,59.458202751263755,7.0145199318295095,0.0,1296.9825516599635,5.729326897810709
OY-799d,LST,937.2809536990989,110.57475045033652,0.0,1296.9825516599635,90.31535987218828
OY-799b,AMM,324.4560325414776,56.7256855178787,0.0,1296.9825516599635,27.80432547090602
OY-799b,MGS,1907.1704809606827,309.2956430440539,0.0,1296.9825516599635,180.56321723204252
OY-799b,FEO,1430.2073621374097,231.9440816511619,0.0,1296.9825516599635,135.406270805115
OY-799b,GAL,91.04268948443233,14.764861070187749,0.0,1296.9825516599635,8.619555033426426
OY-799e,H,109.17709943627817,13.499078466812556,0.0,1296.9825516599635,10.863782687637597
OY-799e,FEO,1792.0859051490816,211.41947989593038,0.0,1296.9825516599635,172.6834230511593
OY-799e,HE,97.28293580354035,12.028438112704707,0.0,1296.9825516599635,9.680241362355522
OY-799e,SIO,1340.6188878606165,158.15812578838052,0.0,1296.9825516599635,129.18055875426973
OY-799f,N,610.6037082423942,59.88440170942628,0.0,1296.9825516599635,58.15186193284391
TD-260b,AMM,426.9101469268698,35.3536559120523,0.0,1296.9825516599635,86.62699517910139
YW-310a,BRM,1094.3263582978375,129.10201951981182,0.0,1296.9825516599635,105.44808200489678
YW-310c,GAL,220.41540366919511,26.003279123450373,0.0,1296.9825516599635,21.238985413276456
YW-310d,BER,1431.1712239663382,168.84094392105285,0.0,1296.9825516599635,137.90608207828373
YW-310b,FEO,36.78317871559211,4.339457439303173,0.0,1296.9825516599635,3.5443865682223477
YW-310b,BRM,1328.1374292619082,156.68563862819497,0.0,1296.9825516599635,127.97785915750181
YW-310b,H2O,899.9416063536212,106.16967959254318,0.0,1296.9825516599635,86.71738150765395
YW-310e,AMM,941.6186258418946,92.32877053417099,0.0,1296.9825516599635,78.71586978169034
CC-848b,HE,334.27914231392407,43.92782287334242,0.0,1296.9825516599635,47.13654045655297
CC-848b,BRM,78.47201388185485,9.442588813578713,0.0,1296.9825516599635,11.961583374130676
CC-848d,CLI,60.48771506066171,7.1359755810112775,0.0,1296.9825516599635,5.828529569484731
CC-848c,BOR,510.21898594703674,60.19255680322863,0.0,1296.9825516599635,49.164139255755245
CC-848c,HE,97.02017301289357,11.995949105876223,0.0,1296.9825516599635,9.6540948731126
CC-848c,SIO,1241.7522017979065,146.49443082467647,0.0,1296.9825516599635,119.65387383030522
CC-848g,HE,146.52716544791508,14.370518093124945,0.0,1296.9825516599635,13.954758838699322
CC-848h,HE,576.4007697209518,56.52997971294573,0.0,1296.9825516599635,54.89448807194538
CC-848h,AR,185.2832013155199,18.167620848410916,0.0,1296.9825516599635,15.48899729383228
YW-240a,N,181.07566316381633,22.3888947233402,0.0,1296.9825516599635,18.018125273420665
YW-240a,AR,1193.1886684096908,147.5304577950884,0.0,1296.9825516599635,118.72949973836057
YW-240a,CLI,119.09218708285266,14.049777513668344,0.0,1296.9825516599635,11.475591915001004
YW-240c,SIO,463.3715518098777,43.01598021997635,0.0,1296.9825516599635,54.60217880219404
YW-240c,BOR,101.24808960278911,9.399122157268197,0.0,1296.9825516599635,11.930741691583934
YW-240c,HE,159.37402074276014,14.525894589114642,0.0,1296.9825516599635,20.20958320191983
YW-240i,H,66.00370265274428,6.473252930847553,0.0,1296.9825516599635,6.2859726397128
YW-240d,NE,1216.6962478013236,150.4370257512896,0.0,1296.9825516599635,121.06864627496685
YW-240d,ALO,558.3083676938816,65.86585184350685,0.0,1296.9825516599635,53.797979089325224
YW-240j,AMM,1682.5688836241798,198.49932262890482,0.0,1296.9825516599635,162.13048353807596
YW-240j,TAI,249.30170471673054,29.411110592935188,0.0,1296.9825516599635,24.02243755128083
YW-240j,ALO,240.48281412649732,28.370711102883327,0.0,1296.9825516599635,23.172658971883738
YW-523a,SIO,397.4635683889831,47.827051441873586,0.0,1296.9825516599635,60.585849352894606
YW-523b,ALO,1315.1744077068631,211.68885599588424,0.0,1296.9825516599635,120.83023270538223
YW-523b,N,926.1954562363069,160.5863650869801,0.0,1296.9825516599635,77.7214906715405
YW-523b,ZIR,166.48296014546796,26.7968926170419,0.0,1296.9825516599635,15.29544271693388
YW-523c,GAL,567.2514545523634,69.69285755080773,0.0,1296.9825516599635,50.759409787500566
YW-523c,BRM,773.0448202229613,94.97675520057273,0.0,1296.9825516599635,69.17443489813
YW-523e,HE,133.93368007618028,16.560077763858946,0.0,1296.9825516599635,13.327212413739149
YW-523e,FEO,567.7059635507117,66.97452348844001,0.0,1296.9825516599635,54.70352107051379
YW-523e,TIO,671.0213127727612,79.16304488411225,0.0,1296.9825516599635,64.65887427435774
OF-185f,AMM,614.9958027949093,60.30233981933101,0.0,1296.9825516599635,51.411397566405604
OF-185f,HE,65.71807919961381,6.445240671219892,0.0,1296.9825516599635,6.258770814065466
OF-185h,HE3,555.5601992241595,54.486059771686406,0.0,1296.9825516599635,52.909701602797284
OP-418a,TAI,285.1456232992877,49.21428064782338,0.0,1296.9825516599635,22.896106966377516
OP-418a,SIO,49.406397274309796,8.527222943568189,0.0,1296.9825516599635,3.967145431612051
OP-418b,BRM,81.50935311151936,14.06798439701975,0.0,1296.9825516599635,6.544890452843383
OP-418b,SIO,43.595013865352044,7.524215951101174,0.0,1296.9825516599635,3.5005134889065124
NH-613a,CUO,108.36852806741216,17.44286506650264,0.0,1296.9825516599635,9.956241839556613
NH-613a,HAL,166.2787436570621,26.76402218209974,0.0,1296.9825516599635,15.276680546934406
NH-613g,HE,791.319251315838,77.60791375244708,0.0,1296.9825516599635,75.36260790124868
NH-613g,NE,143.9104125795005,14.113882442487487,0.0,1296.9825516599635,13.705548017568814
NH-613d,ALO,335.29611709355663,40.34640132048513,0.0,1296.9825516599635,51.10959004665293
NH-613f,HE3,135.84688705557627,13.323059532061928,0.0,1296.9825516599635,12.937604723695044
NH-613f,AMM,78.6980480409687,7.716599714205099,0.0,1296.9825516599635,6.5788686965780725
NH-613e,FEO,2269.6411878568065,267.75857011561607,0.0,1296.9825516599635,218.70012385617673
NH-613e,AMM,672.7454888622589,79.36645277379164,0.0,1296.9825516599635,64.82501398240518
NH-613e,GAL,212.53613071251613,25.073730051236357,0.0,1296.9825516599635,20.479747353647515
NH-613b,SIO,67.67189102845342,10.892384394758084,0.0,1296.9825516599635,6.217282128260367
NH-613b,MAG,2586.334858515112,416.2932795932052,0.0,1296.9825516599635,237.61673050900566
NH-613c,BRM,580.711720350151,69.87742155755127,0.0,1296.9825516599635,88.51858536167086
NH-613h,N,59.74125126250557,5.859068723191326,0.0,1296.9825516599635,5.689557643062075
MG-708e,AMM,67.72482225458735,6.6406392161376315,0.0,1296.9825516599635,5.661547194665775
MG-708h,HE3,1132.1612574185397,111.03568259396583,0.0,1296.9825516599635,107.82326448135838
MG-708f,HE,340.42702593677984,33.38707004027983,0.0,1296.9825516599635,32.42113525230279
MG-708f,AMM,108.57266865729785,10.645903485372862,0.0,1296.9825516599635,9.076277606804135
MG-708g,HE3,161.8294641076855,15.871277075832486,0.0,1296.9825516599635,15.412098758038397
MG-708b,BOR,197.46620671934244,34.08138341210549,0.0,1296.9825516599635,15.855783928850412
MG-708b,TAI,1500.982170060208,259.0597636043273,0.0,1296.9825516599635,120.52314856768074
MG-708c,AR,2111.7122831770043,261.1002669710608,0.0,1296.9825516599635,210.12816297285642
MG-708c,H,392.8500629610705,48.57349987301078,0.0,1296.9825516599635,39.09096078637595
MG-708c,MGS,1198.099333674472,141.3445288874396,0.0,1296.9825516599635,115.4475315607205
MG-708d,SIO,52.95737635081303,6.24759166542886,0.0,1296.9825516599635,5.102914429376173
QR-646d,SIO,54.489371118660486,8.836821483689713,0.0,1296.9825516599635,5.158834122254281
QR-646d,AMM,638.7040916535511,111.66667840423051,0.0,1296.9825516599635,54.73387658977953
QR-646f,O,1393.219292366907,136.63871124133763,0.0,1296.9825516599635,132.68556158151046
QR-646b,TS,1298.926452536527,209.0736051043481,0.0,1296.9825516599635,119.3374693177176
QR-646b,ALO,105.15818387196583,16.926132011095948,0.0,1296.9825516599635,9.66129492306627
QR-646c,AR,1195.3418634974134,221.5627557285805,0.0,1296.9825516599635,86.41332188422533
QR-646c,SIO,633.1292741831363,109.27399630222355,0.0,1296.9825516599635,50.837868095302674
QR-646c,BRM,54.91155820415375,9.477377927109366,0.0,1296.9825516599635,4.4091888761454126
QR-646h,LES,1360.0426338211169,149.3037067799278,0.0,1296.9825516599635,119.00007947411063
QR-646i,N,70.70299273700141,7.8220497251043914,0.0,1296.9825516599635,5.854359147630788
QR-646e,BOR,1203.309331626961,144.79499979702888,0.0,1296.9825516599635,183.42188741066033
QR-646e,AMM,357.355545039553,54.4524252208715,0.0,1296.9825516599635,41.01254885843091
GC-602e,HE3,1000.9482138982489,98.16708303975832,0.0,1296.9825516599635,95.32697157061968
GC-602d,GAL,61.923588693763016,7.30537128678315,0.0,1296.9825516599635,5.966888770525492
GC-602d,BER,141.21841947575942,16.6600968801251,0.0,1296.9825516599635,13.607651286627348
GC-602c,LIO,804.7062650823516,94.93438877225837,0.0,1296.9825516599635,77.54060896627284
GC-602c,BRM,2082.0714897732983,245.6302291141544,0.0,1296.9825516599635,200.6261144391794
GC-602c,SIO,1271.1319899140944,149.9604809203388,0.0,1296.9825516599635,122.48487783845236
GC-602b,CLI,47.95382030326002,5.657302319273997,0.0,1296.9825516599635,4.620777282246551
GC-602b,FEO,34.605205774346146,4.082513335707131,0.0,1296.9825516599635,3.334519495596793
GC-602b,GAL,897.5785674115197,105.89090251903488,0.0,1296.9825516599635,86.48968167911738
GC-602b,N,1226.221240055708,172.90094712237416,0.0,1296.9825516599635,102.93128978644025
GC-602h,AMM,732.7470159531334,71.84822946237573,0.0,1296.9825516599635,61.254967890125144
GY-528a,TAI,229.80137316826165,36.98854654349029,0.0,1296.9825516599635,21.11275374066308
GY-528a,BRM,1092.1217875777975,175.78658044572717,0.0,1296.9825516599635,100.33751338404689
GY-528d,SIO,35.772088651553496,4.220175135451113,0.0,1296.9825516599635,3.4469590438109665
GY-528d,LIO,657.2308596306876,77.53613044744972,0.0,1296.9825516599635,63.33004140582301
GY-528b,HE,1319.5067167439515,163.1489094213293,0.0,1296.9825516599635,131.29891066533665
GY-528b,SIO,1477.4221334842346,174.2973471028936,0.0,1296.9825516599635,142.36276875375617
GY-528b,H,125.25197451050485,15.486638139048093,0.0,1296.9825516599635,12.463330124224766
GY-528e,HE,599.2376819287687,58.76968904650407,0.0,1296.9825516599635,57.06939947152416
GY-528e,AR,275.54386950003055,27.01797309544465,0.0,1296.9825516599635,23.034458702762905
AW-284f,AMM,48.81273807772916,4.786247817786877,0.0,1296.9825516599635,4.08056619608483
OS-053a,LIO,53.64893480288351,8.635266598307702,0.0,1296.9825516599635,4.928938123066905
OS-053a,MGS,62.82453658910247,10.112160182775487,0.0,1296.9825516599635,5.771936658123461
OS-053a,GAL,723.5756117856569,116.46584102294072,0.0,1296.9825516599635,66.47773028403341
OS-053b,LIO,57.71860964274117,6.8092932352868605,0.0,1296.9825516599635,5.561701622798631
OS-053b,GAL,136.77968103628885,16.13644130671169,0.0,1296.9825516599635,13.179939341818113
OS-053b,AMM,375.1835146281468,52.9020236356048,0.0,1296.9825516599635,31.493601485430524
OS-053e,AR,195.4490730642384,21.456144366008072,0.0,1296.9825516599635,17.10126921715658
OS-053c,HE,1200.0907096951387,117.6978016625554,0.0,1296.9825516599635,114.29263909641452
OS-053d,AMM,967.6485257284851,94.8810869260729,0.0,1296.9825516599635,80.89187411473046
XU-397a,FEO,3019.9294569702965,521.2201895729968,0.0,1296.9825516599635,242.48882755998807
XU-397e,SIO,541.7340514403999,63.91051403750462,0.0,1296.9825516599635,52.200896239022036
XU-397e,BER,1800.5814197756379,212.42172944135348,0.0,1296.9825516599635,173.50204147903702
XU-397d,H2O,31.394513298019323,3.7037352137987813,0.0,1296.9825516599635,3.0251407065645806
XU-397d,BRM,819.3203478382678,96.65847006017792,0.0,1296.9825516599635,78.94880587680801
XU-397c,SIO,1613.6803728839238,190.37227187220648,0.0,1296.9825516599635,155.49246255406828
XU-397c,BRM,1717.2633816603804,202.5923701267889,0.0,1296.9825516599635,165.47360713763044
XU-397g,HE3,312.9724419660687,34.357706547930114,0.0,1296.9825516599635,27.384248508835526
XU-397b,AMM,306.32761054918393,43.19313045929743,0.0,1296.9825516599635,25.713708930366753
XU-397b,GAL,1014.2344072148186,119.65325448395629,0.0,1296.9825516599635,97.73050985496619
XU-397i,GAL,529.8675504775221,62.51057586794043,0.0,1296.9825516599635,51.057453282397056
XU-397i,HE,500.9432517858415,61.93855944326632,0.0,1296.9825516599635,49.846887802842225
XU-397i,SIO,45.100956028713135,5.3207386091274085,0.0,1296.9825516599635,4.345878424433072
XU-397i,H2O,507.6664585948482,59.8914250306561,0.0,1296.9825516599635,48.91818053282732
NH-000a,BRM,96.88088517006204,15.71167128292462,0.0,1296.9825516599635,9.172291879110263
NH-000d,LIO,783.841623470825,92.47290427252007,0.0,1296.9825516599635,75.53011509214447
NH-000d,FEO,47.972937438641154,5.65955764353483,0.0,1296.9825516599635,4.622619388345964
NH-000g,HE,80.17494848996849,7.8630849397001485,0.0,1296.9825516599635,7.635594858213169
NH-000f,BRM,635.572521594731,74.98101043349523,0.0,1296.9825516599635,61.24306781884142
NH-000f,FEO,846.738262212321,99.8930701316021,0.0,1296.9825516599635,81.59076589302789
NH-000i,AR,162.72096768474535,15.955320417573946,0.0,1296.9825516599635,13.602877164383685
NH-000h,AR,543.4227014527131,57.86870368999768,0.0,1296.9825516599635,42.540523205091496
NH-000h,NE,1688.7631551683494,185.39021694606976,0.0,1296.9825516599635,147.76224265364874
NH-000b,FEO,45.07815080637936,5.318048186625416,0.0,1296.9825516599635,4.343680938338949
NH-000b,HE,512.6775625384437,63.38943496955553,0.0,1296.9825516599635,51.01452279831014
NH-000b,BOR,768.3311049750474,90.64306690597897,0.0,1296.9825516599635,74.0355386215336
NH-000j,ZIR,164.104407269425,15.403742576775866,0.0,1296.9825516599635,18.630319803274087
NH-000j,LST,754.277270043719,70.80061463670044,0.0,1296.9825516599635,85.63101378614336
NH-000e,TIO,87.48074959259849,10.320450892801764,0.0,1296.9825516599635,8.42954863230986
XD-027d,TAI,67.751468734455,8.152578596220055,0.0,1296.9825516599635,10.327437794665599
XD-027d,H2O,24.94292307192501,3.800704010941308,0.0,1296.9825516599635,2.8626192187564423
XD-027c,HE,649.7339868128977,120.43153260573,0.0,1296.9825516599635,46.970388853703376
XD-027c,CLI,921.6194934660026,159.0655324712255,0.0,1296.9825516599635,74.00253337414273
XD-027c,H2O,958.976443468166,207.72420289566205,0.0,1296.9825516599635,51.31775702945066
XD-027a,SIO,694.5056887446106,112.6315585011649,0.0,1296.9825516599635,65.75300047771013
XD-027a,HE,649.8242393734083,113.61084938335486,0.0,1296.9825516599635,55.686819902516156
XD-027b,TIO,761.3733321072459,131.40808689448343,0.0,1296.9825516599635,61.13537725591431
XD-027b,O,633.4777635543431,117.41835810486705,0.0,1296.9825516599635,45.79519847849709
XD-027g,H,44.519033987680324,4.366163649264176,0.0,1296.9825516599635,4.239844407901069
EM-988a,HAL,80.95424476142489,6.356756398429303,0.0,1296.9825516599635,16.220282834263543
EM-988a,O,488.4803203034805,40.97143897057517,0.0,1296.9825516599635,94.37903880363743
EM-988a,HE,467.3353509115332,39.197898078613306,0.0,1296.9825516599635,90.29362982440878
EM-988a,MAG,295.68030527950174,23.21765434306943,0.0,1296.9825516599635,59.243566465093295
EM-988f,AMM,1315.8371419080022,129.0221138382222,0.0,1296.9825516599635,109.99916768185648
EM-988d,TAI,816.1301304136662,96.28210746130569,0.0,1296.9825516599635,78.64140004119777
EM-988d,ALO,82.58413241720191,9.742777549410503,0.0,1296.9825516599635,7.957715997061138
EM-988d,FEO,41.13056328539777,4.852335634491837,0.0,1296.9825516599635,3.9632957548170493
EM-988g,AMM,89.04392656133206,8.731046771289362,0.0,1296.9825516599635,7.443746263818179
EM-988c,AMM,1190.249921186226,110.49398019061489,0.0,1296.9825516599635,140.2551338381975
EM-988c,HE,104.21300411057562,9.498330439743006,0.0,1296.9825516599635,13.214834936580242
EM-988c,LST,39.88864485095797,3.7029661212660847,0.0,1296.9825516599635,4.700346643686197
EM-988h,H,39.89589033167882,3.912753052310389,0.0,1296.9825516599635,3.7995516157833076
EM-988h,NE,871.074063427971,85.42979420012824,0.0,1296.9825516599635,82.95819037121879
EM-988e,FEO,580.8394814092878,68.52393666494348,0.0,1296.9825516599635,55.96905237903319
EM-988e,SIO,592.7366730539602,69.92749553592829,0.0,1296.9825516599635,57.11545265593664
EM-988e,AMM,180.25382584394646,21.265258545743947,0.0,1296.9825516599635,17.369060029636692
IZ-468a,AR,2384.231043213339,441.92947336619295,0.0,1296.9825516599635,172.36016814532186
IZ-468c,HAL,139.20639973839604,16.4227309339997,0.0,1296.9825516599635,13.413775281857648
IZ-468c,CLI,541.8923418439025,63.92918818403125,0.0,1296.9825516599635,52.21614892787722
IZ-468c,N,304.7598210964411,42.972067348977,0.0,1296.9825516599635,25.582105770012866
IZ-468c,LIO,1831.818917071944,216.1069408548578,0.0,1296.9825516599635,176.51205229669856
IZ-468e,GAL,94.081159764245,8.733797514508801,0.0,1296.9825516599635,11.086214264342287
IZ-468e,TAI,561.0785909739707,52.08637750185257,0.0,1296.9825516599635,66.11565476297065
IZ-468e,FEO,1488.256225698388,138.1586765886862,0.0,1296.9825516599635,175.37121608277715
IZ-468b,FEO,38.14528077359707,6.139817503508149,0.0,1296.9825516599635,3.5045566013729728
IZ-468b,HE,2156.1774429285533,373.84409058695906,0.0,1296.9825516599635,180.93516210686462
IZ-468b,SIO,77.62576052871717,12.494546993798568,0.0,1296.9825516599635,7.131783171610924
IZ-816a,GAL,2314.503577736885,375.35494574312844,0.0,1296.9825516599635,219.12787370782522
IZ-816a,LST,37.449270387973705,6.07334073267767,0.0,1296.9825516599635,3.545546038883241
IZ-816c,NE,183.5098677736434,17.997562889084282,0.0,1296.9825516599635,17.476868138919095
IZ-816c,HE,1660.7410054204706,162.87565922288147,0.0,1296.9825516599635,158.1634378399249
IZ-816b,GAL,252.83948177882863,19.111304811034177,0.0,1296.9825516599635,54.155275127061515
IZ-816b,FEO,416.8564380666969,31.508807067179013,0.0,1296.9825516599635,89.28579877305835
IZ-482a,TAI,884.8365380081003,82.1416655127023,0.0,1296.9825516599635,104.26622581883485
IZ-482d,AMM,438.09744198362534,40.6697192030513,0.0,1296.9825516599635,51.62396087230795
IZ-482g,AR,157.27520575932627,15.421345738869823,0.0,1296.9825516599635,13.147631404774684
IZ-482g,NE,706.5297654934078,69.29226227312387,0.0,1296.9825516599635,67.28753988848544
IZ-482g,HE3,1015.1664500736119,99.56152358316054,0.0,1296.9825516599635,96.68106899229807
IZ-482f,N,59.972102107188725,5.880459776330116,0.0,1296.9825516599635,5.013448173651947
IZ-482f,O,1024.659062882916,113.36060654409232,0.0,1296.9825516599635,84.84396382350083
IZ-482b,HE,844.8165462043853,109.11576247714751,0.0,1296.9825516599635,77.92887027933132
IZ-482b,BER,1086.6553091663566,133.50712996993988,0.0,1296.9825516599635,97.23726875106064
IZ-482b,AUO,261.0892752625795,32.07758662034228,0.0,1296.9825516599635,23.36307365599085
IZ-482e,SIO,65.36061561190317,7.710850980213949,0.0,1296.9825516599635,6.298076896964132
IZ-437a,MGS,332.4572836046088,40.00480262790271,0.0,1296.9825516599635,50.67686324656788
IZ-437a,BRM,33.481053524314376,4.028797093846782,0.0,1296.9825516599635,5.103557222168131
IZ-437b,CLI,26.929909335388423,2.114612692408475,0.0,1296.9825516599635,5.395773222372361
IZ-437b,HE,188.64032214201598,15.822265759303255,0.0,1296.9825516599635,36.447102459134896
IZ-437e,HE,85.5909315091085,8.394252533986784,0.0,1296.9825516599635,8.151395028615394
IZ-437e,AMM,52.31046338074791,5.12921116625,0.0,1296.9825516599635,4.372963225974059
IZ-437c,SIO,57.70341306508006,6.8075004347653705,0.0,1296.9825516599635,5.5602372973209055
IZ-437c,HE,153.6674132310614,19.000032788093304,0.0,1296.9825516599635,15.290838391324161
IZ-437c,GAL,145.6142557010591,17.178691109224427,0.0,1296.9825516599635,14.031229221354703
IZ-437c,AMM,350.96573899194436,49.48724316376572,0.0,1296.9825516599635,29.46071639050289
IZ-437d,AMM,191.02959894965352,17.733771997336373,0.0,1296.9825516599635,22.51029930003149
IZ-257a,TAI,941.123731001673,162.43183705902135,0.0,1296.9825516599635,75.5686493248183
IZ-257a,HE,495.8808296165879,91.91405946526832,0.0,1296.9825516599635,35.84807915996461
IZ-257b,FEO,1004.66534598728,94.30341709219194,0.0,1296.9825516599635,114.0568800219988
IZ-257b,GAL,1834.3015076921747,172.17763192851467,0.0,1296.9825516599635,208.2431805004915
IZ-257h,NE,744.9243112925493,82.41284815260823,0.0,1296.9825516599635,61.68132758298085
IZ-257g,HE,1132.1454664452533,124.28545293426384,0.0,1296.9825516599635,99.05968911042189
IZ-257e,HE3,1298.4017239487016,127.33956470878368,0.0,1296.9825516599635,123.65545240753433
IZ-257d,AMM,180.35937752258374,21.277710895787827,0.0,1296.9825516599635,17.379230873078686
IZ-257d,TIO,91.5382337338435,10.79912838497067,0.0,1296.9825516599635,8.820523333060994
IZ-257f,HE,211.82929912213118,20.7749652863559,0.0,1296.9825516599635,20.173916387339105
IZ-257i,LST,32.88697483267699,3.879806818689707,0.0,1296.9825516599635,3.1689526554429093
IZ-257i,MGS,1064.348103441543,125.56536592988351,0.0,1296.9825516599635,102.55941040114664
KC-051c,MAG,581.1991229174687,68.56636499965116,0.0,1296.9825516599635,56.003707038458565
KC-051d,AMM,986.939147990024,96.77259521548739,0.0,1296.9825516599635,82.5044995113335
KC-051d,HE3,1267.1583529844402,124.27539960083497,0.0,1296.9825516599635,120.6799378960681
KC-051b,LIO,44.71235585464797,3.510940717259538,0.0,1296.9825516599635,8.958727986234187
KC-051b,SIO,276.68068992307985,21.72575077654786,0.0,1296.9825516599635,55.4367353874692
KC-051b,FEO,23.027458961495686,1.8081812451520354,0.0,1296.9825516599635,4.613864268768238
KC-544a,GAL,190.87759911284462,30.72342371829763,0.0,1296.9825516599635,17.53667390719963
KC-544b,BOR,304.39591064457755,23.008285694279415,0.0,1296.9825516599635,65.19806231421353
KC-544c,AMM,199.92866630461018,30.46433979429478,0.0,1296.9825516599635,22.945171297429297
KC-544c,MAG,149.12658949378084,17.944500161308145,0.0,1296.9825516599635,22.731545238729833
KC-421b,TCO,930.8002304722456,160.65006798803006,0.0,1296.9825516599635,74.7397115713493
KC-421b,CLI,71.5102788607304,12.342209192396497,0.0,1296.9825516599635,5.742002893280453
KC-421b,TAI,2010.2744797908201,346.9603049938509,0.0,1296.9825516599635,161.41738031433613
KC-421c,HE,613.3707805983167,75.83953355876963,0.0,1296.9825516599635,61.03410790150142
KC-421c,H2O,28.451713915733713,3.356561502397301,0.0,1296.9825516599635,2.741575800872383
KC-421c,BRM,1550.5186077072801,182.92082799633712,0.0,1296.9825516599635,149.40626446204715
KC-421f,AMM,62.19613449857685,6.098533389881933,0.0,1296.9825516599635,5.199369139217219
KC-421f,F,588.90178497583,57.75600538097461,0.0,1296.9825516599635,56.08504309692973
KC-421a,H,1413.586673641277,262.0155525690216,0.0,1296.9825516599635,102.19061506238239
KC-421a,SIO,71.53319446642953,12.346164276949589,0.0,1296.9825516599635,5.743842929095194
KC-421e,GAL,88.38564594322312,8.20506822823574,0.0,1296.9825516599635,10.4150736584697
KC-421e,BOR,104.2940845111397,9.68188974672418,0.0,1296.9825516599635,12.28967170782406
KC-421e,BER,98.60838490387565,9.154071539310472,0.0,1296.9825516599635,11.619687576604079
KC-452a,SIO,677.4556385900325,79.92212781303868,0.0,1296.9825516599635,65.27887881987665
KC-452a,HE,160.4699045952018,19.841119107188465,0.0,1296.9825516599635,15.96772748524706
KC-452e,GAL,55.16894780141842,5.121476184961025,0.0,1296.9825516599635,6.500927258948191
KC-452b,GAL,167.67963846841906,15.73933344821021,0.0,1296.9825516599635,19.036205920022596
KC-452b,SIO,1474.0717745127893,138.36448717070317,0.0,1296.9825516599635,167.34729450053982
KC-452c,BER,146.23657632452225,17.252108740691234,0.0,1296.9825516599635,14.091195350872367
KC-220a,SIO,48.23335850830941,8.324764079312274,0.0,1296.9825516599635,3.8729548887192977
KC-220a,O,129.58549926094574,24.019338061760426,0.0,1296.9825516599635,9.367958908759807
KC-220b,HE,579.6334632780254,101.33917158512027,0.0,1296.9825516599635,49.67180711842798
KC-220b,FEO,37.18662234536957,6.030745749144478,0.0,1296.9825516599635,3.5206795804068007
KC-220b,SCR,699.4828450922124,113.43872953722608,0.0,1296.9825516599635,66.22421758795883
KC-220d,SIO,654.5338898818799,77.21795823263032,0.0,1296.9825516599635,63.070164372723546
OS-057a,SIO,34.36419231364169,5.573017758739346,0.0,1296.9825516599635,3.253463276448273
OS-057a,BRM,43.23789009565513,7.0121109541646085,0.0,1296.9825516599635,4.093589230714351
OS-057a,GAL,58.733780299066915,9.525159144062169,0.0,1296.9825516599635,5.560677682918747
OS-057d,BRM,57.51290249952838,6.785025147968075,0.0,1296.9825516599635,5.54187990915533
OS-057d,SIO,829.9753781678376,97.91548623561937,0.0,1296.9825516599635,79.97551285817394
OS-057b,HE,848.2364302316527,111.46725878260169,0.0,1296.9825516599635,119.60940947008919
OS-057c,ALO,87.75124496683999,10.352362304621968,0.0,1296.9825516599635,8.455613268502422
OS-057c,SIO,44.60717332219183,5.262485105378293,0.0,1296.9825516599635,4.298298066951005
OS-057c,MGS,43.74840667667057,5.161172999174895,0.0,1296.9825516599635,4.215548259296871
OS-189a,BRM,70.88924973417389,12.235023602902999,0.0,1296.9825516599635,5.69213662093038
OS-189a,GAL,185.45500408095566,32.00832793005447,0.0,1296.9825516599635,14.891330127240806
OS-189a,H,2424.5736489152873,449.4071826019781,0.0,1296.9825516599635,175.27660458800688
OS-189b,TAI,75.68854277984917,9.10765191326812,0.0,1296.9825516599635,11.537295529215012
OS-189b,MAG,80.98000856386639,9.744377455890504,0.0,1296.9825516599635,12.343880017312582
OS-189e,HE,575.7168824226393,63.20144858987529,0.0,1296.9825516599635,50.3736817208425
OS-189d,AR,308.9125213096454,30.289877995594633,0.0,1296.9825516599635,25.823955828828936
OS-189d,H,644.9711434709097,63.254956570403486,0.0,1296.9825516599635,61.424901911830105
OS-189c,AMM,110.7436748830056,10.858777710818869,0.0,1296.9825516599635,9.257765779051422
OS-209a,LIO,66.88994245506183,10.847885897644943,0.0,1296.9825516599635,6.332870255032615
OS-209a,LST,44.57819782166419,7.2294755495856045,0.0,1296.9825516599635,4.220484166172482
OS-209c,SIO,34.06313937692628,4.018563613496669,0.0,1296.9825516599635,3.2822865748654144
OS-209c,GAL,574.9951075194923,67.83445270407545,0.0,1296.9825516599635,55.405894951154885
OS-209c,HE,202.31138096811492,25.0145609337402,0.0,1296.9825516599635,20.131207821254296
OS-209f,HE,540.7224544414863,53.03086148672149,0.0,1296.9825516599635,51.49660424628031
AS-479a,SIO,30.82530788243284,2.893433000195371,0.0,1296.9825516599635,3.499512008481608
AS-479f,N,519.5358625288909,50.9530058107388,0.0,1296.9825516599635,49.478863850836035
AS-479f,AMM,597.6933799552221,58.60578095334391,0.0,1296.9825516599635,49.96497836251738
AS-479b,N,220.6384893680214,33.620020760636194,0.0,1296.9825516599635,25.32197121568327
AS-479b,GAL,163.1509934183709,19.632065868680225,0.0,1296.9825516599635,24.869301981777554
AS-479c,LST,1679.30492544772,198.11426054115185,0.0,1296.9825516599635,161.8159721248745
AS-479c,BRM,913.502564646441,107.76951961188638,0.0,1296.9825516599635,88.02410050540387
AS-479d,BER,188.86256922793828,17.53260102065188,0.0,1296.9825516599635,22.254943648885888
AS-479d,HE,130.78071632620902,11.91980280593953,0.0,1296.9825516599635,16.583780439769455
AS-479d,TAI,484.428976047662,44.97079540221661,0.0,1296.9825516599635,57.08351637860379
AS-479d,LIO,646.2224039386601,59.990497985807515,0.0,1296.9825516599635,76.14872149147375
AS-479d,TIO,524.0741997776129,48.65116411091936,0.0,1296.9825516599635,61.75517907844074
AS-479e,CLI,674.8968342476336,79.6202555190426,0.0,1296.9825516599635,65.0323152530889
AS-479e,AMM,173.94675694645665,20.521188620220943,0.0,1296.9825516599635,16.761317820678556
AS-479e,FEO,924.1356873150019,109.02395125369415,0.0,1296.9825516599635,89.04869648869585
AS-479e,LES,491.2545613425694,60.74061231690288,0.0,1296.9825516599635,48.88280441862545
AS-479g,O,125.02358156123124,13.831672945165217,0.0,1296.9825516599635,10.352220182604961
VB-576a,LES,465.4949453813184,86.28187970815861,0.0,1296.9825516599635,33.651431259190396
VB-576e,SIO,33.769359054776984,3.1697778415450015,0.0,1296.9825516599635,3.833742001268612
VB-576f,HE,1495.8471708421573,146.7038468083793,0.0,1296.9825516599635,142.45949865230253
VB-576d,HE,497.30768419076486,45.32632712185571,0.0,1296.9825516599635,63.06160172007765
VB-576d,BER,173.08742677787205,16.068153725713536,0.0,1296.9825516599635,20.39605277540815
VB-576c,TCO,1643.6375718253043,193.90644141236513,0.0,1296.9825516599635,158.37910523305962
VB-576c,SIO,40.88292221755324,4.8231204358151825,0.0,1296.9825516599635,3.9394333344048538
VB-576b,MGS,1124.9705414273121,132.71723530854953,0.0,1296.9825516599635,108.40092172323834
VB-576b,ALO,844.1026326597259,99.58213446294526,0.0,1296.9825516599635,81.33679953364232
VB-576b,HE,465.17667586377854,57.5162417836647,0.0,1296.9825516599635,46.28789685781379
VB-340a,SCR,819.7171457956409,98.63710090124722,0.0,1296.9825516599635,124.95046956997028
VB-340a,O,358.8113172850655,54.674250040544045,0.0,1296.9825516599635,41.17962316628647
VB-340a,BRM,65.42396192245414,7.872508177489413,0.0,1296.9825516599635,9.972653134397778
VB-340a,SIO,28.92642909216511,3.480736153575569,0.0,1296.9825516599635,4.409290346782082
VB-340a,FEO,30.821002551859266,3.708711418540036,0.0,1296.9825516599635,4.698082455911156
VB-340c,SCR,877.2391513467221,103.49138095957666,0.0,1296.9825516599635,84.52979795990537
VB-292a,BTS,737.4144476476816,159.73158609338086,0.0,1296.9825516599635,39.4612982541385
VB-292a,N,877.9286262970757,162.72858143381515,0.0,1296.9825516599635,63.46697233008699
VB-292a,O,73.1185596379087,13.552900691421875,0.0,1296.9825516599635,5.285866598208707
VB-292a,FEO,51.47822954188039,8.884807722502057,0.0,1296.9825516599635,4.13350566771113
VB-292g,HE,68.92977915676819,6.760225214890612,0.0,1296.9825516599635,6.564642412873413
VB-292d,MGS,65.48854616154016,7.725943454402459,0.0,1296.9825516599635,6.310404143755515
VB-292d,HEX,36.433503240151,5.13723544449614,0.0,1296.9825516599635,3.0582959725741006
VB-292b,LST,3109.6848518129273,539.305552807337,0.0,1296.9825516599635,234.66983844672916
VB-292b,H2O,97.25867873202027,18.100302778392454,0.0,1296.9825516599635,6.650588847411223
VB-292b,FEO,2657.0711384457213,460.80978859721915,0.0,1296.9825516599635,200.51371264744313
VB-292f,N,125.27385792993445,12.286119345000289,0.0,1296.9825516599635,11.93066467137197
VB-292f,AMM,645.4428062704335,63.28776759252461,0.0,1296.9825516599635,53.956655588122416
VB-292c,H2O,654.0840414364038,99.66674044623839,0.0,1296.9825516599635,75.06712594584569
VB-292c,TAI,126.94942866511093,15.275907877274053,0.0,1296.9825516599635,19.351053963801824
IV-102a,AMM,356.54405309087974,33.467186545912334,0.0,1296.9825516599635,40.47746092603707
IV-102a,H2O,46.049944667952424,4.322501175579775,0.0,1296.9825516599635,5.227922944680558
IV-102b,H2O,454.8131250228606,42.22147931471686,0.0,1296.9825516599635,53.593681953682434
IV-102b,SIO,59.00232120722217,5.4773381578330556,0.0,1296.9825516599635,6.952639366223074
IV-738a,CLI,70.6142015018114,8.330637338246039,0.0,1296.9825516599635,6.804306644185513
IV-738a,HAL,133.46871540404567,15.745833563014314,0.0,1296.9825516599635,12.860898341976686
IV-738a,SIO,38.46684588026835,4.5380863305025,0.0,1296.9825516599635,3.7066228809123607
IV-738d,HAL,130.58973505487234,12.25787104335376,0.0,1296.9825516599635,14.825491695069138
IV-738d,TIO,73.65754130660169,6.913902094429125,0.0,1296.9825516599635,8.362137088810124
IV-738b,CLI,102.03696851076866,12.037705754350846,0.0,1296.9825516599635,9.832169847202218
IV-738b,HE,1746.6797165182832,215.96622983588225,0.0,1296.9825516599635,173.80521156118698
IV-738c,LST,59.27878699736607,6.99335354395424,0.0,1296.9825516599635,5.71203859347031
IV-738c,AMM,719.0283596352649,84.82662655162486,0.0,1296.9825516599635,69.2847804092006
IV-738e,SIO,46.5865057073267,4.324745876601444,0.0,1296.9825516599635,5.4896005256804825
IV-738e,FEO,1301.754215489634,120.84521237019808,0.0,1296.9825516599635,153.39443294058438
IV-738e,HE,590.9792388249336,53.86387371993413,0.0,1296.9825516599635,74.9397175397691
KI-080f,HE,260.1656957360662,25.51551329309344,0.0,1296.9825516599635,24.77731368788235
KI-080f,HE3,896.42634317251,87.91619591039928,0.0,1296.9825516599635,85.37265699087126
KI-080c,FEO,632.7343874481312,74.64618449494789,0.0,1296.9825516599635,60.96958833992524
KI-080c,TCO,206.5391321079845,24.366240347610113,0.0,1296.9825516599635,19.901883176440347
KI-080c,HE,2236.0395077137587,276.4725654498477,0.0,1296.9825516599635,222.49947487341424
KI-080b,MAG,747.8469997156841,95.34846179550834,0.0,1296.9825516599635,101.64052034604634
KI-080b,H,219.11375476007967,30.284979469951605,0.0,1296.9825516599635,27.795916041864015
KI-080b,LIO,840.4155263705197,107.15069758781704,0.0,1296.9825516599635,114.22158735633236
KI-080g,AR,166.17061018942158,17.695392145619643,0.0,1296.9825516599635,13.008261671568066
KI-080h,H,834.4678762754369,81.8396757863328,0.0,1296.9825516599635,79.47193912110855
KI-080h,AR,374.18889047462307,36.690438418396866,0.0,1296.9825516599635,31.280821309179665
KI-080d,LIO,670.2875407185945,62.916876526649425,0.0,1296.9825516599635,76.09589194783406
KI-080d,N,685.3411164393979,62.75388606806607,0.0,1296.9825516599635,84.25998701704037
KI-080a,BRM,732.9452120758979,117.9739603681446,0.0,1296.9825516599635,67.33855222277552
KI-080a,GAL,2251.5233731838616,362.4024344788798,0.0,1296.9825516599635,206.85628577411492
YW-685a,TAI,219.18361758535966,37.829667327312016,0.0,1296.9825516599635,17.599609264367466
OF-098a,BRM,65.79753177939348,11.356226188772219,0.0,1296.9825516599635,5.283291071816288
OF-098a,FEO,1230.097915237539,212.30690243231214,0.0,1296.9825516599635,98.77217514517271
OF-098b,GAL,1075.7443291305565,185.66647703222156,0.0,1296.9825516599635,86.3781703652359
OF-098b,HE,1942.3875662847756,360.0315148503263,0.0,1296.9825516599635,140.4185422722347
OF-098c,AMM,650.5472892595949,120.5822823927439,0.0,1296.9825516599635,47.02918388821346
OF-098c,O,113.61888215150391,21.059843548550248,0.0,1296.9825516599635,8.213704660821506
OF-098c,FEO,48.01900973746055,8.28776887509692,0.0,1296.9825516599635,3.8557434992240585
OF-098c,BRM,54.36470884992813,9.382995284024945,0.0,1296.9825516599635,4.365278956841819
OF-098f,HE3,1542.7986483596326,151.3085701380179,0.0,1296.9825516599635,146.93100087425654
OF-098d,FEO,44.78597861273837,5.283579474471523,0.0,1296.9825516599635,4.315527547715582
OF-098e,GAL,66.90596246472155,7.893161675779906,0.0,1296.9825516599635,6.446984816824042
OF-098e,SIO,83.28193989341919,9.825100664203973,0.0,1296.9825516599635,8.024955956528299
HM-517b,MAG,1217.1105330783364,210.0653647118027,0.0,1296.9825516599635,97.72933784790085
HM-517d,H,412.10634558778116,54.155142401795075,0.0,1296.9825516599635,58.11091681262669
HM-517e,TAI,943.253455194965,111.27935013292183,0.0,1296.9825516599635,90.89086353499877
HM-517h,O,453.77607730410955,57.71657794394099,0.0,1296.9825516599635,33.735190321081255
OF-259d,HAL,135.55277508602225,15.991698347045917,0.0,1296.9825516599635,13.061716036425702
OF-259d,LIO,70.32999078503029,8.297107873084764,0.0,1296.9825516599635,6.776920412699307
OF-259c,GAL,717.7921642206571,115.53494441213937,0.0,1296.9825516599635,65.94638226583653
OF-259c,SIO,885.119350717352,142.46772266491564,0.0,1296.9825516599635,81.31938736984014
OF-259f,HE,128.3943422577008,14.094963460657816,0.0,1296.9825516599635,11.234160277583007
HV-512b,SIO,32.306715771345104,2.441958384844788,0.0,1296.9825516599635,6.919722619030742
HV-512b,H2O,22.991867066644424,1.904022574541982,0.0,1296.9825516599635,4.665422857428428
EL-179a,TS,84.77530877122226,13.64532949038181,0.0,1296.9825516599635,7.788640218720371
EL-179c,FEO,465.8168629400641,43.242984779917364,0.0,1296.9825516599635,54.890326218745436
EL-179c,AMM,860.4458303826568,79.87741300805617,0.0,1296.9825516599635,101.3921050971922
EL-179c,MGS,56.07826008492924,5.205889997264572,0.0,1296.9825516599635,6.6080776260722836
EL-179g,AMM,1542.5824424525038,151.2552284444217,0.0,1296.9825516599635,128.95424467527627
EL-179i,BRM,544.2233447913595,51.08379748555311,0.0,1296.9825516599635,61.78417220217813
EL-179i,H,334.980893282849,30.67283183192722,0.0,1296.9825516599635,41.18457953553311
EL-179i,MGS,669.5141198011713,62.8442789839404,0.0,1296.9825516599635,76.0080876086704
EL-179h,H,608.6185733900385,59.68971141956866,0.0,1296.9825516599635,57.96280430627861
YW-338e,AMM,62.374266926984184,6.115999854176233,0.0,1296.9825516599635,5.214260358075459
YW-338e,N,51.393705154500566,5.040390753058058,0.0,1296.9825516599635,4.894565175446641
QR-166b,GAL,87.91686966162153,10.37190170657141,0.0,1296.9825516599635,8.471572681583295
QR-166c,SIO,77.70805981195254,9.167527930419242,0.0,1296.9825516599635,7.4878630139529445
QR-166c,BER,218.58118665068605,25.786889269060453,0.0,1296.9825516599635,21.062242282567837
QR-166a,TAI,822.7640826154452,97.06474110633619,0.0,1296.9825516599635,79.28064036515183
QR-166a,GAL,72.63105360845383,8.568573378135762,0.0,1296.9825516599635,6.998648290733973
QR-166a,CLI,111.64439893885299,13.171132415654201,0.0,1296.9825516599635,10.757931256451988
QR-166d,MGS,1742.0475309951146,205.5162544935803,0.0,1296.9825516599635,167.8617804569095
QR-166d,BER,201.51932294892438,23.774033557446764,0.0,1296.9825516599635,19.418179897395834
QR-166d,AMM,506.596916320541,59.76524688779416,0.0,1296.9825516599635,48.81512061784522
QR-166e,H,35.36649120530686,3.468536364588757,0.0,1296.9825516599635,3.3681867402019017
YP-951a,GAL,329.487209632566,30.927482350840187,0.0,1296.9825516599635,37.405772268291756
YP-951a,MAG,181.57211619402437,17.043357844626815,0.0,1296.9825516599635,20.613380519989057
YP-951c,LIO,439.13357799286456,40.76590638999567,0.0,1296.9825516599635,51.746055729920364
YP-951f,H,72.2867029850601,7.089452457253798,0.0,1296.9825516599635,6.884344649114027
YP-951d,CLI,59.063998050966454,6.968014040303927,0.0,1296.9825516599635,5.691341767279519
YP-951e,SIO,33.526154110234174,3.1469492873247242,0.0,1296.9825516599635,3.8061316160878453
YP-951e,HE,176.28575693471743,16.1417665462397,0.0,1296.9825516599635,21.67363847623739
YP-951e,BRM,946.9094924405198,88.88213490276463,0.0,1296.9825516599635,107.50001759525959
WC-702b,HE,296.52135371876415,24.555785299113335,0.0,1296.9825516599635,60.168993555208644
WC-702b,CLI,22.139030101954265,1.673416467722477,0.0,1296.9825516599635,4.741922652991384
WC-702b,LST,22.783857219147823,1.722156828604431,0.0,1296.9825516599635,4.880037118720094
WC-702a,SIO,2035.540197386688,351.32100358057477,0.0,1296.9825516599635,163.44612115897502
WC-702a,ALO,617.9455809457208,106.65338956938827,0.0,1296.9825516599635,49.618675387779895
WC-702a,HE,665.5698430620463,123.36678992167235,0.0,1296.9825516599635,48.115190173859716
WC-702d,GAL,58.542820138921755,6.906528615536542,0.0,1296.9825516599635,5.64112163798106
WC-702d,BRM,655.8106422705673,77.36858177427894,0.0,1296.9825516599635,63.19319082599445
WC-702d,HE,919.2168417741826,113.65552244193532,0.0,1296.9825516599635,91.46764352060626
WC-702e,CLI,819.9995219861095,76.12267753678837,0.0,1296.9825516599635,96.6260452164529
WC-702e,SIO,1123.4830703125197,104.2958406515871,0.0,1296.9825516599635,132.38754784758981
WC-702e,ALO,1079.9794653022664,100.2572884243098,0.0,1296.9825516599635,127.26122619484299
WC-702c,H2O,288.62083032709165,43.978901121661046,0.0,1296.9825516599635,33.12408627670961
WC-702c,HE,332.28366629773444,43.66559617148956,0.0,1296.9825516599635,46.85515934699253
WC-702i,HE,543.3816402654722,53.2916587107704,0.0,1296.9825516599635,51.74985624066358
WC-702f,F,636.0040801676674,62.3755200164544,0.0,1296.9825516599635,60.57090869149051
WC-702f,HE3,147.61939000313427,14.477637020079907,0.0,1296.9825516599635,14.05877866477865
QV-164a,HE,691.0888381244115,63.28018146041933,0.0,1296.9825516599635,84.9666467269859
QV-164c,BER,87.12812682383277,8.17832536689618,0.0,1296.9825516599635,9.891415432391364
QV-164c,TAI,91.54704514087419,8.593109353238193,0.0,1296.9825516599635,10.393083015857696
QV-164c,HE,329.1477317158483,30.138713058645425,0.0,1296.9825516599635,40.46741532910506
QV-164h,H,34.770991744245535,3.4101332981439207,0.0,1296.9825516599635,3.311473356425702
QV-164h,HE,939.042054879197,92.09569296311494,0.0,1296.9825516599635,89.43123532880917
QV-164b,NE,1740.0173543186297,159.326280286037,0.0,1296.9825516599635,213.92827041521466
QV-164b,FEO,774.1523598865964,72.66619992306842,0.0,1296.9825516599635,87.88737780495782
QV-164b,BER,150.26913547461473,14.105087843773513,0.0,1296.9825516599635,17.05963963452425
QV-164d,SIO,36.99295507176877,4.364205587809837,0.0,1296.9825516599635,3.5646003867428213
QV-164d,HAL,96.9179305435226,11.43379254824109,0.0,1296.9825516599635,9.338904989544982
QV-164d,GAL,557.1828751392454,65.73307302423026,0.0,1296.9825516599635,53.68952786698442
QV-164e,FEO,38.25104793851637,4.512627791669776,0.0,1296.9825516599635,3.685828829041267
QV-164e,O,79.78113754877509,11.249384527099641,0.0,1296.9825516599635,6.696976956745375
QV-164e,GAL,86.5904969938202,10.215424263850045,0.0,1296.9825516599635,8.343764872895475
UQ-194b,SIO,1875.7969184094998,176.0726194882202,0.0,1296.9825516599635,212.95403979364107
YA-462a,HE,240.4416994268904,44.56710431040648,0.0,1296.9825516599635,17.381944531060082
YA-462c,FEO,438.8587555589744,41.19369741908293,0.0,1296.9825516599635,49.8224215947301
YA-462c,LST,827.2557779334707,77.650778918549,0.0,1296.9825516599635,93.91606208786041
YA-462c,GAL,649.1707223965062,60.93473577317195,0.0,1296.9825516599635,73.69855792668105
YA-997a,HE,1918.1519007039751,335.35662950247416,0.0,1296.9825516599635,164.3764159108134
YA-997a,FEO,617.4944654780085,100.14225245346712,0.0,1296.9825516599635,58.461888133632556
YA-997d,HE,488.6270964262393,60.415742401348496,0.0,1296.9825516599635,48.62135574470219
YA-997d,TAI,141.30691426426256,16.67053696120887,0.0,1296.9825516599635,13.616178546931671
YA-997d,GAL,54.95198122694473,6.4829031113244024,0.0,1296.9825516599635,5.295112357307704
YA-997b,CLI,46.72346827098727,7.57738508874361,0.0,1296.9825516599635,4.423589729114858
YA-997b,H2O,955.2594153023042,167.01105772630066,0.0,1296.9825516599635,81.8611492107709
YA-997c,LIO,83.65798037938629,9.869463651343459,0.0,1296.9825516599635,8.061190803382484
YA-997c,HE,403.59423134673904,49.901950370850194,0.0,1296.9825516599635,40.160070618968774
YA-997c,O,1381.3050993691832,170.7899002562892,0.0,1296.9825516599635,137.44822405389982
YA-997g,HE,741.4321345527879,81.39345286807044,0.0,1296.9825516599635,64.87332142563262
GM-332a,SIO,676.4774319258812,79.80672489425487,0.0,1296.9825516599635,65.18461990364294
GM-332g,O,850.0329405933203,94.04127989363027,0.0,1296.9825516599635,70.38454708785864
GM-332e,AMM,557.4489423915985,65.76446203295369,0.0,1296.9825516599635,53.71516581423133
GM-332b,FEO,38.413229304849686,3.5659994781915443,0.0,1296.9825516599635,4.526488531030211
GM-332b,AMM,316.1093617213645,29.345250044039712,0.0,1296.9825516599635,37.24928693257219
GM-332b,HE,124.40728053131508,11.33890601927597,0.0,1296.9825516599635,15.77559049526838
GM-332b,BRM,75.41058091231609,7.00055936587164,0.0,1296.9825516599635,8.886134693571037
GM-332h,AR,192.3335663712065,18.85893208583107,0.0,1296.9825516599635,16.078382000555354
AU-130a,SIO,48.32405796411951,7.778180967906522,0.0,1296.9825516599635,4.439720796615734
AU-130a,GAL,86.36242868630815,13.900790360958378,0.0,1296.9825516599635,7.934455152121902
AU-130a,O,853.3608635107046,147.95809918517577,0.0,1296.9825516599635,71.60959163233376
AU-130b,FEO,17.583085708267152,1.380673649782694,0.0,1296.9825516599635,3.523010116735606
AU-130b,HE,127.69427218393669,10.710396841423988,0.0,1296.9825516599635,24.67174657509765
AU-130d,O,582.3355129067678,72.00221313195914,0.0,1296.9825516599635,57.94591078329137
AU-130d,SCR,816.9350702208379,96.37706940196426,0.0,1296.9825516599635,78.71896315402245
IV-524a,LIO,257.521763834211,44.4465821064244,0.0,1296.9825516599635,20.67801631564806
IV-524a,FEO,1122.9094204770195,193.80686514496048,0.0,1296.9825516599635,90.16534747163014
IV-524e,BRM,545.028357430255,50.59639278883819,0.0,1296.9825516599635,64.22434806028703
IV-524e,HE,128.93878842536353,11.751923182875888,0.0,1296.9825516599635,16.35021291734271
IV-524b,H2O,20.83350925690595,1.6359061054903234,0.0,1296.9825516599635,4.174276637045293
IV-524b,BOR,373.4826964952053,29.32691828137237,0.0,1296.9825516599635,74.83233261836695
IV-524c,GAL,972.1711058788215,91.25332893071516,0.0,1296.9825516599635,110.36789875051441
IV-524c,SIO,56.048487107622485,5.26101938143628,0.0,1296.9825516599635,6.363029833746831
IV-524c,HE,958.6346642548806,87.7782596994807,0.0,1296.9825516599635,117.86035074599768
IV-876a,FEO,1221.5026398450575,210.82341378354224,0.0,1296.9825516599635,98.0820072845734
IV-876a,MGS,44.11916946738993,7.614681800106143,0.0,1296.9825516599635,3.542601186386929
IV-876a,N,905.7310133821139,167.88189672084988,0.0,1296.9825516599635,65.4768547726711
IV-876a,GAL,121.55000495365103,20.97874057233775,0.0,1296.9825516599635,9.760002215644962
IV-876c,BRM,44.94169763323702,4.218475011272048,0.0,1296.9825516599635,5.102106721817756
IV-876c,FEO,490.018403073729,45.99582341769829,0.0,1296.9825516599635,55.6304349813409
IV-876d,H2O,109.35965742568258,10.265099148153501,0.0,1296.9825516599635,12.415299657808532
IV-876d,LIO,91.61560441170984,8.599544703615285,0.0,1296.9825516599635,10.400866360390609
IV-876d,O,49.12706948377466,4.498365043760468,0.0,1296.9825516599635,6.039979416956706
IV-876d,SIO,67.87056581303054,6.370704734380594,0.0,1296.9825516599635,7.70515775514766
HP-454a,GAL,56.75173708716705,9.134689839888752,0.0,1296.9825516599635,5.214004742255815
HP-454a,H,1308.0512700865675,226.7935967470527,0.0,1296.9825516599635,109.76483840576267
HP-454c,GAL,963.1603336729974,166.23521140453187,0.0,1296.9825516599635,77.33810454597953
HP-454c,SIO,53.635495836629914,9.257137859059894,0.0,1296.9825516599635,4.306725930635185
HP-454b,AMM,1064.695659788281,184.59991870837015,0.0,1296.9825516599635,89.34370518996805
HP-454b,SIO,696.3266952680879,112.07988891580604,0.0,1296.9825516599635,63.974265416945414
HP-454e,FEO,525.4317466186616,61.98726649863726,0.0,1296.9825516599635,50.63002411054167
HP-454e,GAL,1235.9114447741115,145.80537355983148,0.0,1296.9825516599635,119.09106491964913
HP-454d,GAL,73.90283527045652,8.718610503448357,0.0,1296.9825516599635,7.121195770258984
HP-454d,HE,177.3351653587124,21.926405120330468,0.0,1296.9825516599635,17.64592308534228
EW-652a,MAG,1201.0191992637958,193.3145739693511,0.0,1296.9825516599635,110.34234583663047
EW-652a,TIO,117.20402405470385,18.865015639647684,0.0,1296.9825516599635,10.767993520516846
EW-652a,FEO,535.0324482890945,86.1181651918518,0.0,1296.9825516599635,49.15553013567382
EW-652a,GAL,76.0777300788123,12.245377915487097,0.0,1296.9825516599635,6.989559540736627
EW-652a,N,178.59420541809675,30.965164081276082,0.0,1296.9825516599635,14.986693982282219
EW-652c,GAL,767.5138753674383,72.04307524083403,0.0,1296.9825516599635,87.13372900503288
EW-652c,SCR,562.6414724923661,52.81262428900819,0.0,1296.9825516599635,63.87513133579809
EW-652d,MGS,1253.4468529295093,147.8740951882562,0.0,1296.9825516599635,120.78075752655649
EW-652d,N,219.59441009296393,30.963483788722808,0.0,1296.9825516599635,18.4331628929657
EW-652b,AMM,78.63549680850791,11.982166134283505,0.0,1296.9825516599635,9.024743563189883
EW-652b,MGS,30.664320273201326,3.6898577373541674,0.0,1296.9825516599635,4.674199187893625
EW-652b,TAI,71.7276567601443,8.631035904943985,0.0,1296.9825516599635,10.93353291352045
EW-652b,SIO,585.5020908792951,70.4538499800395,0.0,1296.9825516599635,89.24878729791278
EW-652e,ALO,78.89807806082192,9.307919101690523,0.0,1296.9825516599635,7.602531861086708
EW-652e,FEO,34.74182395957926,4.0986307247136065,0.0,1296.9825516599635,3.3476838733809755
YP-278a,TAI,887.514628426691,104.70361973322454,0.0,1296.9825516599635,85.51993160838423
YP-278a,BRM,1417.6242078424013,167.24274871465386,0.0,1296.9825516599635,136.60070653256403
YP-278b,TIO,109.32115706367951,12.89705035992776,0.0,1296.9825516599635,10.534066229430652
YP-278d,TCO,735.1075747788597,86.72355531660541,0.0,1296.9825516599635,70.8341558621262
YP-278c,GAL,61.51500986805321,5.774137284805654,0.0,1296.9825516599635,6.983629054287545
YP-278c,TAI,1118.9568051558972,105.03144228695149,0.0,1296.9825516599635,127.03207350110105
YP-278f,HE,85.87430884817854,8.422044508026813,0.0,1296.9825516599635,8.178382941846271
YP-278e,MAG,114.16999682591761,13.469087212450082,0.0,1296.9825516599635,11.001295085795208
YP-278e,MGS,65.32082216837267,7.706156389898657,0.0,1296.9825516599635,6.294242444595474
IC-945d,HE,1718.037516224864,318.44708042444506,0.0,1296.9825516599635,124.19989078633607
OE-462a,AMM,849.7461918093587,184.06380215019618,0.0,1296.9825516599635,45.47251280778848
OE-462a,BRM,1037.9382303768616,179.14139019155562,0.0,1296.9825516599635,83.34248470038006
OE-462d,BER,1244.4029757337848,146.80715313627704,0.0,1296.9825516599635,119.90929948577575
OE-462d,LIO,589.7414363985398,69.5741355915,0.0,1296.9825516599635,56.82683495238785
OE-462e,LIO,163.9879183958131,19.346304949357272,0.0,1296.9825516599635,15.801695111969225
OE-462e,ALO,101.03294971547216,11.91925767611005,0.0,1296.9825516599635,9.735423702454717
OE-462g,HE3,167.91829330234222,16.468433445030556,0.0,1296.9825516599635,15.991978555492535
OE-462c,N,88.2880572306177,8.08417669934297,0.0,1296.9825516599635,10.854668394420456
OE-462c,LST,553.3395683462576,51.9394963863233,0.0,1296.9825516599635,62.81911186682134
OE-462c,AMM,1354.2721620703333,127.11943640353267,0.0,1296.9825516599635,153.7467756037686
OE-462c,CUO,841.1327408524336,78.95334700985092,0.0,1296.9825516599635,95.4914753347088
OE-462b,LIO,2517.819705667467,297.037173895778,0.0,1296.9825516599635,242.6143323548719
OE-462b,MGS,658.4759384176001,77.68301732871039,0.0,1296.9825516599635,63.450015825729274
OE-462b,HE,246.33733539995274,30.458100068964832,0.0,1296.9825516599635,24.51205695566895
OE-462i,HE,526.8367077543234,65.14012639915988,0.0,1296.9825516599635,52.42344351027501
OE-462i,BER,134.3118926559534,15.845306526640778,0.0,1296.9825516599635,12.94214597284077
IZ-768a,TCO,144.75160233590486,23.299039977128775,0.0,1296.9825516599635,13.298897615579769
IZ-768a,MAG,244.64551871306924,39.37784196332417,0.0,1296.9825516599635,22.476543630415453
IZ-768a,HE,2305.1921147720973,399.6806722014111,0.0,1296.9825516599635,193.4396959497253
IZ-768g,HE,846.0258616722072,82.9732146612345,0.0,1296.9825516599635,80.57268312567656
IZ-768d,HE,632.7283254795186,78.23297521114387,0.0,1296.9825516599635,62.9603008672553
IZ-768d,BRM,110.82634990969952,13.074623928100074,0.0,1296.9825516599635,10.679104953442732
IZ-768d,H,196.799165391473,24.33300929901751,0.0,1296.9825516599635,19.58270898348292
IZ-768e,HE,596.6486252913263,58.515769678455435,0.0,1296.9825516599635,56.822826347115466
IZ-768c,ALO,49.6009082460161,4.604580664630278,0.0,1296.9825516599635,5.844807801043901
IZ-768c,MGS,702.685125170641,65.2320785062221,0.0,1296.9825516599635,82.80210275392986
IZ-768c,HE,187.75990524387473,17.113081410155573,0.0,1296.9825516599635,23.809083872805815
IZ-768f,H,36.59591689624998,3.5891111677786176,0.0,1296.9825516599635,3.485273145134172
IZ-768h,AMM,50.06305171051855,4.908845138325585,0.0,1296.9825516599635,4.18508783829101
LS-923a,HE,1459.4017395031133,188.49504579640657,0.0,1296.9825516599635,134.62038516425338
LS-923a,LES,1259.3119031455535,162.65161842016198,0.0,1296.9825516599635,116.16339000740359
LS-923d,FEO,40.91336353864194,4.826711719164617,0.0,1296.9825516599635,3.9423666265604878
LS-923d,SIO,60.3802267257194,7.123294755944191,0.0,1296.9825516599635,5.818172111975256
LS-923d,BER,508.6086460167288,60.00257861661209,0.0,1296.9825516599635,49.00896867456687
LS-923c,H2O,117.98594206885265,11.074809687001068,0.0,1296.9825516599635,13.394617911903183
LS-923b,SIO,37.13584754745738,3.485774974052172,0.0,1296.9825516599635,4.2159301354953
LS-923e,H2O,98.53067639156768,11.62405457051264,0.0,1296.9825516599635,9.494307402315366
LS-923e,SIO,46.00476548702702,5.427364594551834,0.0,1296.9825516599635,4.43296850789348
LS-923e,BER,528.1983253561576,62.31365076185364,0.0,1296.9825516599635,50.8966085890863
FA-042a,AMM,859.1237203956797,79.7546781167442,0.0,1296.9825516599635,101.23631200712629
FA-042a,CLI,53.29659827073994,4.947661132953702,0.0,1296.9825516599635,6.280295751780791
FA-042a,HE,1040.8451626268418,94.86619616826229,0.0,1296.9825516599635,131.98541905631436
FA-042a,TAI,134.54052619384177,12.489745196774804,0.0,1296.9825516599635,15.853812860724737
FA-042d,BOR,2022.3858006188152,187.7433071943834,0.0,1296.9825516599635,238.3112874778191
FA-042d,LIO,2063.345442351786,191.54569672762275,0.0,1296.9825516599635,243.13783686964507
FA-042d,TAI,90.5702806532714,8.407873521543575,0.0,1296.9825516599635,10.672503823505979
FA-042c,BER,1781.213993211392,167.1945457292496,0.0,1296.9825516599635,202.2163017054928
FA-042c,TS,646.3703680233,60.67187910401621,0.0,1296.9825516599635,73.38064143434896
FA-042c,AMM,902.679496856368,82.65467362589321,0.0,1296.9825516599635,110.9808836230706
FA-042c,H2O,74.61246639624231,7.003536617387297,0.0,1296.9825516599635,8.470547095001892
FA-042g,HE,86.43096446898855,9.488278569274263,0.0,1296.9825516599635,7.562477370239904
FA-042h,LES,692.3098520184972,67.89765723009849,0.0,1296.9825516599635,65.93328272638887
FA-042e,F,1232.8195164167703,120.90764952743326,0.0,1296.9825516599635,117.40962155821693
FA-042f,AMM,52.09247982841397,5.107837169568841,0.0,1296.9825516599635,4.3547405990536046
RG-716c,TCO,154.35657343178596,18.21005699542701,0.0,1296.9825516599635,14.873629324388359
RG-716c,CLI,828.5621570681768,97.74876293903532,0.0,1296.9825516599635,79.8393364302938
RG-716c,LST,39.414737545468235,4.649912868660321,0.0,1296.9825516599635,3.7979606772524095
RG-716a,BER,583.9847794475525,54.81602451173979,0.0,1296.9825516599635,66.29817798549433
RG-716b,FEO,31.85114218077365,2.9897234516280755,0.0,1296.9825516599635,3.615972141157261
RG-716b,AMM,231.8379317627139,21.76158385887748,0.0,1296.9825516599635,26.319919636148175
RG-716d,AMM,370.5744632411573,43.718138765586396,0.0,1296.9825516599635,35.70814692753561
RG-716d,GAL,86.28514771581202,10.179400998805882,0.0,1296.9825516599635,8.314341752942825
RG-716d,HE,528.1804758359225,65.30627507748498,0.0,1296.9825516599635,52.55715657369631
RG-716d,H2O,55.64814617121064,6.565032450110888,0.0,1296.9825516599635,5.362194044205998
RG-716d,BRM,85.70335079611469,10.110764109349828,0.0,1296.9825516599635,8.258280442865393
YA-471b,GAL,144.4283441351929,24.927393166786704,0.0,1296.9825516599635,11.597045671030017
YA-471b,LIO,748.5285037048377,129.19115302555375,0.0,1296.9825516599635,60.10398648209336
IC-530b,N,611.7051174813093,56.01133848368699,0.0,1296.9825516599635,75.20673139386926
IC-530b,O,1454.71328742255,133.2021524914431,0.0,1296.9825516599635,178.85126073940864
IC-530f,O,877.5908411780044,97.09007967350257,0.0,1296.9825516599635,72.66640024756249
IC-530d,HEX,502.745342908903,70.8886317662896,0.0,1296.9825516599635,42.201378421228945
IC-530d,FEO,38.26614921485592,4.514409349116493,0.0,1296.9825516599635,3.6872839713886654
IC-530d,HAL,161.89785423126324,19.09973179270857,0.0,1296.9825516599635,15.600298832196016
IC-530d,BOR,135.0813559121491,15.936083157915272,0.0,1296.9825516599635,13.01629060430637
IC-530c,O,204.22509662936974,20.029190063229386,0.0,1296.9825516599635,19.44971748795589
IC-530g,NE,267.12569651256615,26.198109020521258,0.0,1296.9825516599635,25.44016096303653
IC-530g,AMM,925.9429381729416,90.79171834549103,0.0,1296.9825516599635,77.40543968247206
IC-530h,HE,83.01733327628119,8.141849234870039,0.0,1296.9825516599635,7.906294111136894
IC-530a,ALO,35.806806030172275,4.308656415770525,0.0,1296.9825516599635,5.458074471442466
IC-530a,BRM,343.0644470982033,41.281169556617094,0.0,1296.9825516599635,52.29372592429514
IC-530a,LST,987.9814891439462,118.88445951519847,0.0,1296.9825516599635,150.5992056261696
IC-530i,AMM,415.101585817863,38.53495436886113,0.0,1296.9825516599635,48.91420485649694
YA-711a,BOR,250.45907181727907,43.22760738386446,0.0,1296.9825516599635,20.1109090599967
YA-711d,TCO,222.55131338666123,26.255260861755367,0.0,1296.9825516599635,21.444799320009682
YA-711d,TIO,119.59451426994772,14.109039043669828,0.0,1296.9825516599635,11.523995609215666
YA-711c,SIO,53.28417696781785,5.001546022344753,0.0,1296.9825516599635,6.049205343613293
YA-711c,H2O,85.11925113966487,7.989761242248004,0.0,1296.9825516599635,9.6633533281261
YA-711c,BOR,452.6181340421362,42.48522838828526,0.0,1296.9825516599635,51.384485805563465
YA-711c,GAL,64.28983283213704,6.0345974354260985,0.0,1296.9825516599635,7.298647036306009
YA-711b,O,142.66411997633037,24.735505125914315,0.0,1296.9825516599635,11.971628661364234
YA-711b,H2O,217.36320940185823,37.687042693263656,0.0,1296.9825516599635,18.239986536440526
YA-711b,TIO,93.13844155013868,14.991449062155818,0.0,1296.9825516599635,8.556994038488215
YA-471g,N,819.3024494871755,80.35234038757264,0.0,1296.9825516599635,78.02763442259607
YA-471c,H2O,1070.4624093568736,126.28669484209117,0.0,1296.9825516599635,103.14857818155696
YA-471c,TAI,1901.5149006943386,224.32925238911218,0.0,1296.9825516599635,183.22788047784343
YA-471d,BOR,465.8554907346816,43.246570698048764,0.0,1296.9825516599635,54.89487799094683
YA-471d,BRM,48.10415215864756,4.46563292388768,0.0,1296.9825516599635,5.668434989233257
YA-471f,N,39.08342956144942,3.833071703375225,0.0,1296.9825516599635,3.722175560088807
YA-471f,HE,702.872571487632,68.93358630700239,0.0,1296.9825516599635,66.93924092138995
YA-646a,BRM,64.48634554739672,11.183719859486235,0.0,1296.9825516599635,4.866409624372416
YA-646a,SIO,85.17902910011016,14.772404782319294,0.0,1296.9825516599635,6.427966160724825
XD-354d,FEO,38.66405093828586,4.5613513931198195,0.0,1296.9825516599635,3.7256253429950217
XD-354d,CLI,754.3934429341825,88.99878565183909,0.0,1296.9825516599635,72.69252086572656
XD-354d,SCR,134.7935629445027,15.902131080415703,0.0,1296.9825516599635,12.988559191074202
XD-354d,GAL,150.66878288027533,17.774993721883412,0.0,1296.9825516599635,14.518277890564322
XD-354f,H,1951.7572916990093,191.41681604234054,0.0,1296.9825516599635,185.87885894110252
XD-354c,SIO,34.21214801571996,4.116770172715496,0.0,1296.9825516599635,5.2149988340335
HV-194d,HE,775.230710385558,70.98470894136562,0.0,1296.9825516599635,95.31155803355945
HV-194d,AMM,1070.1656183298949,100.45163303996881,0.0,1296.9825516599635,121.49294491049994
HV-194d,GAL,52.642073917990885,4.941274697205637,0.0,1296.9825516599635,5.976309159019701
HV-194b,GAL,44.92188390936976,5.405479705492556,0.0,1296.9825516599635,6.847496745960211
HV-194b,BRM,36.035123795362416,4.336130041957456,0.0,1296.9825516599635,5.492877222754912
HV-194c,AMM,460.91683805984695,64.99068458606783,0.0,1296.9825516599635,38.690215987151305
HV-194c,FEO,766.8625397428692,90.46981444264095,0.0,1296.9825516599635,73.89402929402992
IC-685c,BOR,106.40579243661512,12.553113235379223,0.0,1296.9825516599635,10.253144906520149
IC-685b,SIO,57.40715105508292,6.772549230759719,0.0,1296.9825516599635,5.531689816500186
IC-685b,GAL,519.8007778583232,61.32295878704798,0.0,1296.9825516599635,50.08743016577846
IC-685b,AMM,551.7942119826371,65.09735106546083,0.0,1296.9825516599635,53.17028222319069
IC-685d,BRM,704.9039093555613,83.16030914832913,0.0,1296.9825516599635,67.92376394452826
IC-685d,LIO,553.9565290463418,65.35244818310737,0.0,1296.9825516599635,53.37864071270818
IC-685d,FEO,948.0155144065751,111.84114913979951,0.0,1296.9825516599635,91.34973031313166
IC-685f,HE,99.12551151564493,9.721644122244292,0.0,1296.9825516599635,9.440383315510452
IC-685e,N,45.220420953668416,4.434009433444353,0.0,1296.9825516599635,3.7802616362644716
EM-759a,HE,85.75711501013465,11.26939399274967,0.0,1296.9825516599635,12.09256938118002
EM-759a,FEO,672.9123640427207,80.97198538570767,0.0,1296.9825516599635,102.5728402752459
EM-759a,GAL,400.98569931170346,48.25087176208241,0.0,1296.9825516599635,61.122732001913306
EM-759b,FEO,39.72011294694901,3.6873208685073244,0.0,1296.9825516599635,4.680487398722564
EM-759d,AR,147.31600907494456,14.447883212283704,0.0,1296.9825516599635,14.029885676395187
HV-512e,HE,451.1084982809917,44.242054479745995,0.0,1296.9825516599635,42.962069759253765
HV-512e,F,261.46998845342114,25.643430611606934,0.0,1296.9825516599635,24.90153017886627
HV-512d,SIO,40.58489137245507,4.787960555319184,0.0,1296.9825516599635,3.910715410582948
HV-512g,HE3,1381.0408449941485,135.4443211241098,0.0,1296.9825516599635,131.52572684644866
HV-512c,H,175.81199301693223,32.587656178118735,0.0,1296.9825516599635,12.709751751877977
HV-512c,BRM,2276.798965267475,392.9606983226921,0.0,1296.9825516599635,182.81828087182845
HV-512f,AMM,81.14990823095643,7.957012584820148,0.0,1296.9825516599635,6.78383523201106
IV-942a,HE,916.6734413575304,169.91013196520177,0.0,1296.9825516599635,66.26790173564453
IV-942a,H2O,39.53439103562524,8.56355744791897,0.0,1296.9825516599635,2.115605953923368
IV-942a,TAI,242.511105515789,41.855840075584865,0.0,1296.9825516599635,19.472717652748354
IV-942d,AMM,61.3484264764537,6.015412859651762,0.0,1296.9825516599635,5.128503852092424
IV-942b,AMM,117.99474764340124,17.979573177734693,0.0,1296.9825516599635,13.541878445534115
IV-942c,NE,1286.1270700737161,117.22203004623844,0.0,1296.9825516599635,163.08863834745713
IV-942c,HE,109.1012712123195,9.94386386051287,0.0,1296.9825516599635,13.834696569269765
IV-942c,FEO,466.17278493713656,43.276025939924104,0.0,1296.9825516599635,54.93226689561236
UX-974a,LIO,65.64869197255119,11.330537405824229,0.0,1296.9825516599635,5.271339802500332
UX-974a,CLI,96.5422608824186,16.66256653869742,0.0,1296.9825516599635,7.7519756619925735
UX-974b,H2O,159.4459299684903,27.64518239551836,0.0,1296.9825516599635,13.379870604223054
UX-974b,LST,37.953949189801364,6.109021006973355,0.0,1296.9825516599635,3.486978218111825
UX-974b,BRM,652.5548080055942,105.03441974831036,0.0,1296.9825516599635,59.9527704023772
UX-974c,CUO,65.20095422979614,6.1201203028448345,0.0,1296.9825516599635,7.402084130412364
UX-974c,ALO,78.3195679089961,7.351505562028038,0.0,1296.9825516599635,8.89140408400655
UX-974c,BRM,53.71343582372782,5.041838620363663,0.0,1296.9825516599635,6.097937915133207
UX-974e,TCO,640.6387416091288,75.57869249628298,0.0,1296.9825516599635,61.73124319676437
UX-974d,ALO,2063.2615848082532,243.41115004368382,0.0,1296.9825516599635,198.813612724112
UX-974d,MAG,105.16856058072571,12.407152087684656,0.0,1296.9825516599635,10.133926608240444
UX-974d,HE,520.0646557380145,64.30280371865722,0.0,1296.9825516599635,51.74958331583472
UX-974d,FEO,37.136954558334715,4.3811937782015935,0.0,1296.9825516599635,3.578476018589695
AX-908d,AMM,1556.244659731992,152.5948533090616,0.0,1296.9825516599635,130.09635602140625
AX-908b,HE,539.5565962480072,44.68223204846382,0.0,1296.9825516599635,109.48478736916768
AX-908b,TAI,62.80472263748465,4.747202412585913,0.0,1296.9825516599635,13.4520408354854
AX-908b,BOR,779.080839572421,58.88815818143992,0.0,1296.9825516599635,166.87005097634795
AX-908c,BRM,72.66490227853942,8.572566639956582,0.0,1296.9825516599635,7.001909911284259
XU-210b,O,71.44118522244202,13.241990725638503,0.0,1296.9825516599635,5.164606313004616
XU-210c,GAL,1390.0100215703405,225.42507224771842,0.0,1296.9825516599635,131.60054855352791
XU-210c,SIO,1150.242969877461,186.54081665837506,0.0,1296.9825516599635,108.90037011006748
XU-210e,HEX,79.0985217826628,11.153133615252681,0.0,1296.9825516599635,6.639676920716557
XU-210d,N,531.8614340628941,69.89223050816568,0.0,1296.9825516599635,74.99752401674633
XU-210d,LST,24.505092544546454,2.9487138317263226,0.0,1296.9825516599635,3.735340703804197
XU-210d,TIO,416.78254280416576,50.15171628324321,0.0,1296.9825516599635,63.53066383819403
XU-210g,O,75.86121657858621,7.440019617362736,0.0,1296.9825516599635,7.224769409333938
XU-210h,LES,1390.6081085914782,136.3826217744148,0.0,1296.9825516599635,132.43688114223323
XU-210j,HAL,118.25120100678387,13.950563051743657,0.0,1296.9825516599635,11.394555423426212
XU-210j,BRM,747.8011131850885,88.2210623725859,0.0,1296.9825516599635,72.05729123544783
XU-210i,NE,741.6640336494545,72.73802357398414,0.0,1296.9825516599635,70.63361047951251
XU-499a,HE,777.6754489724567,134.83554980430557,0.0,1296.9825516599635,65.25846649951373
XU-499a,FEO,35.69501459684584,5.745425671670216,0.0,1296.9825516599635,3.279441034500591
XU-499a,SIO,749.6899200765134,120.66916798461271,0.0,1296.9825516599635,68.87695424188553
XU-499d,MGS,42.48987146695236,5.012698610360814,0.0,1296.9825516599635,4.094277193317213
XU-499f,O,255.69663120085931,25.077213865364712,0.0,1296.9825516599635,24.351694877658627
XU-499b,O,613.3018500791949,80.5943644933478,0.0,1296.9825516599635,86.48139775705228
XU-499e,N,46.11678220964847,4.52286134871031,0.0,1296.9825516599635,4.392008623010052
XU-499c,BRM,882.152924071303,81.89253868656802,0.0,1296.9825516599635,103.9499975837593
XU-499c,SIO,713.9092545902711,66.27404348489942,0.0,1296.9825516599635,84.1247172283745
XU-499h,AMM,1516.751208218908,148.72239186630526,0.0,1296.9825516599635,126.79484806349612
XU-499i,N,117.63498954022286,16.586893491839277,0.0,1296.9825516599635,9.874499643179773
XU-499g,AMM,1300.894633427663,127.55695225494043,0.0,1296.9825516599635,108.75002867858059
XU-499g,F,187.9998861269972,18.437917343414252,0.0,1296.9825516599635,17.90448252094069
IC-259a,ALO,542.2997253340151,63.97724882964555,0.0,1296.9825516599635,52.25540395207278
IC-259a,LIO,118.13953257953638,13.937389084613159,0.0,1296.9825516599635,11.383795176828412
IC-259a,O,1682.5394537094326,208.03567988530398,0.0,1296.9825516599635,167.42286690941307
IC-259a,LST,53.21411076896614,6.277879642696778,0.0,1296.9825516599635,5.127653075003787
IC-259c,H,521.2891246830035,64.45420179072478,0.0,1296.9825516599635,51.87142539255966
IC-259c,LIO,675.078591833607,79.64169818213328,0.0,1296.9825516599635,65.04982921378759
IC-259c,SCR,586.4321711969471,69.18372845434871,0.0,1296.9825516599635,56.507957804170125
IC-259b,HAL,158.66596219890238,14.893260199866091,0.0,1296.9825516599635,18.012908165267135
IC-259b,TCO,120.58563064860925,11.318830760710618,0.0,1296.9825516599635,13.6897533713078
IC-259b,HE,226.34195347008642,20.725207958161818,0.0,1296.9825516599635,27.827850399352865
DX-853a,SIO,29.79672681155009,2.766107254835481,0.0,1296.9825516599635,3.511148232405805
DX-853c,HE,485.27380382593225,60.001128346134934,0.0,1296.9825516599635,48.28768281983151
DX-853b,BER,1090.781417646789,102.38674539298775,0.0,1296.9825516599635,123.83339962871652
DX-853b,LST,34.925361920014666,3.2782866308604626,0.0,1296.9825516599635,3.964979811582387
DX-853b,CUO,50.76351668270139,4.764942979187662,0.0,1296.9825516599635,5.763041748079677
DX-853g,HE,67.6612877825384,6.635819080447087,0.0,1296.9825516599635,6.443835522477111
DX-853d,TAI,127.22957808169181,15.009777794760497,0.0,1296.9825516599635,12.25970194474221
DX-853e,F,199.6120978179688,19.57677441265594,0.0,1296.9825516599635,19.0103908570235
DX-853e,HE,560.4014957776425,54.96086551506742,0.0,1296.9825516599635,53.370770549732555
QF-804a,TAI,1404.9402420513127,131.87542116879936,0.0,1296.9825516599635,159.49898268687113
QF-804d,N,72.02029309261937,7.063324550064683,0.0,1296.9825516599635,6.858972658944902
QF-804b,SIO,82.9215280465545,9.782581449587344,0.0,1296.9825516599635,7.990227068116215
QF-804b,GAL,534.2874237979381,63.03200584845829,0.0,1296.9825516599635,51.483347405122394
QF-564b,BRM,1183.80242027992,109.8954419972997,0.0,1296.9825516599635,139.4953815488341
QF-564b,GAL,1312.7854572751023,121.86927109066133,0.0,1296.9825516599635,154.69431817097404
QF-564b,ALO,849.3948870258082,78.85152533973998,0.0,1296.9825516599635,100.08989829846504
QF-564c,HE,454.4031713265955,56.18416405068848,0.0,1296.9825516599635,45.215867900454036
QF-564c,H2O,29.106538168089923,3.4338137158423216,0.0,1296.9825516599635,2.804673944253171
QF-564d,BRM,515.3392597814699,48.37257834487776,0.0,1296.9825516599635,58.50504186123782
QF-564d,H,170.68553421381577,15.628977031422473,0.0,1296.9825516599635,20.985113182136732
QF-564d,FEO,32.11987894744842,3.0149485631509925,0.0,1296.9825516599635,3.6464810835394665
QF-755b,TAI,131.40455918633396,12.334354919534935,0.0,1296.9825516599635,14.917996426691808
QF-755b,BOR,112.80428967147175,10.588431283278206,0.0,1296.9825516599635,12.806359236350874
QF-755d,BRM,59.91447399472563,7.068348059547615,0.0,1296.9825516599635,5.773292692047707
QF-755d,SIO,48.257391204366236,5.693115782143722,0.0,1296.9825516599635,4.650029039760589
QF-755d,AMM,169.542045823279,20.001547384229763,0.0,1296.9825516599635,16.33688471057128
QF-755c,TAI,219.47949752804547,25.892866565087665,0.0,1296.9825516599635,21.148802528826575
QF-755c,AR,1208.9660460959753,170.4679119726303,0.0,1296.9825516599635,101.48285673718904
QF-755c,MGS,1466.133879435747,172.96562701458356,0.0,1296.9825516599635,141.2750450326091
QF-755c,ALO,118.01702657413021,13.922936565416016,0.0,1296.9825516599635,11.371990633141602
QF-755c,SIO,633.5370924574867,74.740882787647,0.0,1296.9825516599635,61.04693611009492
QF-899h,AMM,49.41450421665656,4.845252946011255,0.0,1296.9825516599635,4.130871642186737
QF-899a,LST,887.8248110822199,153.23279001494774,0.0,1296.9825516599635,71.288949157766
QF-899a,BRM,59.04403252405521,10.19061612658224,0.0,1296.9825516599635,4.741010816701595
QF-899e,HE3,1154.996676110096,113.27524545227921,0.0,1296.9825516599635,109.99803364342658
QF-757e,O,176.57115499031676,17.31705496216859,0.0,1296.9825516599635,16.81604826127844
QF-757e,N,624.6836788068201,61.265281979158054,0.0,1296.9825516599635,59.49279139859809
QF-757a,SIO,44.0456997714359,7.143117602821398,0.0,1296.9825516599635,4.170069396187903
QF-757i,O,640.1261252866134,59.42456466321221,0.0,1296.9825516599635,75.43035607675009
QF-757i,SIO,58.67126710633436,5.446605548979727,0.0,1296.9825516599635,6.913629040407273
QF-757i,H2O,40.18719591023919,3.7306813886590287,0.0,1296.9825516599635,4.735526918040085
QF-930a,HAL,101.67590552458617,16.48930438849514,0.0,1296.9825516599635,9.626265087352182
QF-930d,LES,1502.120912880464,185.72803430675884,0.0,1296.9825516599635,149.4701292885481
QF-930d,AMM,577.99473162448,68.18833025332556,0.0,1296.9825516599635,55.694935424509296
QF-930d,HE,155.1254459472963,19.180309587397012,0.0,1296.9825516599635,15.435921478001022
QF-930d,CLI,1596.3931268144095,188.33282690902226,0.0,1296.9825516599635,153.82668257229722
SG-135f,HE3,570.6016886874021,55.96124013034767,0.0,1296.9825516599635,54.34220292357794
SG-135f,N,664.4150726004682,65.16190218355044,0.0,1296.9825516599635,63.276676912392716
SG-135c,SIO,673.2564214134194,79.42672951271241,0.0,1296.9825516599635,64.8742468800186
SG-135c,LIO,71.35826796231709,8.418417808834047,0.0,1296.9825516599635,6.876004068404133
SG-135c,TAI,107.62499889791371,12.69694785580277,0.0,1296.9825516599635,10.370626297639967
SG-135d,FEO,39.84417464487349,4.700575266006013,0.0,1296.9825516599635,3.839340762937696
SG-135d,TCO,143.07289865144045,16.87887714153657,0.0,1296.9825516599635,13.786346856473404
SG-135e,BER,1729.030789449197,203.9806178817022,0.0,1296.9825516599635,166.6075015851975
SG-135e,AMM,1772.882091383785,209.15392984243584,0.0,1296.9825516599635,170.832964718163
SG-135b,CLI,736.8070785039157,119.49179238055615,0.0,1296.9825516599635,69.7579256296972
SG-135b,O,99.14387472830592,17.333640600881377,0.0,1296.9825516599635,8.496154439785773
SG-135a,FEO,942.1486671724007,151.64709133864616,0.0,1296.9825516599635,86.55889441766
SG-135a,CUO,93.30931233247442,15.018952213238903,0.0,1296.9825516599635,8.572692607644663
SG-135g,AR,74.9821656433997,8.29546537500021,0.0,1296.9825516599635,6.208683824410081
QF-899d,SIO,54.67568979892063,6.450307916057968,0.0,1296.9825516599635,5.268489219759548
VH-503a,FEO,2202.4631608552118,357.1847752563845,0.0,1296.9825516599635,208.52033844334076
BI-373a,LST,45.980335081180655,7.40093821367306,0.0,1296.9825516599635,4.224393780150895
BI-373a,CUO,1742.6093259191207,280.4882550100527,0.0,1296.9825516599635,160.10035561177673
BI-373a,MAG,108.16836100645362,17.410646422424673,0.0,1296.9825516599635,9.937851706343983
BI-373b,BRM,719.5429845003746,84.88733888746232,0.0,1296.9825516599635,69.33436909411746
BI-373b,AMM,185.4378042831658,26.14729784928224,0.0,1296.9825516599635,15.565993922242429
BI-373b,LIO,664.2838321794811,78.36819758424372,0.0,1296.9825516599635,64.00965806868061
BI-373c,LST,50.43207350507373,4.733831898918972,0.0,1296.9825516599635,5.725413920170833
BI-373c,LIO,552.2956997627459,51.84151313765894,0.0,1296.9825516599635,62.70060435159363
BI-417a,CUO,107.20557550425292,17.25567765148755,0.0,1296.9825516599635,9.849396824927062
BI-417a,AMM,1470.9003068328132,255.02881933739494,0.0,1296.9825516599635,123.43027997656809
BI-417a,GAL,188.55518477754413,30.349610761698667,0.0,1296.9825516599635,17.323304590606895
BI-417a,TAI,718.7470387363132,115.68863984040682,0.0,1296.9825516599635,66.03411033388215
BI-417c,HE,1017.4205861778171,133.69985033448407,0.0,1296.9825516599635,143.46598561229726
BI-417c,TAI,370.97216630950754,44.63932368318134,0.0,1296.9825516599635,56.547733099776
BI-417c,LIO,471.34274980310283,56.71698171724056,0.0,1296.9825516599635,71.8473417548611
BI-417b,HE,1497.7106785575327,277.60836908565875,0.0,1296.9825516599635,108.27208425291934
BI-417b,BOR,618.4117748636817,106.73385160857147,0.0,1296.9825516599635,49.65610898289946
BI-417d,BER,1251.8105115210637,147.68104950416722,0.0,1296.9825516599635,120.62308147158677
BI-417d,LIO,1206.0442174078253,142.28181832312617,0.0,1296.9825516599635,116.2130918024907
BI-417d,GAL,688.5024845203227,81.22536802845582,0.0,1296.9825516599635,66.3433407207712
BI-500a,LES,1744.151432284757,323.287428932081,0.0,1296.9825516599635,126.08771075069222
BI-500a,GAL,2048.210134744661,353.5077523923255,0.0,1296.9825516599635,164.46346884837288
BI-500a,HE,1360.120267597418,252.10527951347902,0.0,1296.9825516599635,98.32543649167417
BI-500c,HAL,105.16319930965257,9.871196500265315,0.0,1296.9825516599635,11.938887366124455
BI-500d,AR,156.17317766135494,15.316541942122523,0.0,1296.9825516599635,14.873412890200433
KQ-520b,GAL,776.0542900561162,91.55420167261487,0.0,1296.9825516599635,74.77973622546801
KQ-520b,LIO,512.2668125695707,60.434147029572806,0.0,1296.9825516599635,49.361465572523
KQ-520b,LST,531.9475607227246,62.755962923859684,0.0,1296.9825516599635,51.25788077758075
KQ-520a,TAI,870.2984827785683,81.69100401837514,0.0,1296.9825516599635,98.80258140690316
KQ-520c,AMM,221.27449521880268,20.541483982647815,0.0,1296.9825516599635,26.07425834648474
KQ-520f,HE,639.0321522905002,62.67249542777448,0.0,1296.9825516599635,60.85929218741874
KQ-520d,BOR,116.2645484870425,13.716189776862775,0.0,1296.9825516599635,11.203123775793443
KQ-520d,O,368.4520745625658,51.95286998794528,0.0,1296.9825516599635,30.928551896141983
KQ-520d,GAL,816.8946360454004,96.37229922196535,0.0,1296.9825516599635,78.71506696143327
KQ-520h,AMM,1589.2111087159956,155.82732091328847,0.0,1296.9825516599635,132.85223046374685
KQ-520i,GAL,544.7972267703925,64.27188897675074,0.0,1296.9825516599635,52.49606043838834
KQ-520i,LST,741.8533932285084,87.51938626644956,0.0,1296.9825516599635,71.48417549445522
UP-462e,BRM,87.13585382726457,8.089046792027213,0.0,1296.9825516599635,10.267802268340981
UP-462e,H,497.19442136193294,45.31600395936782,0.0,1296.9825516599635,63.04723931300343
UP-462e,CLI,678.0405549226443,62.94425927740457,0.0,1296.9825516599635,79.8980676962566
UP-462a,FEO,49.11107384944768,8.47625204054372,0.0,1296.9825516599635,3.9434320859640173
UP-462a,BRM,54.50681580760238,9.407522020981553,0.0,1296.9825516599635,4.376689604025982
UP-462a,TAI,231.49469864648523,39.95447987540577,0.0,1296.9825516599635,18.588142160597197
UP-462h,H,1153.8974673388418,113.16744155470744,0.0,1296.9825516599635,109.8933486638916
UP-462h,LES,530.1246139500784,51.991487947594614,0.0,1296.9825516599635,50.48730124218194
UP-462d,BRM,913.7289495806034,107.79622714019146,0.0,1296.9825516599635,88.0459147081974
UP-462d,TAI,508.6623401132222,60.008913122073835,0.0,1296.9825516599635,49.01414257853735
UP-462d,AMM,345.8740096731461,48.7692937489676,0.0,1296.9825516599635,29.033307168653543
UP-462b,FEO,35.51534458334175,5.71650620715466,0.0,1296.9825516599635,3.262934045454378
UP-462b,HE,941.4128012260899,163.22479102799477,0.0,1296.9825516599635,78.99845087330517
UP-462b,TAI,1030.839231861884,165.92261560883134,0.0,1296.9825516599635,94.70724455845031
UP-462b,SIO,63.58097582029764,10.233915711581215,0.0,1296.9825516599635,5.841433698057623
UP-462b,SCR,557.7704947134308,89.77805319373417,0.0,1296.9825516599635,51.244563669643505
UP-462c,TAI,348.26191333789683,41.90658407252045,0.0,1296.9825516599635,53.08598194889422
UP-462i,H,95.32764958161331,9.34917227737269,0.0,1296.9825516599635,9.07868760379667
SG-779g,HE,69.22388495290554,6.789069372571307,0.0,1296.9825516599635,6.592652068595712
SG-779b,MAG,989.5370507502394,170.7876612783465,0.0,1296.9825516599635,79.45605441536448
SG-779b,HE,639.2750960059042,118.49292345982282,0.0,1296.9825516599635,46.21429762536445
SG-779b,AMM,176.36991369613466,38.20354502641381,0.0,1296.9825516599635,9.438092499572301
SG-779b,O,107.53676186069416,23.293573363186425,0.0,1296.9825516599635,5.754620412721526
SG-779b,CLI,1014.0638508327813,175.02082750649632,0.0,1296.9825516599635,81.42546299942475
SG-779f,BRM,44.79492727564209,5.28463518371595,0.0,1296.9825516599635,4.316389831012105
SG-779f,GAL,754.8343160436818,89.05079720063965,0.0,1296.9825516599635,72.73500291274271
SG-779e,HEX,71.11925185050698,10.028032138008536,0.0,1296.9825516599635,5.969882173372555
OT-889b,SIO,35.023011085010644,2.647274213413269,0.0,1296.9825516599635,7.501521470234613
OT-889b,HE,656.8746043925288,54.39767339387477,0.0,1296.9825516599635,133.29051463781045
AX-872a,FEO,41.3969565511888,6.663203239570423,0.0,1296.9825516599635,3.803300812472644
AX-872a,CLI,1105.243000231419,177.8985547052985,0.0,1296.9825516599635,101.54301066944362
AX-872a,O,2665.3918221708645,462.1331074051138,0.0,1296.9825516599635,223.66577621171078
AX-872a,HE,685.2355672505739,118.80806392663776,0.0,1296.9825516599635,57.501393889677296
AX-872c,LST,406.11256191725647,48.86779049645865,0.0,1296.9825516599635,61.9042258297175
AX-872c,HE,277.24421781769155,36.4328291877594,0.0,1296.9825516599635,39.094073291705485
AX-872c,BRM,1516.8107033082667,182.51882513094174,0.0,1296.9825516599635,231.20927822385028
AX-872c,TAI,365.873396059717,44.02578532036873,0.0,1296.9825516599635,55.77052142351864
AX-872f,NE,330.7359305002923,32.436624695305554,0.0,1296.9825516599635,31.498187624908212
AX-872b,BOR,1768.2812280645692,305.1938431154061,0.0,1296.9825516599635,141.98624434753833
AX-872b,HAL,169.48391495398582,29.251821786100425,0.0,1296.9825516599635,13.608912530261462
AX-872b,H2O,1380.2750226439846,298.98182672620703,0.0,1296.9825516599635,73.86273013098767
AX-872b,FEO,1004.3925624902498,173.35162601846997,0.0,1296.9825516599635,80.64889539922399
AX-872h,LES,1295.0728360936441,127.01308706892182,0.0,1296.9825516599635,123.33842022393623
AX-872d,FEO,855.3694689316094,100.91132781122735,0.0,1296.9825516599635,82.42245946143689
AX-872d,LIO,177.46896123273854,20.936717025501817,0.0,1296.9825516599635,17.100713544451086
XU-145b,BRM,43.58022457320884,3.4220425651199067,0.0,1296.9825516599635,8.731890102135857
XU-145b,SIO,765.3114317325286,60.094419443895426,0.0,1296.9825516599635,153.340543359771
XU-145c,BOR,72.64136938757228,8.740983543697935,0.0,1296.9825516599635,11.072811227307975
XU-145c,BRM,443.7452632595887,53.396158090730665,0.0,1296.9825516599635,67.64062371773136
XU-145c,LST,26.223102779397323,3.1554431282324718,0.0,1296.9825516599635,3.9972190683982056
XU-145c,FEO,22.301628460186087,2.68356955563537,0.0,1296.9825516599635,3.3994640255700794
XU-145f,HE,127.04079545143875,12.459410130668454,0.0,1296.9825516599635,12.098941911433684
XU-145e,HE,157.33055917926114,19.45295830860501,0.0,1296.9825516599635,15.65534360111469
XU-145e,SIO,58.830251663976725,6.940438052220472,0.0,1296.9825516599635,5.668818223003404
XU-145g,O,73.289065259437,9.321765203259135,0.0,1296.9825516599635,5.448547617736791
RV-084a,AMM,306.55935385880395,53.59675196464575,0.0,1296.9825516599635,26.270665963811872
RV-084a,FEO,45.13847333307104,7.320338310053209,0.0,1296.9825516599635,4.2735287942672855
RV-084a,GAL,94.3184780236782,15.296112540801968,0.0,1296.9825516599635,8.929693494315428
RV-084a,CLI,93.38008142115582,15.143927938793384,0.0,1296.9825516599635,8.840849884746918
RV-084b,HE,688.901478413863,127.6914284054931,0.0,1296.9825516599635,49.801874274291784
RV-084g,AMM,105.56519911056802,10.351011309232804,0.0,1296.9825516599635,8.824864163276374
RV-084f,H,96.68228840422594,9.482027244234953,0.0,1296.9825516599635,9.207698890033678
RV-084c,H2O,29.762283902505253,3.581315110218337,0.0,1296.9825516599635,4.536700699950853
RV-084d,TAI,516.0062575988898,60.87530418667477,0.0,1296.9825516599635,49.72179437490858
RV-084d,HE,295.2070777751634,36.500543863333256,0.0,1296.9825516599635,29.374892329629326
RV-084d,BRM,109.89188516165885,12.96438141659759,0.0,1296.9825516599635,10.5890609600445
RV-084i,LIO,1428.6503127275075,168.54354202673179,0.0,1296.9825516599635,137.66316984919993
RV-084i,H,96.88633260113328,11.979400560167358,0.0,1296.9825516599635,9.640776941461228
RV-084i,FEO,1292.0319707006915,152.42613452268083,0.0,1296.9825516599635,124.49877695654894
SE-110b,SIO,54.9768655784798,5.160431088596932,0.0,1296.9825516599635,6.241371603305622
SE-110b,O,722.562062816836,66.16205606150011,0.0,1296.9825516599635,88.83615556040576
UQ-965a,FEO,44.4116171824206,7.202460310807587,0.0,1296.9825516599635,4.204712982394908
UQ-965b,SIO,50.97505827055585,8.79796363254422,0.0,1296.9825516599635,4.09310293202347
UQ-965c,BOR,158.85563500984293,19.115202578797764,0.0,1296.9825516599635,24.214555337926463
UQ-965e,TAI,733.7409358102848,86.56232749872488,0.0,1296.9825516599635,70.70246803706684
UQ-965e,SIO,53.04309426180393,6.25770414726212,0.0,1296.9825516599635,5.111174112823362
UQ-965i,H,72.32428070374276,7.093137857736205,0.0,1296.9825516599635,6.887923425788796
SL-542a,ALO,120.55915437923144,20.80772620541422,0.0,1296.9825516599635,9.6804406902843
SL-542a,TIO,759.1010592538928,131.0159073736497,0.0,1296.9825516599635,60.95292240458186
SL-542a,CLI,82.47976203476489,14.235470667856283,0.0,1296.9825516599635,6.622810591510342
SL-542a,LIO,1247.0259147074084,215.22856507989889,0.0,1296.9825516599635,100.13142899625535
SL-542e,N,138.23409512592536,17.091797698681475,0.0,1296.9825516599635,13.755129759119301
SL-542d,N,46.54267205061556,7.0919883701124045,0.0,1296.9825516599635,5.341553077808049
SL-542d,GAL,347.622494396333,41.829642372593014,0.0,1296.9825516599635,52.988514551255776
IZ-455b,GAL,255.1730370137988,44.04120712795764,0.0,1296.9825516599635,20.489422502098563
IZ-455b,FEO,42.89536995166957,7.403461960480143,0.0,1296.9825516599635,3.444334748722114
IZ-455b,BRM,58.4379277230208,10.086006378640244,0.0,1296.9825516599635,4.692342910819859
IZ-455d,SIO,837.2715368377422,78.59091315649881,0.0,1296.9825516599635,95.05312351456979
IZ-455d,CUO,53.84386844577606,5.05408174391577,0.0,1296.9825516599635,6.112745570222862
IZ-455d,AMM,1762.3274800972108,161.36912735546,0.0,1296.9825516599635,216.67121237996696
IZ-455c,AMM,80.19642822511591,12.220014692722271,0.0,1296.9825516599635,9.203886651570423
IZ-455e,HEX,43.47215927591642,6.1297074840419326,0.0,1296.9825516599635,3.6491338413517886
IZ-455e,O,40.45903459609742,5.002511383103488,0.0,1296.9825516599635,4.025919005662471
IZ-455h,HE,517.458186823763,50.74923966115884,0.0,1296.9825516599635,49.28099294190623
EZ-190a,TS,63.61718485256449,5.9714589951213695,0.0,1296.9825516599635,7.222283170258901
EZ-190a,CUO,94.19575707182928,8.841732028420113,0.0,1296.9825516599635,10.693783960832468
EZ-190a,ALO,700.4013343708882,65.74352288641785,0.0,1296.9825516599635,79.51462771226079
DW-456g,HE3,160.52280693158363,15.743127865184187,0.0,1296.9825516599635,15.287657083884545
RC-040c,LST,82.95838303280742,7.701241368146492,0.0,1296.9825516599635,9.775542857142856
RC-040c,CLI,69.13198311361467,6.417700885105556,0.0,1296.9825516599635,8.146285390581417
RC-040c,FEO,31.90707156757804,2.9620160194716743,0.0,1296.9825516599635,3.7598243137337093
SL-620a,BRM,74.01381391008427,12.774303064660643,0.0,1296.9825516599635,5.943027217697024
SL-620a,SIO,2661.7854981073533,459.4068708207625,0.0,1296.9825516599635,213.7312324175192
MG-885a,H2O,74.241353590175,12.872174044807274,0.0,1296.9825516599635,6.229947071808076
MG-885d,LES,727.0334256930989,89.89322222427094,0.0,1296.9825516599635,72.3442295514404
MG-885d,TAI,2410.3220111606583,284.35524464375897,0.0,1296.9825516599635,232.25597296807715
MG-885g,N,694.7301091605958,88.36394534852892,0.0,1296.9825516599635,51.64849719173594
MG-885b,LIO,782.4274839366959,94.15001147263212,0.0,1296.9825516599635,119.26636160263223
MG-885e,HE,1228.0656469671046,120.44141811751044,0.0,1296.9825516599635,116.95687887724061
UQ-328a,BRM,71.16468786100933,12.282562432776471,0.0,1296.9825516599635,5.71425325292239
UQ-328b,FEO,2389.7316082043626,387.55506224590476,0.0,1296.9825516599635,226.25016054208646
UQ-328b,AR,1187.246849340948,207.57016252794568,0.0,1296.9825516599635,101.74135939100918
UQ-328b,HE,1188.4671923788073,207.78351900292714,0.0,1296.9825516599635,101.84593693498334
SE-648b,BER,122.3764797655807,11.360525289965244,0.0,1296.9825516599635,14.420441659061897
SE-648b,H2O,34.43093682083398,3.1963129619315525,0.0,1296.9825516599635,4.057228289641728
WC-803a,LIO,622.3080902675858,100.92290273592914,0.0,1296.9825516599635,58.91762273482889
WC-803a,FEO,2128.6977430287147,345.22185816594845,0.0,1296.9825516599635,201.53652588112615
WC-803b,BRM,337.5339816194536,40.61568502423146,0.0,1296.9825516599635,51.45071042552873
WC-803b,N,68.71655750081312,10.470757375080309,0.0,1296.9825516599635,7.886378736821742
WC-803g,LES,693.6539988831971,68.02948320775893,0.0,1296.9825516599635,66.06129479352565
WC-803f,HE,73.87979202322231,7.245693211498148,0.0,1296.9825516599635,7.036065139087141
WC-803c,NE,1758.2744444709954,217.39984680540394,0.0,1296.9825516599635,174.95895722260252
WC-803c,HAL,151.40754252738938,17.862148126653956,0.0,1296.9825516599635,14.589463956092304
WC-803c,BOR,508.9395408373408,60.04161559060592,0.0,1296.9825516599635,49.04085333485519
WC-803d,HE,615.7734079345124,56.3838552194674,0.0,1296.9825516599635,75.70691165818697
WC-803d,AMM,251.50764934933767,23.607891775305287,0.0,1296.9825516599635,28.55296831032086
WC-803e,MAG,921.7914328576429,108.7473902603319,0.0,1296.9825516599635,88.82280671240972
WC-803e,CLI,1748.2145022229802,206.24379654152693,0.0,1296.9825516599635,168.45602300880165
WC-788d,TAI,1382.1797172935546,163.0612216263138,0.0,1296.9825516599635,133.18531448093685
WC-788d,SIO,33.05020105371243,3.899063263181311,0.0,1296.9825516599635,3.184680954236576
WC-788a,H,951.5218100361587,176.3694561408745,0.0,1296.9825516599635,68.78715032194906
WC-788a,TAI,2097.17810045658,361.95930489877907,0.0,1296.9825516599635,168.3954098962256
WC-788e,H,56.28193315665395,5.519799255457808,0.0,1296.9825516599635,5.360103717123237
WC-788c,HE,120.67753957803068,14.921037327031295,0.0,1296.9825516599635,12.00814614075447
WC-788c,FEO,651.62861478644,76.87521141013275,0.0,1296.9825516599635,62.79021526596232
WC-788c,GAL,625.8952435366703,73.83934357033597,0.0,1296.9825516599635,60.310575968934955
LS-934c,SIO,45.67853804440734,4.240456888906871,0.0,1296.9825516599635,5.382608604222007
LS-934c,H,474.17696012006377,43.218113637280226,0.0,1296.9825516599635,60.12848695991234
HV-780e,HE,1448.5186379045454,142.06214411235075,0.0,1296.9825516599635,137.9520869289209
HV-780e,H,86.89390813025639,8.522040777565277,0.0,1296.9825516599635,8.27548617898331
HV-780b,GAL,426.0258636573929,51.26397113400324,0.0,1296.9825516599635,64.93963434334992
HV-780b,TIO,48.45102826667566,5.830143956877427,0.0,1296.9825516599635,7.385448461240689
HV-780b,H,440.8547059926527,57.93298171005277,0.0,1296.9825516599635,62.16470923264914
HV-780c,H,484.7302966606737,59.933927019950374,0.0,1296.9825516599635,48.233600564825366
HV-780c,LST,38.41147386309335,4.53155387408493,0.0,1296.9825516599635,3.7012872943539525
HV-780c,FEO,2280.763458418901,269.0707084739077,0.0,1296.9825516599635,219.7718535914786
HV-780c,GAL,56.12801198656818,6.621644123028594,0.0,1296.9825516599635,5.408433385391087
HV-780a,SIO,1854.6925922504538,320.10788275241566,0.0,1296.9825516599635,148.92474760990123
HV-780a,HE,579.466862069156,107.40716002181018,0.0,1296.9825516599635,41.890657394626025
HV-780a,TAI,134.17937591536344,23.15848788784472,0.0,1296.9825516599635,10.774092578006668
HV-780d,SIO,1716.1082809340971,202.45609831410596,0.0,1296.9825516599635,165.36230290449615
JS-761c,HAL,100.10434137789112,9.396344260706645,0.0,1296.9825516599635,11.364569206872888
JS-761c,BOR,524.8431357705945,49.26466443600708,0.0,1296.9825516599635,59.58399063533961
JS-761c,FEO,1799.6292283498917,168.92310102087285,0.0,1296.9825516599635,204.3069324544859
MG-594a,FEO,613.1923609239425,98.69868865205059,0.0,1296.9825516599635,56.33638795693246
MG-594a,BRM,61.42733429730757,9.887268219388972,0.0,1296.9825516599635,5.643570201884068
MG-594c,HE,515.8569458961463,50.59219941779218,0.0,1296.9825516599635,49.12849609315303
MG-594b,BRM,69.32917955645577,6.507618245702576,0.0,1296.9825516599635,7.87075014210195
MG-594e,HE3,149.279828101928,16.38774486095984,0.0,1296.9825516599635,13.061584222621882
EZ-190d,AMM,976.9876267569183,90.69628954040886,0.0,1296.9825516599635,115.12500686619686
EZ-190b,BOR,512.7696828537074,48.13138371650015,0.0,1296.9825516599635,58.21332489446108
EZ-190b,HE,201.3631835212531,18.43800404482689,0.0,1296.9825516599635,24.756809160028002
EZ-190b,TIO,893.9460911051461,83.91069864620427,0.0,1296.9825516599635,101.48722902263354
EZ-190b,GAL,57.717295499536704,5.4176629189666645,0.0,1296.9825516599635,6.552485038205205
EZ-190c,CLI,558.7830535047136,65.92185241075187,0.0,1296.9825516599635,53.84371929098231
EZ-190c,HE,1586.5283122242383,196.1644913367079,0.0,1296.9825516599635,157.86917678508473
QV-312a,SIO,51.30556724485867,4.815822827340423,0.0,1296.9825516599635,5.824579250274574
QV-312a,TAI,95.32616254457268,8.947838105637956,0.0,1296.9825516599635,10.822115769922794
QV-312b,TAI,116.20870240616001,10.78795455734738,0.0,1296.9825516599635,13.693651071949219
QV-312b,SIO,45.583650665944084,4.231648248024284,0.0,1296.9825516599635,5.3714273877992795
QV-312d,BER,1539.2967990270108,181.59694673157335,0.0,1296.9825516599635,148.3249433433629
QV-312d,TAI,127.23685409508359,15.010636174909898,0.0,1296.9825516599635,12.260403053374919
QV-312d,SIO,532.9348942908138,62.87244257968948,0.0,1296.9825516599635,51.35301915222065
QV-312c,AR,711.7685960352673,100.36155007465806,0.0,1296.9825516599635,59.747178752233495
QV-312c,ALO,630.0718945970443,74.33207965645433,0.0,1296.9825516599635,60.7130334626987
XS-305d,GAL,667.9963522266346,78.80617829444135,0.0,1296.9825516599635,64.3673924094544
XS-305d,FEO,39.1325120627851,4.616617609437085,0.0,1296.9825516599635,3.7707657407362762
XS-305d,CLI,47.032278714078096,5.548584404062726,0.0,1296.9825516599635,4.531978550195422
XS-305e,BRM,56.354297447670554,6.648339916102358,0.0,1296.9825516599635,5.430238003070178
XS-305e,HE,507.84666434709726,62.792124049162105,0.0,1296.9825516599635,50.53381916716523
XS-305c,HE,699.98365477521,86.54868401969068,0.0,1296.9825516599635,69.65261350265685
XS-305c,NE,2103.5813839908847,260.09493117549647,0.0,1296.9825516599635,209.3190892543826
XS-305h,AR,279.23075072948757,27.37948379805732,0.0,1296.9825516599635,23.34266847558788
XS-305i,H2O,48.659660464331715,4.517202197391867,0.0,1296.9825516599635,5.7338942599083715
XS-305i,FEO,1324.849189766095,122.98917859509211,0.0,1296.9825516599635,156.11586870838227
NG-114a,FEO,46.31682414735263,7.511437520361415,0.0,1296.9825516599635,4.385090301840277
NG-114a,HE,293.5760069393046,51.32683191243996,0.0,1296.9825516599635,25.158055418019988
NG-114g,HE3,874.8432355396207,85.79945231683985,0.0,1296.9825516599635,83.31715375987672
NG-114g,HE,236.67054953481343,23.21124826105243,0.0,1296.9825516599635,22.539714276768308
NG-114d,TCO,142.38679921997175,16.797935271204775,0.0,1296.9825516599635,13.720235071296667
NG-114i,N,2553.3752139024996,250.3667490660151,0.0,1296.9825516599635,213.45281977790103
QR-119a,AMM,349.21770208945276,64.72929526433259,0.0,1296.9825516599635,25.245549093404342
QR-119a,ALO,106.16882961960364,18.32404971359478,0.0,1296.9825516599635,8.52495244829391
QR-119a,TAI,1267.253061946532,218.71963918236276,0.0,1296.9825516599635,101.75559184137656
QR-119e,NE,414.6770281756028,40.6690712809771,0.0,1296.9825516599635,39.49245797835366
QR-119d,LST,34.343350498267036,3.1881820969607437,0.0,1296.9825516599635,4.046907405619505
QR-119d,N,947.7903580895377,87.98583153631306,0.0,1296.9825516599635,111.68449680880315
QR-119c,TAI,106.23814359734561,12.533335037078755,0.0,1296.9825516599635,10.236990449106903
QR-119c,AMM,974.8017966840807,115.00123306835688,0.0,1296.9825516599635,93.93082695654815
UQ-875a,N,1385.7542271333843,240.26595330488328,0.0,1296.9825516599635,116.28526518026464
UQ-875c,BER,689.957918979145,81.39707140239716,0.0,1296.9825516599635,66.4835847814236
UQ-875c,H,316.5256401890482,39.1364533013985,0.0,1296.9825516599635,31.496218417912687
UQ-875c,SIO,2085.8625274724172,246.07747286307887,0.0,1296.9825516599635,200.99141465437495
UQ-875c,TAI,176.53676351130903,20.826741964117467,0.0,1296.9825516599635,17.01088799923898
UQ-875b,ALO,83.9339595353889,9.902022006641348,0.0,1296.9825516599635,8.087783850742753
UQ-875b,SIO,922.6405849648039,108.84756810132305,0.0,1296.9825516599635,88.90463007374208
UQ-875b,GAL,1413.9197566574173,166.80571992011957,0.0,1296.9825516599635,136.2437496984575
UQ-875e,N,32.717062411821765,3.6195708150085766,0.0,1296.9825516599635,2.7090428028517914
UQ-875g,HE,596.429382778572,58.49426766900422,0.0,1296.9825516599635,56.80194642097121
UQ-010b,SIO,45.01543018773734,5.310648786555394,0.0,1296.9825516599635,4.337637248640887
UQ-010b,BRM,2133.744740884883,251.7263274335227,0.0,1296.9825516599635,205.6052919755309
UQ-010d,H,560.3639508607613,69.2855642959952,0.0,1296.9825516599635,55.75960727634506
UQ-010d,H2O,1483.6042929201208,175.0266809639621,0.0,1296.9825516599635,142.95847482463677
UQ-010c,FEO,36.93508204295634,4.357378077132827,0.0,1296.9825516599635,3.5590238054589918
UQ-010c,TAI,1332.6765383897032,157.22113532968228,0.0,1296.9825516599635,128.4152427112356
UQ-010c,SIO,67.33800265607631,7.944131170204203,0.0,1296.9825516599635,6.488615733581132
UQ-553b,SIO,1665.1049136552272,196.43902884658914,0.0,1296.9825516599635,160.44767463609395
UQ-553b,FEO,786.1511236918943,92.74536517082582,0.0,1296.9825516599635,75.75265598851877
UQ-553d,AMM,72.58152056649908,7.116854290572113,0.0,1296.9825516599635,6.0675493927930555
UQ-553d,NE,657.2684188278481,64.46100063378805,0.0,1296.9825516599635,62.59605342803245
OY-661b,GAL,461.3814933878061,43.30780551290116,0.0,1296.9825516599635,52.379365771783974
OY-661b,HE,277.6244987082195,25.420941110542756,0.0,1296.9825516599635,34.132837058281815
OY-661b,FEO,1970.2775629535133,184.9410926222443,0.0,1296.9825516599635,223.68016624181473
OY-661c,HE,261.440567504033,32.32552204965647,0.0,1296.9825516599635,26.014920031413556
OY-661c,TAI,1547.4331749228,182.55682725693376,0.0,1296.9825516599635,149.10895555889277
OY-661d,SIO,44.246626361329476,4.153231797374702,0.0,1296.9825516599635,5.023197201365657
OY-661d,BER,189.2749472196004,17.766387946040076,0.0,1296.9825516599635,21.4878616371321
OY-661e,AMM,386.4532735770592,49.91396510592113,0.0,1296.9825516599635,35.647818642893505
OY-661e,TAI,676.6576995135309,83.1345751243033,0.0,1296.9825516599635,60.54941803997466
WR-709a,ZIR,118.30851489066602,19.0427931269168,0.0,1296.9825516599635,10.869467426903881
WR-709a,BRM,73.3696018858885,11.809480930501046,0.0,1296.9825516599635,6.740753178759483
WR-709h,N,2614.668391448992,256.3767445882899,0.0,1296.9825516599635,218.57670502171942
WR-709h,AMM,73.89691416276702,7.245832913316914,0.0,1296.9825516599635,6.177511481683257
WR-709b,H2O,70.01779173376701,12.139881048038859,0.0,1296.9825516599635,5.875527795387296
WR-709b,BRM,1657.198729323734,266.7406703724162,0.0,1296.9825516599635,152.2533490082036
WR-709i,LIO,423.29729453649304,39.29578321722757,0.0,1296.9825516599635,49.87996020146243
WR-709i,MGS,38.01040859842861,3.5286045896362883,0.0,1296.9825516599635,4.479021464587912
WR-709i,AMM,289.45347851069766,26.87071542822776,0.0,1296.9825516599635,34.10824537420649
WR-709d,SIO,1370.9007338296508,161.73059522562514,0.0,1296.9825516599635,132.09848406310465
WR-709e,HE,724.4766605323059,71.05238763338393,0.0,1296.9825516599635,68.99674235210846
WR-709e,H,82.69616108128821,8.110350564810826,0.0,1296.9825516599635,7.875706741804236
WR-709f,AR,152.28769859754902,14.935477127170318,0.0,1296.9825516599635,14.503372815088902
WR-709g,NE,589.6974469085297,57.83403919924252,0.0,1296.9825516599635,56.16081928733114
WR-709g,H,1117.04470938155,109.55314093415073,0.0,1296.9825516599635,106.3836148321963
WR-667c,LES,558.6467042492083,54.78876593659036,0.0,1296.9825516599635,53.203650053566285
WR-530a,BOR,214.16929532061332,34.47242650875126,0.0,1296.9825516599635,19.676573418926633
WR-530a,CUO,131.34566111189184,21.141236156867762,0.0,1296.9825516599635,12.067241199335683
WR-530b,HE,590.6985692634489,54.08785468572706,0.0,1296.9825516599635,72.6240591483959
WR-530b,LST,1491.261063125403,139.977968376189,0.0,1296.9825516599635,169.29874692873693
WR-530c,TAI,514.5161254603318,60.69950738987785,0.0,1296.9825516599635,49.578206884071584
WR-530c,HE,895.3374285635281,110.70297951547471,0.0,1296.9825516599635,89.09149726678253
WR-530c,LST,1530.701065539629,180.58287396976834,0.0,1296.9825516599635,147.4966679364911
WR-530d,BRM,55.351799824494435,5.1384508114289185,0.0,1296.9825516599635,6.52247393961804
WR-530d,GAL,253.93202748278455,23.573167210532027,0.0,1296.9825516599635,29.92251447906666
WR-530e,AMM,75.39885676352364,7.393103273030505,0.0,1296.9825516599635,6.3030683843783635
WR-530e,HE,91.60748476312256,8.984320506234512,0.0,1296.9825516599635,8.724391506390036
WR-186a,HE,490.68544347266754,44.72275340158114,0.0,1296.9825516599635,62.2218618167245
WR-186a,BRM,36.11100473627404,3.352278014029612,0.0,1296.9825516599635,4.255201964029763
WR-186c,CLI,82.12110045736135,9.688151833174796,0.0,1296.9825516599635,7.91309874764379
WR-186c,SCR,1792.1566666618423,211.42782791216192,0.0,1296.9825516599635,172.6902415525541
WR-186b,LST,33.98592359570319,3.1550012326829946,0.0,1296.9825516599635,4.004789395641818
WR-186d,CLI,2487.7257876207336,293.48687506066625,0.0,1296.9825516599635,239.71451557354493
WR-186d,GAL,78.78876589887903,9.295023112520662,0.0,1296.9825516599635,7.591998661617206
WR-186d,SIO,546.194021140827,64.43667434695557,0.0,1296.9825516599635,52.6306540047415
WR-453a,GAL,55.36244050888013,8.978411635784576,0.0,1296.9825516599635,5.2414928145624105
WR-453e,HE,173.30955761875094,15.869248134152675,0.0,1296.9825516599635,21.307726509615094
WR-453e,BER,182.88822378500456,17.16689494440449,0.0,1296.9825516599635,20.762794577316726
WR-453f,BRM,1050.8591137263606,123.97401632900142,0.0,1296.9825516599635,101.25962621623296
WR-453f,MAG,161.2336128403446,19.021368602088145,0.0,1296.9825516599635,15.536293263720461
WR-453f,AMM,237.052616264834,27.96603706032248,0.0,1296.9825516599635,22.842128885802
WR-453g,LES,521.0140164050332,51.09797440380885,0.0,1296.9825516599635,49.61963829907572
VI-001a,FEO,1090.9098264522984,101.27198213433691,0.0,1296.9825516599635,128.54922398313082
VI-001a,GAL,74.8482589955775,6.948357567221707,0.0,1296.9825516599635,8.819872529391501
VI-001b,BRM,111.69010751357892,13.17652483745026,0.0,1296.9825516599635,10.762335684344524
VI-001d,HE,489.97035778212233,44.657578040411025,0.0,1296.9825516599635,62.13118465558979
VI-001d,ALO,184.82828931395744,17.158088376740476,0.0,1296.9825516599635,21.779557379830546
VI-001d,SIO,442.1467336263205,41.045625424585054,0.0,1296.9825516599635,52.10111607407436
VI-001c,TIO,111.99538266395342,13.212539357363555,0.0,1296.9825516599635,10.791751661440077
VI-001g,NE,1255.3752167176947,123.11977925973707,0.0,1296.9825516599635,119.55775127310763
VI-001i,SIO,41.060262739819485,3.8541421763314307,0.0,1296.9825516599635,4.661458145931344
VI-001i,HE,340.2610282713079,31.156312220804573,0.0,1296.9825516599635,41.83375130547917
VI-001i,AMM,192.3292410393917,18.05308076883953,0.0,1296.9825516599635,21.834607172993618
VI-001i,ZIR,133.16059570611864,12.499186169080662,0.0,1296.9825516599635,15.117354399425015
FA-035a,SIO,2617.847382130148,421.36549665774,0.0,1296.9825516599635,240.51190968769552
FA-035b,LIO,59.258487534547065,7.555296252970808,0.0,1296.9825516599635,8.053871326917015
FA-035b,BRM,1046.8844422212585,133.47492372289352,0.0,1296.9825516599635,142.28295291684327
FA-035b,H2O,150.67571190902555,20.825761699815263,0.0,1296.9825516599635,19.11413294139034
FA-035e,HE,589.0586315863738,57.771387969232414,0.0,1296.9825516599635,56.099980645323015
SL-027d,O,118.4717127328089,16.70487402239248,0.0,1296.9825516599635,9.944735742990924
SL-027d,BOR,214.13450067715024,25.262296093541185,0.0,1296.9825516599635,20.63376452213377
SL-027a,SIO,95.35982320142924,16.458485482823406,0.0,1296.9825516599635,7.657030422041997
SL-027a,HE,300.1648460748534,55.637096382288306,0.0,1296.9825516599635,21.699433655158167
SL-027f,AMM,87.19133425884883,8.549394067216719,0.0,1296.9825516599635,7.288876329814433
AU-322a,ZIR,576.7114565867604,92.82676713382513,0.0,1296.9825516599635,52.984744148678715
AU-322a,HE,512.8424402628226,88.91806021031854,0.0,1296.9825516599635,43.03506205788117
AU-322b,HE,373.88946464141856,49.13303912199526,0.0,1296.9825516599635,52.72197288276651
AU-322b,TAI,906.7010649226961,109.10393284654397,0.0,1296.9825516599635,138.209532889199
AU-322d,AR,130.43826526363944,12.792613883418527,0.0,1296.9825516599635,12.422505612035499
AU-322c,HE,1103.0033593297699,100.53150729581131,0.0,1296.9825516599635,139.86745178721156
AU-322c,H2O,130.90152356916042,12.151927166487175,0.0,1296.9825516599635,15.425004766661962
AU-322c,SIO,34.78139000419196,3.2288464378095445,0.0,1296.9825516599635,4.098524539497312
AU-322e,LES,1012.3026219702894,99.28065625423493,0.0,1296.9825516599635,96.4083275493363
SL-620b,FEO,51.27098665105411,8.849038946978242,0.0,1296.9825516599635,4.116864853303822
SL-620b,HAL,110.5339402937274,19.07743943527273,0.0,1296.9825516599635,8.875454201602999
SL-620e,TIO,1760.5138443611113,207.69479870076182,0.0,1296.9825516599635,169.64117406410955
SL-620d,CLI,791.7861807557292,93.41015519578883,0.0,1296.9825516599635,76.29564387770185
SL-620d,BRM,59.46052502475989,7.014793899641721,0.0,1296.9825516599635,5.729550669525794
SL-620d,HE,296.6578140880017,36.67991850712555,0.0,1296.9825516599635,29.519249379973367
YA-646b,TAI,822.2819153815981,133.35368616513887,0.0,1296.9825516599635,77.85033881094787
YA-646b,AMM,417.1596422343142,72.93335399183677,0.0,1296.9825516599635,35.74858009313425
YA-646b,O,729.6304281785858,127.5636205279759,0.0,1296.9825516599635,62.52582742766694
EW-369a,HE,728.5190988033679,135.03475788884674,0.0,1296.9825516599635,52.66590028019827
EW-369a,CLI,66.344350418968,11.450603530707554,0.0,1296.9825516599635,5.32719852485044
EW-369d,BRM,91.92164431300758,8.533324106997426,0.0,1296.9825516599635,10.831744070101823
EW-369d,SIO,926.9839028879911,86.05431445913871,0.0,1296.9825516599635,109.23273259773474
EW-369b,CLI,82.82671701598373,14.295352841814616,0.0,1296.9825516599635,6.6506697543850475
EW-369b,GAL,774.1880831377164,133.61982960457095,0.0,1296.9825516599635,62.16435293138236
EW-369f,O,1372.1285737775374,134.57025825407717,0.0,1296.9825516599635,130.676951841809
EW-369c,BOR,124.48808398468907,20.188872663324517,0.0,1296.9825516599635,11.786030234699066
EW-369c,SIO,641.8773936465234,104.09655728487316,0.0,1296.9825516599635,60.77036553489096
EW-369g,AR,373.79642990992994,41.03488462700389,0.0,1296.9825516599635,32.70618417412869
NJ-257a,HE,374.39834179245486,64.91423424528593,0.0,1296.9825516599635,31.41755558519856
NJ-257a,FEO,35.82714609975664,5.766693395957047,0.0,1296.9825516599635,3.291580474069114
NJ-257a,CLI,1683.4125324009199,270.96001189259255,0.0,1296.9825516599635,154.66171394242713
NJ-257d,H2O,30.786941261144793,3.6320575315703514,0.0,1296.9825516599635,2.9665957345985574
NJ-257f,AR,379.5260687213913,37.22167299627471,0.0,1296.9825516599635,36.14479776372417
NJ-257c,HE,2147.0717678798146,265.47225029919343,0.0,1296.9825516599635,213.64664587578764
NJ-257c,BRM,48.30365428168411,5.698573620809172,0.0,1296.9825516599635,4.654486898911859
NJ-257g,NE,576.563684540461,56.54595743526254,0.0,1296.9825516599635,54.9100035363342
NJ-257e,AMM,764.7219863303886,74.98347936268328,0.0,1296.9825516599635,63.927958350821534
NJ-257b,MAG,1882.8921729735187,174.79375277274113,0.0,1296.9825516599635,221.87381744172092
NJ-257b,LST,695.7955068604272,64.59249741023598,0.0,1296.9825516599635,81.9902528046099
NJ-257b,GAL,110.49892134988546,10.257900806706516,0.0,1296.9825516599635,13.020829262025067
NJ-257b,LIO,45.09430401414447,4.186220932056554,0.0,1296.9825516599635,5.313764388693153
GK-115a,BRM,49.24679698905976,4.571707600314162,0.0,1296.9825516599635,5.803080495833474
GK-115a,TCO,611.186770904056,56.738049509580726,0.0,1296.9825516599635,72.02023778993563
GK-115b,SIO,46.245956123370206,4.29313177748341,0.0,1296.9825516599635,5.449471283387604
GK-115b,GAL,96.09084299231579,8.920361609023137,0.0,1296.9825516599635,11.323028722472674
GK-115b,CLI,50.454372645492036,4.683809973341431,0.0,1296.9825516599635,5.945377237297539
GK-115c,LIO,51.74923642860171,6.1050626085005435,0.0,1296.9825516599635,4.9864993977681555
GK-115c,FEO,41.12741869829083,4.851964655082466,0.0,1296.9825516599635,3.962992745868568
GK-115c,H2O,36.78698524020179,4.33990651010434,0.0,1296.9825516599635,3.5447533607391777
GK-115d,TAI,1032.0660196106753,121.75692050108523,0.0,1296.9825516599635,99.44874437608523
GK-115d,BOR,115.2454231948565,13.59595952528629,0.0,1296.9825516599635,11.10492198565211
GK-115f,AMM,62.99883063476619,6.177240358215985,0.0,1296.9825516599635,5.266471597469946
GK-115g,LES,1732.075236861673,169.8716989022906,0.0,1296.9825516599635,164.95707227394243
GK-115g,HE3,1047.3495068247257,102.71784751749847,0.0,1296.9825516599635,99.74607604598059
GK-115h,AMM,659.146973818379,64.63150581750378,0.0,1296.9825516599635,55.10227382311225
GK-115h,HE,1658.7122209715355,162.67668803865527,0.0,1296.9825516599635,157.9702231712725
GK-115i,SCR,75.2681818285599,8.87968585054111,0.0,1296.9825516599635,7.252759060069468
GK-115i,HE,365.37895516484195,45.17686594862269,0.0,1296.9825516599635,36.35741916612912
GK-115i,BOR,646.0303910756528,76.21476676187395,0.0,1296.9825516599635,62.250776598090816
NJ-325a,CLI,2352.7806335352584,381.5625326920558,0.0,1296.9825516599635,222.75179113425438
NJ-325a,LST,45.525938670430854,7.3831755560531676,0.0,1296.9825516599635,4.310212451327847
NJ-325a,N,717.0133158993791,125.3577304488554,0.0,1296.9825516599635,61.44460143360508
NJ-325b,SIO,1165.540904560752,201.1647821203436,0.0,1296.9825516599635,93.58849319072839
NJ-325c,HE,153.67445574361318,12.889492827314093,0.0,1296.9825516599635,29.69136486960945
NJ-325c,CUO,48.15872971780564,3.781559746200764,0.0,1296.9825516599635,9.649255814364432
NJ-325d,TAI,890.6309556348583,105.07126521028748,0.0,1296.9825516599635,85.82021746416133
NJ-325d,H2O,748.4377301065502,88.29616659501279,0.0,1296.9825516599635,72.11863494048701
NJ-325i,AMM,84.78201050452317,8.313152032542893,0.0,1296.9825516599635,7.087465684673609
NJ-325i,O,674.6771411978111,66.15428926823557,0.0,1296.9825516599635,56.40053895888762
NJ-325h,HE,166.02113299953712,16.282371178872065,0.0,1296.9825516599635,15.811299331793164
NJ-325j,HE,451.5998745226537,55.83755360108353,0.0,1296.9825516599635,44.93692288868674
NJ-325j,BER,105.8779026881857,12.490835988660931,0.0,1296.9825516599635,10.202278032063692
NJ-325j,LES,891.7569288816228,110.26027269869718,0.0,1296.9825516599635,88.73521586108279
SG-928a,HE,883.5832704660611,154.4796881620905,0.0,1296.9825516599635,75.71884745137328
SG-928b,SIO,930.924955221785,160.67159466887665,0.0,1296.9825516599635,74.74972649345742
SG-928b,H2O,499.38669629922714,108.17231656942002,0.0,1296.9825516599635,26.723706634275132
SG-928b,TAI,2519.211665964758,434.7995543664023,0.0,1296.9825516599635,202.2830969926352
SG-928d,FEO,543.1670521070862,50.42360299919303,0.0,1296.9825516599635,64.00501796618826
SG-928d,HE,602.5511000562144,54.91857282121837,0.0,1296.9825516599635,76.40709905693689
SG-928i,TAI,122.97986373993795,11.416538985680106,0.0,1296.9825516599635,14.4915424409842
SG-928i,BER,767.1278021071023,71.21445896439604,0.0,1296.9825516599635,90.3958157361641
SG-928i,HE,559.5496570628948,50.99927389665285,0.0,1296.9825516599635,70.9542577724794
SG-928g,AR,528.778586737789,51.848461211826184,0.0,1296.9825516599635,44.203953951933535
SG-928g,LES,1470.6034696077131,144.2280938364434,0.0,1296.9825516599635,140.0553726880419
EM-789a,O,101.7476256474119,9.273627395223647,0.0,1296.9825516599635,12.902210137737097
EM-789a,HE,117.50649939392136,10.709945170342348,0.0,1296.9825516599635,14.900529993535185
EM-789a,FEO,39.11191269079192,3.630860064889902,0.0,1296.9825516599635,4.6088190820023875
EM-789c,SCR,1816.2754543766173,214.27321693047122,0.0,1296.9825516599635,175.01430135932162
EM-789c,LIO,71.94023242578918,8.487074464093523,0.0,1296.9825516599635,6.932081522815078
EM-789b,BOR,100.80219703006951,9.357728795907484,0.0,1296.9825516599635,11.878199178157917
EM-789b,TCO,1075.7434386731893,99.86404711077651,0.0,1296.9825516599635,126.7620667567888
EM-789g,O,102.3943692701151,11.328146334354303,0.0,1296.9825516599635,8.478472964110722
IZ-654c,LST,32.56189616377458,3.022805081224654,0.0,1296.9825516599635,3.8369866892527584
IZ-654c,H2O,117.8312703694771,10.938581740097375,0.0,1296.9825516599635,13.884849141199927
IZ-654c,AMM,666.8615351362821,61.9064819427136,0.0,1296.9825516599635,78.58076879254952
IZ-654c,HE,321.7956330371492,29.329557119474178,0.0,1296.9825516599635,40.80561931969803
IZ-654b,FEO,882.7898756185692,81.95166854693875,0.0,1296.9825516599635,104.02505385800902
IZ-654b,BRM,837.4243059975558,77.74026532664318,0.0,1296.9825516599635,98.67932442288328
IZ-654a,O,195.65023690809684,17.91489286372989,0.0,1296.9825516599635,24.054424908001067
IZ-654a,HE,305.057313102542,27.932851847741233,0.0,1296.9825516599635,37.50559338248361
IZ-654a,SIO,43.546535205837756,4.087517389584505,0.0,1296.9825516599635,4.943717787404274
MG-623a,SIO,988.4036698568384,170.59204710505728,0.0,1296.9825516599635,79.36504824851994
MG-623a,FEO,643.7687469590246,111.11030012859457,0.0,1296.9825516599635,51.69217721610903
MG-623a,AR,1119.1340647719549,207.43724870064221,0.0,1296.9825516599635,80.90412887220833
MG-623c,HE,1377.5959342091658,170.3312847425966,0.0,1296.9825516599635,137.0791396537917
MG-623c,ALO,141.15983571830873,16.65318552197258,0.0,1296.9825516599635,13.60200622031512
MG-623c,FEO,525.5583779652663,62.00220570069269,0.0,1296.9825516599635,50.642226167560516
MG-623b,LIO,153.35690076703352,26.468403990572636,0.0,1296.9825516599635,12.313974745138278
MG-623b,AMM,1760.2464260364638,381.2875574148555,0.0,1296.9825516599635,94.19615989378238
MG-623b,BOR,2166.524922002989,373.92811542489187,0.0,1296.9825516599635,173.96369541130207
MG-623d,FEO,44.44839163949184,5.243753000696827,0.0,1296.9825516599635,4.282998038973733
MG-623d,HE,133.60183880685793,16.5190476269874,0.0,1296.9825516599635,13.294192197454578
MG-623d,AMM,708.2569913624033,99.86640307016646,0.0,1296.9825516599635,59.45240812977912
MG-623i,BOR,152.22728531596974,17.95885643372346,0.0,1296.9825516599635,14.668453467893514
MG-623i,SIO,695.4295340001983,82.0425795215214,0.0,1296.9825516599635,67.01082357546737
MG-623i,BRM,81.2397139512797,9.584171172332777,0.0,1296.9825516599635,7.828169315151759
MG-623i,GAL,61.65583993400153,7.273783903963553,0.0,1296.9825516599635,5.941088795077625
MG-623e,N,629.9280895065626,61.77962277472347,0.0,1296.9825516599635,59.99225159317896
IC-945a,SCR,143.20283407621514,24.715878098515926,0.0,1296.9825516599635,11.498641883259882
IC-945b,BRM,679.7248987561529,110.23448178997528,0.0,1296.9825516599635,64.35361483275054
IC-945c,AMM,1144.9096533879676,247.9992566631373,0.0,1296.9825516599635,61.26761070454458
IC-945c,H,208.855932300203,38.712520094712595,0.0,1296.9825516599635,15.09855502967287
IC-945c,TIO,136.90776510229017,23.629390122317968,0.0,1296.9825516599635,10.99317183283435
HM-517j,FEO,1384.846749612951,128.55890733121907,0.0,1296.9825516599635,163.1857837207685
HM-517j,BRM,468.148760087092,43.45946082632067,0.0,1296.9825516599635,55.165109304744185
HP-937b,HEX,126.8631345932182,27.479865318606365,0.0,1296.9825516599635,6.788833616709568
HP-937b,HE,610.4616301087198,113.15219952031909,0.0,1296.9825516599635,44.13132255420906
HP-937b,BRM,64.80837653719229,11.185504425167032,0.0,1296.9825516599635,5.203865675172482
HP-937f,HE3,367.26891493072054,36.01956381890402,0.0,1296.9825516599635,34.97746729176154
HP-937a,AMM,372.45751509755286,56.753603715751325,0.0,1296.9825516599635,42.74575348743346
HP-937a,BRM,68.76264545752531,8.274254153421758,0.0,1296.9825516599635,10.481572677672368
HP-937a,SIO,1192.8022581458179,143.53067676505128,0.0,1296.9825516599635,181.82028157380697
HP-937c,H,104.16194085478307,13.687983211694053,0.0,1296.9825516599635,14.68782498706933
HP-937c,N,314.9316104070815,41.385352084536876,0.0,1296.9825516599635,44.408354324003625
HP-937c,BRM,476.51790277511117,57.33971126303274,0.0,1296.9825516599635,72.63619654125358
HP-937e,AMM,190.3855836009572,22.460542181011743,0.0,1296.9825516599635,18.345345042525185
HP-937e,BRM,523.5069644822801,61.76019231819898,0.0,1296.9825516599635,50.444554224872086
HP-937e,BER,1773.4433122984638,209.2201392989955,0.0,1296.9825516599635,170.88704334707032
HP-937d,HE,476.0678231469106,43.59158558827718,0.0,1296.9825516599635,58.53066106115703
HP-937d,BRM,81.67522384902173,7.666485891541797,0.0,1296.9825516599635,9.272362428469501
HP-937g,HE,289.65320044711126,28.407473419912435,0.0,1296.9825516599635,27.585605349976316
RC-040d,H,158.3866032943655,19.583531683862425,0.0,1296.9825516599635,15.760426387104514
RC-040d,BRM,62.30919454299843,7.3508627377543,0.0,1296.9825516599635,6.004045325243766
RC-040d,GAL,93.96824364847734,11.085806289650192,0.0,1296.9825516599635,9.05467641071288
RC-040d,BOR,188.9969969416954,22.296725107037744,0.0,1296.9825516599635,18.21154236217624
SG-875a,AMM,762.9975006191008,90.01384045223308,0.0,1296.9825516599635,73.52159838310021
SG-875a,HE,643.7630450761634,79.5973505834839,0.0,1296.9825516599635,64.0583223052303
SG-875c,MAG,1019.536862476604,95.6993394536903,0.0,1296.9825516599635,115.74520218692939
SG-875c,N,291.25446032977015,26.66898101095714,0.0,1296.9825516599635,35.80858707783602
SG-875c,LIO,89.37757320826219,8.389470781102649,0.0,1296.9825516599635,10.1467888633647
SG-875c,CUO,89.25534765968726,8.377998018622467,0.0,1296.9825516599635,10.132912934643644
SG-875b,ZIR,760.3461433898179,93.41658806743708,0.0,1296.9825516599635,68.03811812721713
SG-875b,AMM,791.4475888735175,102.22267486193512,0.0,1296.9825516599635,73.00592864014831
SG-875b,BRM,89.65544964627044,11.015122888987417,0.0,1296.9825516599635,8.022646168212816
SG-875d,ZIR,122.35273585669594,11.48470097824084,0.0,1296.9825516599635,13.890367941632142
SG-875d,MAG,757.0957715414198,71.06517469480762,0.0,1296.9825516599635,85.95099047136402
SG-875d,MGS,58.22781381532657,5.4655829769834225,0.0,1296.9825516599635,6.610442771619269
OS-456a,TAI,185.13098637391653,31.952404580488093,0.0,1296.9825516599635,14.865312740077256
OS-456a,CLI,62.592241152945036,10.803013866511526,0.0,1296.9825516599635,5.025918448690096
OS-456b,HE,388.50847446077495,48.036689093655845,0.0,1296.9825516599635,38.6589464332754
OS-456b,MAG,642.7534465382105,75.82817262162474,0.0,1296.9825516599635,61.93501383345525
OS-456d,HE,221.84607887489605,21.757351823568488,0.0,1296.9825516599635,21.127881103457813
MG-197d,SIO,53.06344793743671,6.260105351079352,0.0,1296.9825516599635,5.113135370578833
MG-197d,BRM,935.3191417319464,110.34330771393796,0.0,1296.9825516599635,90.12632183283021
GK-258g,AR,252.32417472228428,26.869825021650595,0.0,1296.9825516599635,19.752583727702323
OE-563a,H2O,464.5584829675924,43.12616611076594,0.0,1296.9825516599635,54.74204286386613
OE-563a,SIO,60.70182206784042,5.635107220518594,0.0,1296.9825516599635,7.152902954920973
OE-563i,O,1153.7925366275085,113.1331129554432,0.0,1296.9825516599635,96.4528319382531
OE-563g,HE,1480.8039025569224,145.22849199337372,0.0,1296.9825516599635,141.0268279224444
OE-563c,HE,709.9636509880023,65.0084709612034,0.0,1296.9825516599635,87.28723051903663
OE-563c,ZIR,1260.25284541989,118.29426604384768,0.0,1296.9825516599635,143.07302243632765
OE-563c,LST,600.7278042547168,56.38761694108086,0.0,1296.9825516599635,68.19896731724886
OE-563c,CUO,721.5649634816222,67.73005755807286,0.0,1296.9825516599635,81.91727603287244
OE-563j,LES,400.2800116345425,49.49216743851182,0.0,1296.9825516599635,39.830285683132466
OE-563j,O,1327.9361438595297,156.66189219117473,0.0,1296.9825516599635,127.95846351793281
OE-563f,FEO,35.0923998057598,4.1399895473295345,0.0,1296.9825516599635,3.3814649756058017
OE-563f,BOR,112.34218799240095,13.253453357052326,0.0,1296.9825516599635,10.825169440731033
OE-563e,HE,851.7339522918559,83.53303044198819,0.0,1296.9825516599635,81.11630265030968
OE-563b,HEX,479.7170676392606,67.64157448604298,0.0,1296.9825516599635,40.26834219772184
OE-563b,SIO,651.1681554946119,76.82088920174316,0.0,1296.9825516599635,62.74584591599973
OE-563d,H2O,157.35673816550275,14.770369228676598,0.0,1296.9825516599635,17.864275579206712
OE-563h,AMM,626.6284191556315,66.72922241730149,0.0,1296.9825516599635,49.054080248761146
HV-594a,AMM,233.22950155420918,40.77625943652126,0.0,1296.9825516599635,19.98664940773266
HV-594a,BRM,55.3535775724202,8.976974287808087,0.0,1296.9825516599635,5.2406537074467625
HV-594b,GAL,60.51666734356081,7.139391196621409,0.0,1296.9825516599635,5.831319379561242
HV-594b,BOR,252.9031917446938,29.83599229761027,0.0,1296.9825516599635,24.369472872677047
HV-594b,LIO,1212.261083528229,143.01524666938005,0.0,1296.9825516599635,116.81214217124676
HV-594b,HE,2059.7007016223465,254.66935403955236,0.0,1296.9825516599635,204.9526955701898
HV-594d,BER,151.5825226685303,14.228369592114946,0.0,1296.9825516599635,17.20874485269184
HV-594d,TAI,126.33327295229813,11.858336091143666,0.0,1296.9825516599635,14.342267316632547
HV-594e,H,36.38050850598235,3.5679851863929195,0.0,1296.9825516599635,3.4647583680358207
HV-594g,HE,145.57451019698934,15.980979893268284,0.0,1296.9825516599635,12.737378852731586
HV-594i,BRM,71.32343834501305,6.621139345059771,0.0,1296.9825516599635,8.404519263408623
AU-709a,ALO,805.3183974267471,129.62305931800358,0.0,1296.9825516599635,73.98776070518542
AU-709a,SIO,578.396557803714,93.09799895430754,0.0,1296.9825516599635,53.139561008696276
AU-709e,HE,757.989237385632,74.33910303899349,0.0,1296.9825516599635,72.18836846882178
AU-709b,SIO,571.4750223724546,91.98391711953927,0.0,1296.9825516599635,52.50365239312653
MG-197a,SIO,682.5656514616114,109.86492822037897,0.0,1296.9825516599635,62.70998433326413
MG-197b,AMM,1064.534837071869,230.5892412598746,0.0,1296.9825516599635,56.9665089172271
MG-197b,SIO,43.26110661775443,7.466585731133313,0.0,1296.9825516599635,3.4737020093215034
MG-197f,HE3,1380.9370453634142,135.43414107000876,0.0,1296.9825516599635,131.51584131559835
MG-197f,O,849.3592449875672,83.3001331892649,0.0,1296.9825516599635,80.89014344192981
MG-197e,TIO,1455.931927306809,171.76206227093707,0.0,1296.9825516599635,140.29199616739163
MG-197e,AMM,940.3448297877576,110.93620806086099,0.0,1296.9825516599635,90.61059159588746
MG-197e,BER,108.90795560970967,12.848303346048834,0.0,1296.9825516599635,10.494250592648836
MG-197c,N,57.49112792769429,8.760270794174568,0.0,1296.9825516599635,6.5980722162850185
MG-197c,BRM,41.0695454398239,4.941925294955579,0.0,1296.9825516599635,6.260280163775631
JS-952c,H,167.2752245223619,13.852541976211018,0.0,1296.9825516599635,33.942856998346286
JS-952c,H2O,35.45074389871547,2.924166932474922,0.0,1296.9825516599635,6.431278276190628
JS-952c,O,73.18291267587325,6.0604872758571355,0.0,1296.9825516599635,14.850000331923372
JS-952c,FEO,63.388794897157055,4.791350513617197,0.0,1296.9825516599635,13.577142317635692
GK-476a,FEO,50.19654662951171,8.079574441744926,0.0,1296.9825516599635,4.6117536767050185
GK-476e,HE,1879.335416128161,184.31410665703638,0.0,1296.9825516599635,178.9816409054699
GK-476d,LIO,105.11186708731768,12.400463731476188,0.0,1296.9825516599635,10.128463685688406
GK-476d,HEX,396.4485424149364,55.90045762517792,0.0,1296.9825516599635,33.2786274382833
GK-476d,H2O,107.38759809686059,12.66894074200241,0.0,1296.9825516599635,10.347750618051645
GK-476f,O,65.19133533726954,7.212281219140142,0.0,1296.9825516599635,5.397982116509152
GK-476b,BRM,1201.1247129007058,112.74417419972268,0.0,1296.9825516599635,136.36036897057264
GK-476b,AMM,578.8104236741638,52.99930576318982,0.0,1296.9825516599635,71.16245853961583
AU-290b,HE,682.9574970736006,62.5356277810279,0.0,1296.9825516599635,83.96693041792793
AU-290a,TAI,1327.0422573390451,123.19276673288482,0.0,1296.9825516599635,156.37429257423202
AU-290a,BER,115.27439502339016,10.701220385299854,0.0,1296.9825516599635,13.583555364582313
AU-290c,CUO,2005.2815649703552,246.3701085914783,0.0,1296.9825516599635,179.43877953732897
AU-290c,TAI,1074.3196534801589,131.99156383496643,0.0,1296.9825516599635,96.13343623208131
AU-290c,H2O,54.97050799886603,6.7537099336020505,0.0,1296.9825516599635,4.918930607138615
EZ-176a,FEO,564.2936777239619,69.32946329678765,0.0,1296.9825516599635,50.4947387939087
EZ-176a,SIO,39.836404781194986,4.894324838607981,0.0,1296.9825516599635,3.564684371492897
EZ-176a,BER,593.5146352270234,72.91956784815657,0.0,1296.9825516599635,53.109520200598126
EZ-176c,FEO,33.33017015622925,3.094125944005008,0.0,1296.9825516599635,3.927517568287596
YA-646c,SIO,62.55435207208931,10.14476091282365,0.0,1296.9825516599635,5.922394025474215
YA-646c,HE,211.20634859334712,36.92588119209673,0.0,1296.9825516599635,18.099370850996085
GM-332c,MAG,560.041089598891,66.07026791692657,0.0,1296.9825516599635,53.964942262738425
GM-332c,LIO,91.85515201650308,10.83651649136495,0.0,1296.9825516599635,8.851061229553515
GM-332c,HAL,95.24004990039981,11.235846315933124,0.0,1296.9825516599635,9.177226259695466
GM-332c,LST,32.40699881149701,3.8231821443541603,0.0,1296.9825516599635,3.1227026949462102
HP-933a,CLI,1505.1077605339533,259.77181369671035,0.0,1296.9825516599635,120.85441776162236
HP-933b,BRM,1259.001164450439,204.17869227703252,0.0,1296.9825516599635,119.19715779029285
HP-933b,NE,2666.88996635971,466.26089938139035,0.0,1296.9825516599635,228.53967620490977
HP-933e,N,831.6887606446078,81.5671165558745,0.0,1296.9825516599635,79.20726541166681
HP-933e,HE,98.83940271258916,9.693584262365428,0.0,1296.9825516599635,9.413135266753983
HP-933d,FEO,40.96300912754507,3.8450134171892274,0.0,1296.9825516599635,4.650417212120705
HP-933d,BRM,1654.5781157727502,155.30780551607305,0.0,1296.9825516599635,187.83968053786808
HP-933d,TAI,527.9564205574047,49.5568944755421,0.0,1296.9825516599635,59.93743325264675
HP-933d,SIO,41.42372867070339,3.8882590884115045,0.0,1296.9825516599635,4.702721428512442
HP-933c,SIO,507.7527078775869,59.901600200521344,0.0,1296.9825516599635,48.926491418670594
HP-933c,GAL,97.14435101678272,11.460504269234434,0.0,1296.9825516599635,9.36072261684682
KI-446b,H2O,15.549226297812623,1.2825833357838408,0.0,1296.9825516599635,2.8208548059359004
KI-446b,O,48.59055207407954,4.023923232955948,0.0,1296.9825516599635,9.859811369140902
QV-420a,MAG,193.2005114142989,18.13486300000049,0.0,1296.9825516599635,21.93352009062776
QV-420a,O,59.286373618347056,5.4286110174794,0.0,1296.9825516599635,7.289025788096076
QV-420a,HE,782.0562951206227,71.6096998495976,0.0,1296.9825516599635,96.15073675400195
QV-420c,ALO,125.1998757862844,11.622628448662347,0.0,1296.9825516599635,14.753141354910118
QV-420c,MAG,549.8784625654569,51.04664059914452,0.0,1296.9825516599635,64.79586848869346
QV-420c,SIO,864.2146742603996,80.2272845378554,0.0,1296.9825516599635,101.83621325723414
QV-420c,H,1437.193984206341,130.9907864619106,0.0,1296.9825516599635,182.2448305297972
QV-420b,SCR,1709.39321025136,201.66389480024,0.0,1296.9825516599635,164.71524609310453
OF-208b,H2O,32.486094029821665,6.659989008031582,0.0,1296.9825516599635,2.097779014856184
OZ-189b,MGS,1423.6171320399014,245.70706104692346,0.0,1296.9825516599635,114.31103082420901
OZ-189b,SIO,1734.3459601528932,299.33683651106,0.0,1296.9825516599635,139.26137164899126
CC-674d,TAI,98.28852696473747,9.225901929188414,0.0,1296.9825516599635,11.158424815120467
CC-674d,AMM,1438.0356369172655,131.6750481712922,0.0,1296.9825516599635,176.8008093928575
CC-674d,LST,596.20431199842,55.963017069429405,0.0,1296.9825516599635,67.68542774348175
CC-674d,FEO,42.88261471051303,4.0251981589703165,0.0,1296.9825516599635,4.868344728522675
CC-674c,HE,1166.9494086004513,106.85278976835659,0.0,1296.9825516599635,143.47182688974365
CC-674c,TAI,172.00070934940632,16.14493293584281,0.0,1296.9825516599635,19.5267651545058
CC-674c,BER,752.9020897160252,70.67153264483377,0.0,1296.9825516599635,85.47489336428265
CC-674c,FEO,553.2696354060388,51.932932095779925,0.0,1296.9825516599635,62.81117257339993
CC-674e,HE,126.1627842504618,15.599254174933822,0.0,1296.9825516599635,12.55396121019212
CC-674a,BER,143.26512956647665,13.447653312852916,0.0,1296.9825516599635,16.264494201541442
CC-674b,HAL,92.47575696566132,10.909731717931313,0.0,1296.9825516599635,8.910862038585725
CC-674b,BRM,63.472941815853815,7.488154617820131,0.0,1296.9825516599635,6.116182730077828
CC-674b,GAL,628.2489560048081,74.11702036273104,0.0,1296.9825516599635,60.53737710871761
HV-472b,HE,119.25435322527916,10.002496010708018,0.0,1296.9825516599635,23.041074046870076
HV-472b,CUO,375.2116495008766,29.462680564298665,0.0,1296.9825516599635,75.17875184371812
HV-472b,MGS,535.8753117437216,42.07844600028163,0.0,1296.9825516599635,107.36989945367405
HV-472c,GAL,212.56816900165538,25.07750973523873,0.0,1296.9825516599635,20.48283452788474
HV-472c,BRM,81.78398024748408,9.648380425325499,0.0,1296.9825516599635,7.880614215705858
HV-472d,HE,111.36683618183457,13.76982597982174,0.0,1296.9825516599635,11.081674757217115
HV-472d,HEX,66.09308988585356,9.31932792078298,0.0,1296.9825516599635,5.54797679708514
HV-472d,AMM,1294.7708680357264,152.74925310109148,0.0,1296.9825516599635,124.76269408565565
HV-472e,O,499.87446833476827,49.02473250975056,0.0,1296.9825516599635,47.6063782023703
HV-472e,LES,605.437341391597,59.377714993156644,0.0,1296.9825516599635,57.65983437430389
HV-472f,AMM,881.0610663850339,86.39090475947597,0.0,1296.9825516599635,73.65347951701047
HV-472f,LES,887.3098334645025,87.02210253662386,0.0,1296.9825516599635,84.50443099307067
HV-472a,H,329.7582262506493,57.17440584982856,0.0,1296.9825516599635,27.67158997902122
HV-472a,LST,772.3121935522269,124.31042131499778,0.0,1296.9825516599635,70.95535126084921
HV-472a,HAL,126.99962635795812,20.441703745206333,0.0,1296.9825516599635,11.667953935542961
HV-472a,FEO,1052.3664821578254,169.38761535424962,0.0,1296.9825516599635,96.68503750174592
HV-472a,GAL,56.7717312921938,9.137908082552121,0.0,1296.9825516599635,5.215841688315578
UY-408c,MGS,69.57989144329886,6.531151442830722,0.0,1296.9825516599635,7.899212769694274
UY-408a,FEO,745.3547354442338,58.527363174073045,0.0,1296.9825516599635,149.34194811393058
UY-408a,BRM,296.29516509977213,23.265934876204646,0.0,1296.9825516599635,59.36676198396449
UY-408b,GAL,57.593794994657316,5.406070482072873,0.0,1296.9825516599635,6.538464367218648
UY-408b,BER,106.78508246214663,10.023435376638762,0.0,1296.9825516599635,12.123015277844084
UY-408f,HE,75.27308379338768,7.3823390309334584,0.0,1296.9825516599635,7.168757603212597
UP-305f,HE3,651.2717639099317,63.872884172702335,0.0,1296.9825516599635,62.02495200146338
UP-305c,O,715.617571573608,65.22383863035373,0.0,1296.9825516599635,90.74460684414672
UP-305c,AMM,166.81435958196232,15.447463427355878,0.0,1296.9825516599635,19.14781914043454
UP-305g,HE,399.109281439309,39.142278720299196,0.0,1296.9825516599635,38.00983766898753
UP-305d,CLI,78.7306068356783,9.288161857232728,0.0,1296.9825516599635,7.586394518374911
UP-305d,H,154.49957114665042,19.102924008480343,0.0,1296.9825516599635,15.373643144367021
UP-305e,FEO,47.421180475730665,5.594464686890105,0.0,1296.9825516599635,4.569452695402319
UP-305b,BOR,124.8356544379076,15.021556040423379,0.0,1296.9825516599635,19.02884881827251
EW-985h,HE,618.7377617620741,60.682141588701825,0.0,1296.9825516599635,58.92652207795231
EW-985h,AMM,57.60540787627463,5.648397705154283,0.0,1296.9825516599635,4.815601200598346
EW-985d,H,66.31733740762145,6.504012373342858,0.0,1296.9825516599635,6.315842168372326
EW-985b,MGS,100.3001846558604,17.31115974906971,0.0,1296.9825516599635,8.053722620941713
EW-985b,MAG,701.4924227854796,121.07303127374497,0.0,1296.9825516599635,56.327168421384584
EW-985b,HAL,200.7992749012828,34.65664930967172,0.0,1296.9825516599635,16.123416602769584
EW-985b,ALO,688.3276319151761,118.8008739631592,0.0,1296.9825516599635,55.27008588065036
EW-985a,SIO,63.39445297227331,10.203893223245077,0.0,1296.9825516599635,5.82429711221807
EW-985c,AMM,102.05221429072614,15.550312971007788,0.0,1296.9825516599635,11.71220506525571
EW-985c,FEO,1396.6870345257787,168.0642654098253,0.0,1296.9825516599635,212.89868304132455
YV-800f,HE,400.30701030785264,39.259744886545235,0.0,1296.9825516599635,38.12390537420508
YV-800f,H,559.3775657846456,54.86044451500593,0.0,1296.9825516599635,53.27325487012255
YV-800c,HE,847.2428007626366,104.75637388234644,0.0,1296.9825516599635,84.30579048789295
YV-800d,H,75.50717108278509,7.405296928312914,0.0,1296.9825516599635,7.191051296404299
YV-800b,AMM,544.5501964180901,64.2427458266081,0.0,1296.9825516599635,52.47225686585282
YV-800b,HE,1048.770220515785,129.6740028220108,0.0,1296.9825516599635,104.35898941974727
YV-599a,FEO,43.33143365612806,7.478723720710721,0.0,1296.9825516599635,3.4793490025125613
YV-599a,HE,2000.0959973137444,370.728069031187,0.0,1296.9825516599635,144.5903841345696
YV-599a,GAL,181.26500080100286,31.28516060611326,0.0,1296.9825516599635,14.554888830414098
YV-599d,MGS,597.3623221768308,70.47320170376794,0.0,1296.9825516599635,57.56117510823416
YV-599b,MGS,533.6918491923714,62.96174355077138,0.0,1296.9825516599635,51.42595849241676
YV-599c,O,52.28686786440334,4.78769487210379,0.0,1296.9825516599635,6.428464164393833
YV-599c,FEO,786.0066045552228,73.77890455029909,0.0,1296.9825516599635,89.23315743926211
YV-599c,HAL,100.03124859933041,9.389483370350899,0.0,1296.9825516599635,11.35627118573772
YV-599e,LES,719.8753997949478,70.60112318371507,0.0,1296.9825516599635,68.55853361622299
YV-131c,MAG,137.46259528051883,16.21700740787558,0.0,1296.9825516599635,13.245744205862406
YV-131c,BER,735.3538723497561,86.75261201762011,0.0,1296.9825516599635,70.85788882465293
YV-131c,BOR,1950.7821681463545,230.1415072763757,0.0,1296.9825516599635,187.97522008000567
YV-131c,HE,475.75636552048144,58.824355495860495,0.0,1296.9825516599635,47.34064006061477
YV-131a,BRM,690.1219959141133,81.41642820898454,0.0,1296.9825516599635,66.49939505407441
YV-131a,HE,224.05465733705512,27.702983646428446,0.0,1296.9825516599635,22.294795520589357
YV-131b,CLI,43.45553921976791,5.1266222640572865,0.0,1296.9825516599635,4.187327873871746
YV-131b,SIO,713.3166511811612,84.15279365822715,0.0,1296.9825516599635,68.73440647651637
YV-131b,LIO,1524.8198014180591,179.8890379219872,0.0,1296.9825516599635,146.92995580652976
YV-131d,SIO,39.56557558323656,4.667707830052448,0.0,1296.9825516599635,3.8124952643574797
YV-441a,GAL,96.41841312611659,11.374862497910632,0.0,1296.9825516599635,9.290772041641363
YV-441a,BRM,43.49547295450337,5.131333405082287,0.0,1296.9825516599635,4.191175844546324
YV-441h,LES,746.335338362254,73.1961575226521,0.0,1296.9825516599635,71.07848997015117
YV-441b,HE,584.2962432661812,53.501619850889604,0.0,1296.9825516599635,71.83691842027014
YV-441c,ALO,172.60351266886462,16.201515372060477,0.0,1296.9825516599635,19.595199749327765
YV-441c,GAL,82.79727772561309,7.771808041993916,0.0,1296.9825516599635,9.399746103930939
YV-441c,SIO,36.77056161877494,3.451487226965009,0.0,1296.9825516599635,4.174460233594269
YV-441c,TIO,538.9060603710221,50.58468791390153,0.0,1296.9825516599635,61.18051559792123
YV-441e,NE,921.8697508764682,113.98353837496504,0.0,1296.9825516599635,91.73162404514936
YV-441e,HE,1516.3426743025339,187.486467846064,0.0,1296.9825516599635,150.88528069229986
YV-441i,GAL,309.4550907618763,29.047157455940376,0.0,1296.9825516599635,35.13158117794873
YV-441i,TAI,1796.1965198845894,168.6008881173898,0.0,1296.9825516599635,203.9172265497871
YV-441d,H,1284.047529362557,158.76459846873587,0.0,1296.9825516599635,127.77050674197977
YV-441d,BRM,590.323051484817,69.6427510293465,0.0,1296.9825516599635,56.882878741197274
YV-441d,TCO,943.235420921705,111.27722255819897,0.0,1296.9825516599635,90.88912577230009
YV-441d,HEX,534.5395542076205,75.37171285066832,0.0,1296.9825516599635,44.870243606251286
YV-441f,HE,235.2048022021845,23.067496428420544,0.0,1296.9825516599635,22.40012138637984
YV-391a,AMM,488.4156599925349,85.39127139576878,0.0,1296.9825516599635,41.85487897742746
YV-391e,F,305.929451492666,30.00375189444232,0.0,1296.9825516599635,29.13570124819787
YV-391b,TAI,148.4040958404423,25.613582061935343,0.0,1296.9825516599635,11.916283382841588
YV-391i,H2O,194.81859196599189,18.085514023811303,0.0,1296.9825516599635,22.95678176825876
YV-391i,SIO,438.8953630333765,40.74379227887812,0.0,1296.9825516599635,51.717985263012075
YV-391c,HE,287.88946194675265,37.83172711273296,0.0,1296.9825516599635,40.59515402646503
YV-391c,SIO,37.400643825846885,4.500443961362954,0.0,1296.9825516599635,5.701025081917507
YV-391c,TAI,559.448681405352,67.31882615836685,0.0,1296.9825516599635,85.27743478398175
YV-391d,FEO,39.84699918254652,4.700908487914662,0.0,1296.9825516599635,3.8396129322754
SG-195a,CLI,1653.7394745645513,266.1838729786421,0.0,1296.9825516599635,151.9355337016634
SG-195a,GAL,117.55304222745102,18.92119317570501,0.0,1296.9825516599635,10.800059189362228
SG-195a,HAL,162.59802478906315,26.17157819760362,0.0,1296.9825516599635,14.938518463839387
SG-195c,BRM,42.66770669426896,5.033678537248482,0.0,1296.9825516599635,4.111413199857902
SG-195c,O,428.9122102104636,60.47793412416415,0.0,1296.9825516599635,36.00368804581309
SG-195c,HAL,94.65384395684116,11.166689276450263,0.0,1296.9825516599635,9.120740100937233
SG-195c,FEO,44.75779343518474,5.280254357320587,0.0,1296.9825516599635,4.312811655064854
IC-548a,N,561.3316438400108,98.13940597831774,0.0,1296.9825516599635,48.10342899218907
IC-548d,HAL,135.66613753004842,16.005072164052613,0.0,1296.9825516599635,13.07263951661359
IC-548d,GAL,640.3541497807647,75.5451180698771,0.0,1296.9825516599635,61.70382024178596
IC-548c,O,21.746789212976218,1.8009140999855255,0.0,1296.9825516599635,4.41277636025862
IC-548b,LIO,140.18046128138204,24.194236204713686,0.0,1296.9825516599635,11.255956864980167
IC-548b,BRM,65.47228441248792,11.30009060790779,0.0,1296.9825516599635,5.257174947651248
IC-548b,GAL,2185.0033450621045,377.1173711035807,0.0,1296.9825516599635,175.44744236851002
IC-548f,LES,1334.057829466569,146.4511288433192,0.0,1296.9825516599635,116.72647884835474
OY-036a,H2O,1162.2473025030113,201.51369603943215,0.0,1296.9825516599635,97.52973011396847
OY-036b,BRM,59.287660588670725,9.6149847585275,0.0,1296.9825516599635,5.613116837179303
OY-036b,H2O,72.99971136308051,14.96570424321533,0.0,1296.9825516599635,4.713932750654833
OY-036b,CLI,996.0494052902376,161.53445346831722,0.0,1296.9825516599635,94.30194465398486
OY-036c,HE,166.11440006108262,21.82919308720156,0.0,1296.9825516599635,23.423711347033365
OY-036c,CLI,1378.1404471864766,165.83254241105243,0.0,1296.9825516599635,210.07160444616233
OY-036d,NE,939.6048877147554,92.15089228006116,0.0,1296.9825516599635,89.48483765205555
JS-572c,LST,17.895214530184095,1.3526404070245692,0.0,1296.9825516599635,3.832946735698685
GY-252e,HAL,124.88054880592665,14.732653497138571,0.0,1296.9825516599635,12.033352072215997
GY-252e,BER,1161.0145195782536,136.96948632629204,0.0,1296.9825516599635,111.87407973960471
AM-884c,BER,106.83629679230637,9.917889891261572,0.0,1296.9825516599635,12.589237637124679
AM-884c,FEO,30.88404718659425,2.8670460189071845,0.0,1296.9825516599635,3.6392744872471665
AM-884c,GAL,149.2091334789834,13.851469968974774,0.0,1296.9825516599635,17.58231327175363
WB-947e,O,30.15165359679421,2.7921251346586433,0.0,1296.9825516599635,3.460963500404049
WB-947e,H2O,450.03724100715203,41.77812164299489,0.0,1296.9825516599635,53.03090749775023
WB-947e,AMM,205.7491668430844,19.10022757467449,0.0,1296.9825516599635,24.244804741440028
WB-947e,N,728.2563659111075,66.37578167241539,0.0,1296.9825516599635,92.34728188833047
VB-030a,BRM,61.30114065091194,7.231938623145932,0.0,1296.9825516599635,5.906910363016016
VB-030d,HE,314.2431245403213,28.773959072423725,0.0,1296.9825516599635,38.634952666382205
VB-030c,TAI,716.2249713620387,66.4890174651974,0.0,1296.9825516599635,84.39759367219894
VB-030c,BER,84.61915569799628,7.855415192233459,0.0,1296.9825516599635,9.971242842738098
VB-030e,O,24.830869558327873,3.5012285909449523,0.0,1296.9825516599635,2.0843493381679057
HP-242c,SIO,38.38979706471566,4.5289965762312665,0.0,1296.9825516599635,3.6991985419487836
HP-242d,O,409.28610460626686,40.14036136937145,0.0,1296.9825516599635,38.97904438642361
HP-242b,LST,564.5396557014035,42.671695741978965,0.0,1296.9825516599635,120.91782564793279
HP-242b,FEO,924.5581567055123,69.88431009277006,0.0,1296.9825516599635,198.02959963014928
HP-242b,HE,102.97167271651837,8.527380087154182,0.0,1296.9825516599635,20.89462304939281
DC-094a,CLI,55.5400198115252,9.5858463144677,0.0,1296.9825516599635,4.459651948382489
DC-094a,BRM,2667.0600624250565,460.31722632831986,0.0,1296.9825516599635,214.15475983281607
DC-094e,AR,208.9416607999013,20.491762791929997,0.0,1296.9825516599635,19.898907338491927
DC-094c,FEO,519.5457042805259,48.76741836962233,0.0,1296.9825516599635,58.98258787938634
DC-094c,LST,48.278446742332065,4.531680641608354,0.0,1296.9825516599635,5.480918626020116
DC-094c,ALO,470.97978341823256,44.20875382541776,0.0,1296.9825516599635,53.46903311105194
DC-094b,H2O,1026.9635008497537,222.45090176089926,0.0,1296.9825516599635,54.95595201913962
DC-094d,N,408.4748872059673,50.50541352157884,0.0,1296.9825516599635,40.64572543945379
DC-094d,FEO,610.6491339907391,72.0406995759963,0.0,1296.9825516599635,58.841477653368806
DC-094d,LIO,99.47587730454046,11.735563669961328,0.0,1296.9825516599635,9.585385920735856
QR-220a,GAL,107.9185833065752,10.129832002473862,0.0,1296.9825516599635,12.251698495926794
QR-220c,BRM,53.061896221876566,6.259922289042132,0.0,1296.9825516599635,5.112985848977353
QR-220c,TIO,602.6083975738078,71.09210201916964,0.0,1296.9825516599635,58.0666811526328
QR-220b,LST,1786.6491923536776,210.7780893307542,0.0,1296.9825516599635,172.159547397119
QR-220b,LIO,74.71694158881668,8.814653853777246,0.0,1296.9825516599635,7.199642158000823
QR-220b,BRM,1629.4018692324814,192.22699913257256,0.0,1296.9825516599635,157.00736861808838
QR-220g,AR,200.49766482000547,19.6594485068222,0.0,1296.9825516599635,16.760870741478435
QR-220d,HAL,149.77472561072517,17.669518240835117,0.0,1296.9825516599635,14.43212751726687
QR-220d,BRM,47.21606660203707,5.570266589928825,0.0,1296.9825516599635,4.549688148556141
QR-220e,O,264.2171356822184,24.46722542687582,0.0,1296.9825516599635,30.328215991267818
QR-220f,H,34.94329681942511,3.427031961220056,0.0,1296.9825516599635,3.3278831174653343
BS-257a,BRM,701.052050969298,65.80460272661914,0.0,1296.9825516599635,79.58850176921877
BS-257a,SIO,30.095918833747454,2.824968530951574,0.0,1296.9825516599635,3.4167064856798675
BS-257a,CUO,575.9391554012601,54.06081797133813,0.0,1296.9825516599635,65.38478052412543
BS-257b,TAI,131.92664896398804,12.24709220960358,0.0,1296.9825516599635,15.54580216970585
BS-257e,HE,573.1181758914277,52.235955215948984,0.0,1296.9825516599635,72.67482746705119
BS-257e,GAL,738.3035440483661,68.53862850033934,0.0,1296.9825516599635,86.99926002138976
BS-257e,ALO,75.71354276009617,7.028684098174719,0.0,1296.9825516599635,8.921834720726608
BS-257c,HAL,181.0779775507577,21.362486990378624,0.0,1296.9825516599635,17.448474379940276
BS-257c,GAL,1121.407775477572,132.29692168300244,0.0,1296.9825516599635,108.05761752227143
BS-257c,LST,588.3280883237094,69.40739731515173,0.0,1296.9825516599635,56.69064628932027
BS-257f,BER,181.2965929373501,17.017495715812945,0.0,1296.9825516599635,20.582101126153802
BS-257f,SIO,654.3249216129793,61.418537270286066,0.0,1296.9825516599635,74.28369991848037
BS-987a,SIO,53.2960821899274,9.198557270407525,0.0,1296.9825516599635,4.2794723081849035
BS-987a,N,574.15263504881,106.42214074058953,0.0,1296.9825516599635,41.50648277136687
BS-987c,AMM,858.3378856020018,121.02826841007901,0.0,1296.9825516599635,72.05047731318554
BS-987c,GAL,1043.8842549819437,123.15116458743296,0.0,1296.9825516599635,100.58753651348846
BS-987c,NE,1529.6570198733907,189.13270498300275,0.0,1296.9825516599635,152.21013872257132
BS-987c,TAI,180.1691644471735,21.255270705082076,0.0,1296.9825516599635,17.360902150735328
BS-987b,TS,618.0738872017233,48.53291076645049,0.0,1296.9825516599635,123.83950084927203
BS-987f,HE3,764.3755470201512,74.96543453097732,0.0,1296.9825516599635,72.79657931181836
BS-987d,BOR,907.1961609381796,84.21736716924481,0.0,1296.9825516599635,106.90101020386929
BS-987d,FEO,29.75962904435646,2.7626633731090915,0.0,1296.9825516599635,3.506776753601038
BS-987e,AMM,88.78509199463927,8.705667199710557,0.0,1296.9825516599635,7.422108641656049
BS-290a,BRM,944.8283010924432,163.0712217706546,0.0,1296.9825516599635,75.86611218636008
BS-290a,HE,1607.0833914332513,297.8811633433222,0.0,1296.9825516599635,116.17882602420417
BS-290a,HAL,112.19537913637858,19.364192977323796,0.0,1296.9825516599635,9.008861409538675
BS-290a,CLI,939.2295164922119,162.1049079503183,0.0,1296.9825516599635,75.4165511178598
BS-290c,FEO,35.68444710599586,3.3495385429404423,0.0,1296.9825516599635,4.051156654776726
BS-290c,BRM,745.5134606392149,69.97799526708611,0.0,1296.9825516599635,84.6360827259873
BS-290b,GAL,1859.376192445632,320.9162416947018,0.0,1296.9825516599635,149.3008228581052
BS-290b,BRM,68.9416100104036,11.898873649565388,0.0,1296.9825516599635,5.535748572846593
BS-290b,HAL,291.82318893901936,50.36678506165788,0.0,1296.9825516599635,23.43229004151395
BS-290b,HE,521.2064677583538,96.60829661083,0.0,1296.9825516599635,37.678913156077364
BS-290d,HAL,118.5170314459575,13.981924122677317,0.0,1296.9825516599635,11.420170551616103
BS-290e,SIO,60.625372322240004,7.152215553974155,0.0,1296.9825516599635,5.8417940715205345
BS-290e,GAL,158.03262704903327,18.643735616298326,0.0,1296.9825516599635,15.22784980016017
BS-290e,BRM,90.44214286122155,10.669818198699703,0.0,1296.9825516599635,8.714905224400212
BS-409a,O,100.42123208561051,21.752276117798278,0.0,1296.9825516599635,5.373846692344227
BS-409a,GAL,1732.9927121530986,299.10327470471907,0.0,1296.9825516599635,139.15271099133562
BS-409c,O,80.97109309730776,10.011578846735146,0.0,1296.9825516599635,8.057114211053374
BS-409e,HE,74.50414733435798,7.306926289117485,0.0,1296.9825516599635,7.095526657843241
BS-409f,H,541.4780987752791,53.104970615479594,0.0,1296.9825516599635,51.568569293946894
BS-409f,AMM,1463.5232178410217,143.50321419211588,0.0,1296.9825516599635,122.34518293969865
BS-409b,SIO,28.219427272744227,2.619682457073858,0.0,1296.9825516599635,3.325284445330174
BI-805a,SIO,50.98960092654738,8.80047360041625,0.0,1296.9825516599635,4.094270651882903
BI-805a,BRM,734.5626615574895,126.78073947275172,0.0,1296.9825516599635,58.98258257632272
BI-805c,TCO,588.7222202127515,54.6526071374424,0.0,1296.9825516599635,69.37308906281471
BI-805c,FEO,35.151698976081306,3.2632231779176806,0.0,1296.9825516599635,4.142160530132004
BI-805c,HE,212.53037244066311,19.370746704328155,0.0,1296.9825516599635,26.950127911419376
BI-805b,GAL,46.79600277484392,5.63099365574094,0.0,1296.9825516599635,7.133170936712488
BI-805b,BRM,31.677924529102427,3.8118254011709443,0.0,1296.9825516599635,4.8287041026469115
BI-805d,LIO,151.79444770500533,17.90779286454602,0.0,1296.9825516599635,14.626745712661545
NJ-553b,BOR,252.27113886303817,19.809043748510163,0.0,1296.9825516599635,50.545950188767236
NJ-553h,AMM,115.8989958426493,11.364273707658748,0.0,1296.9825516599635,9.688731737248464
NJ-553d,ALO,834.1832959616163,98.41191098225087,0.0,1296.9825516599635,80.38098317991454
NJ-553d,AMM,682.0552567293565,80.46476300253588,0.0,1296.9825516599635,65.72209295528421
NJ-553d,HE,1151.7533747734478,142.4072379717084,0.0,1296.9825516599635,114.60643704493071
NJ-553c,MGS,38.63925295756519,4.558425877009588,0.0,1296.9825516599635,3.7232358368986356
NJ-553c,TIO,123.72772642509288,14.596650469902007,0.0,1296.9825516599635,11.922267377938576
NJ-553c,HAL,143.2882111435779,16.90427840995345,0.0,1296.9825516599635,13.80709413095458
NJ-553e,F,937.7241752112241,91.96644311681322,0.0,1296.9825516599635,89.30572486193584
NJ-553g,NE,127.12716174600719,13.955854036548375,0.0,1296.9825516599635,11.123285384510046
QV-266a,FEO,649.9888592162808,104.62140778535642,0.0,1296.9825516599635,59.71702662002712
QV-266a,BRM,73.49019182422659,11.828890938741635,0.0,1296.9825516599635,6.75183224950929
QV-266a,ALO,123.50124419931598,19.87860845331221,0.0,1296.9825516599635,11.34654384130449
QV-266a,N,155.83503143355964,27.019114683224938,0.0,1296.9825516599635,13.076862837440302
QV-266b,GAL,574.8012315426531,69.1662085691795,0.0,1296.9825516599635,87.61764245023755
QV-266b,HE,457.7503943335574,60.15325426317982,0.0,1296.9825516599635,64.54716208779753
QV-266c,SIO,43.494308107701315,5.131195983486402,0.0,1296.9825516599635,4.1910636011920674
QV-266d,TAI,92.67593461337145,8.699073130331827,0.0,1296.9825516599635,10.521242717630019
QV-266d,H2O,1013.1212032154638,95.09713037616892,0.0,1296.9825516599635,115.01685012269968
QV-266d,GAL,695.870957002213,65.31827674023636,0.0,1296.9825516599635,79.00030649071456
QV-266g,AMM,1406.5193257819506,137.91379707032635,0.0,1296.9825516599635,117.57986625922257
QV-266f,NE,252.00658787518103,24.715316232158102,0.0,1296.9825516599635,24.000267450827685
IC-748a,FEO,1022.7918703292391,123.07321547692948,0.0,1296.9825516599635,155.90539386112494
IC-748a,HEX,57.23009105838665,8.720495027985486,0.0,1296.9825516599635,6.568113852675054
IC-748d,BER,104.492800974662,9.808269223978701,0.0,1296.9825516599635,11.862778896009136
IC-748d,SIO,1172.638984029313,110.07034695798158,0.0,1296.9825516599635,133.12646290105374
IC-748f,AR,168.5128827029864,16.526747258130108,0.0,1296.9825516599635,16.048605268147984
IC-748f,HE,525.0981428020687,51.49852137476673,0.0,1296.9825516599635,50.008596884080575
IC-748b,H2O,244.2436326656186,20.146520934761888,0.0,1296.9825516599635,44.3093316560049
IC-748b,BRM,33.76206912797667,2.5519637582566728,0.0,1296.9825516599635,7.231442374509508
IC-748i,HE,549.3385025638227,50.068594271482986,0.0,1296.9825516599635,69.65942204282344
GK-462a,GAL,1115.9943961673537,192.6133769085823,0.0,1296.9825516599635,89.6100973701652
GK-462a,SIO,1486.8091150183739,256.6135864531748,0.0,1296.9825516599635,119.38510625609462
GK-462a,O,671.3441244573853,145.42007165187033,0.0,1296.9825516599635,35.925673562384056
GK-462d,BRM,56.04665946651857,6.612046643673563,0.0,1296.9825516599635,5.400594346204605
GK-462e,HE,99.07046384653948,12.249454987476662,0.0,1296.9825516599635,9.858111229822873
GK-462e,GAL,246.6863953398793,29.102572175980875,0.0,1296.9825516599635,23.77042922163834
GK-462b,SIO,48.7034790911356,7.839252126110363,0.0,1296.9825516599635,4.474579704150765
GK-462b,GAL,744.3426205808885,119.8084732309261,0.0,1296.9825516599635,68.38567685797697
GK-462b,BRM,44.74284728416954,7.20175369903906,0.0,1296.9825516599635,4.110700921160704
GK-462g,F,867.0759742904822,85.03768525491951,0.0,1296.9825516599635,82.57742568803717
GK-219a,BOR,91.6939797770084,11.033596627435333,0.0,1296.9825516599635,13.977023524078987
GK-219a,CLI,436.85242385175576,52.56673821138119,0.0,1296.9825516599635,66.58993992381956
GK-219c,CLI,1436.1952481497783,133.3257213247806,0.0,1296.9825516599635,169.23652181071154
GK-219c,N,140.01819659142083,12.761738423652734,0.0,1296.9825516599635,17.75514842763752
GK-219b,HE,135.64250261656838,16.771363186146797,0.0,1296.9825516599635,13.497250606971678
GK-219b,HAL,104.41964282206219,12.318799290217452,0.0,1296.9825516599635,10.061761718277166
GK-219b,FEO,43.075904188988964,5.08183521421389,0.0,1296.9825516599635,4.15074666064046
GK-219b,LST,44.50541167218962,5.250479880040042,0.0,1296.9825516599635,4.288492426491904
GK-219b,H2O,2329.160149912208,274.780258063467,0.0,1296.9825516599635,224.43530545358115
GK-219f,HE,2013.195800972096,197.44234179672603,0.0,1296.9825516599635,191.730057779859
GK-219d,TAI,890.5675199584147,105.06378145201336,0.0,1296.9825516599635,85.81410487228146
GK-219d,AMM,1575.0982873800808,185.8205902663829,0.0,1296.9825516599635,151.7747353100153
GK-219g,HE,947.244448867168,92.90013527147978,0.0,1296.9825516599635,90.21240399232786
QR-697a,TAI,101.36294573246181,12.197069632057037,0.0,1296.9825516599635,15.45087562365573
QR-697c,BOR,104.48805378519998,12.326870002790004,0.0,1296.9825516599635,10.068353723300433
QR-697c,MGS,1582.1255625299455,186.64962577913437,0.0,1296.9825516599635,152.45187579982905
QR-697c,MAG,123.53806795949454,14.574275708714806,0.0,1296.9825516599635,11.903992097185544
QR-697d,SIO,43.574367880518366,4.090129917566762,0.0,1296.9825516599635,4.946877554036433
QR-697b,MAG,1503.434454564602,141.12062987526681,0.0,1296.9825516599635,170.68075841384214
QR-697e,BRM,1090.3951045208973,128.63823392422648,0.0,1296.9825516599635,105.06927072295193
QR-697e,MGS,38.54866372592726,4.54773870616469,0.0,1296.9825516599635,3.7145067583617952
QR-697e,N,77.36252410044753,10.908352629854292,0.0,1296.9825516599635,6.4939540489706955
SL-132c,N,59.31545782316303,8.363661060182096,0.0,1296.9825516599635,4.979049765712747
SL-132c,HEX,550.6251247817193,77.63982752395445,0.0,1296.9825516599635,46.22049629480167
SL-132c,TAI,739.2703171457673,87.21465053900725,0.0,1296.9825516599635,71.23527312951407
SL-132b,BER,1181.492869991704,109.68104046762684,0.0,1296.9825516599635,139.22323174313877
SL-132d,SIO,873.9738887060669,103.10616497901042,0.0,1296.9825516599635,84.21516084997145
SL-132d,H2O,38.23482821322054,4.510714286365009,0.0,1296.9825516599635,3.6842659141849055
SL-132d,FEO,657.1143292689426,77.52238289862886,0.0,1296.9825516599635,63.31881266857459
XH-329a,O,50.794131392997855,4.206407967921259,0.0,1296.9825516599635,10.306953364736067
XH-329a,H2O,24.987265551821643,2.061083284129734,0.0,1296.9825516599635,4.533051791070027
EW-943a,FEO,2405.665808657221,415.2022776371515,0.0,1296.9825516599635,193.16579733212552
EW-943a,SIO,2490.226964980222,429.796983426539,0.0,1296.9825516599635,199.95573595355702
EW-943d,FEO,587.7405522003554,69.33808334908423,0.0,1296.9825516599635,56.63403195590275
EW-943d,HE,668.4000690189672,82.64356742849874,0.0,1296.9825516599635,66.50985541580688
EW-943c,BRM,53.47558105745651,6.30872632936623,0.0,1296.9825516599635,5.152848063878461
EW-943b,HE,124.19637560278711,11.319683421101914,0.0,1296.9825516599635,15.748846483409258
EW-943b,NE,1164.2351973854556,106.1123869206672,0.0,1296.9825516599635,147.63201667693232
GK-439e,SIO,41.98687150053206,3.8977499307221724,0.0,1296.9825516599635,4.9475947672278435
GK-439e,HE,395.6090585126421,36.057165751806345,0.0,1296.9825516599635,50.165605072792914
GK-439g,F,588.297092167643,57.69670068539637,0.0,1296.9825516599635,56.027454169416195
GK-439a,HE,675.9670601561014,83.57917945377945,0.0,1296.9825516599635,67.26281686777406
GK-439a,HAL,223.09428571442243,26.31931746016024,0.0,1296.9825516599635,21.49711953519047
GK-439a,LES,1005.4085512317581,124.31259846945522,0.0,1296.9825516599635,100.04424068116387
GK-439b,AMM,1552.4911827761516,183.15354049852147,0.0,1296.9825516599635,149.59633962202662
GK-439b,GAL,2245.1320293351982,264.86712750539465,0.0,1296.9825516599635,216.33844834862748
GK-439f,NE,2486.6912542068903,243.87997646278197,0.0,1296.9825516599635,236.82418650959895
GK-439c,LST,1797.3344286463177,212.03866902342645,0.0,1296.9825516599635,173.18916499180125
GK-439c,MGS,41.53250242237697,4.899753988180017,0.0,1296.9825516599635,4.002026167144033
GK-439c,SCR,137.82991707475236,16.260341816381416,0.0,1296.9825516599635,13.281138929188607
GK-439c,CLI,55.182666448200884,6.51011796154867,0.0,1296.9825516599635,5.317340931026949
GK-439d,H2O,36.65345670301935,4.324153619128934,0.0,1296.9825516599635,3.5318866980365553
WB-675i,AMM,80.66776467142772,7.909736839788602,0.0,1296.9825516599635,6.743529795599362
TO-392f,HE,137.07214716254262,13.443225799402997,0.0,1296.9825516599635,13.054294412293926
UQ-807a,SIO,563.1400820575419,66.43586834485635,0.0,1296.9825516599635,54.26355776115399
UQ-807a,CLI,1719.4833595432287,202.8542697198964,0.0,1296.9825516599635,165.6875217601419
UQ-807a,TAI,1745.3767223068244,205.9090123929496,0.0,1296.9825516599635,168.1825776631407
UQ-807c,LST,800.180171367918,94.40042755069172,0.0,1296.9825516599635,77.10447956342834
UQ-807c,FEO,36.06722727538472,4.254993809136517,0.0,1296.9825516599635,3.47539827637864
AU-686a,FEO,1002.5386233097227,93.06825466865884,0.0,1296.9825516599635,118.135852216761
AU-686b,GAL,552.059543480979,65.12865327436626,0.0,1296.9825516599635,53.19584927399185
AU-686b,BRM,100.3721139850501,11.841296264761942,0.0,1296.9825516599635,9.671746299671788
AU-686b,SIO,1048.2069853422286,123.6611342277699,0.0,1296.9825516599635,101.00407004762116
TO-392g,HE,110.39428445118945,10.826818748823156,0.0,1296.9825516599635,10.513583689262877
EY-493a,O,1170.1541798526853,204.58179647274437,0.0,1296.9825516599635,100.2765996147904
EY-493a,FEO,37.71583562657026,6.116570988026097,0.0,1296.9825516599635,3.5707833616940348
EY-493d,HE,962.0310305843283,118.94923419307419,0.0,1296.9825516599635,95.72791463590897
EY-493d,BER,101.77966665494868,12.007350834211458,0.0,1296.9825516599635,9.807376523906303
EY-493d,CLI,70.17200991337708,8.278470243257724,0.0,1296.9825516599635,6.761697549992057
EY-493c,HAL,100.3798804721505,11.842212508039486,0.0,1296.9825516599635,9.672494669810586
EY-493c,SIO,80.46121699972774,9.492328800198283,0.0,1296.9825516599635,7.753154206756215
EY-493c,ALO,214.19619853658122,25.269574834651817,0.0,1296.9825516599635,20.639709659881273
OE-073c,HEX,46.41919659997496,6.545248764758583,0.0,1296.9825516599635,3.8965136313155826
OE-073c,H,180.07453000958162,22.26511075147685,0.0,1296.9825516599635,17.918506460637094
OE-073c,FEO,34.24360681615394,4.039854072860271,0.0,1296.9825516599635,3.2996762184453168
OE-073c,N,1362.6948717241364,192.1441468011118,0.0,1296.9825516599635,114.38714006092471
OE-073c,BRM,612.3633508362359,72.24293253417228,0.0,1296.9825516599635,59.00665769963881
LB-428c,GAL,72.26247628258632,8.52509084958484,0.0,1296.9825516599635,6.96313258576304
LB-428c,FEO,888.6054282180378,104.83230570965821,0.0,1296.9825516599635,85.62503987428377
OF-375b,N,117.09265591935579,9.696779280138234,0.0,1296.9825516599635,23.75999964594841
OF-375b,ALO,57.049916824291316,4.312215569350505,0.0,1296.9825516599635,12.219428389344898
SL-806a,SIO,674.8698734006184,79.6170748410198,0.0,1296.9825516599635,65.02971733557975
YI-265j,H,619.5041268028705,56.725461904373816,0.0,1296.9825516599635,76.16558882766024
YI-265j,SIO,33.253067169477056,3.1213158445275693,0.0,1296.9825516599635,3.775128810465143
YI-265j,TAI,473.85211014298216,44.47836621548474,0.0,1296.9825516599635,53.795120425536545
YI-265j,BRM,78.14913158223403,7.335507470649149,0.0,1296.9825516599635,8.872054918883522
OT-442h,H,59.113760555319864,5.797528144464405,0.0,1296.9825516599635,5.629797519636948
PD-518c,HAL,105.24485372240072,9.878861032712427,0.0,1296.9825516599635,11.948157365926162
PD-518c,SIO,1069.3289211328117,100.37309603750174,0.0,1296.9825516599635,121.39795699019035
YK-590c,CUO,1775.2990248842973,166.6393342576237,0.0,1296.9825516599635,201.54479169918875
YK-590c,ALO,62.9214475113671,5.906153260295734,0.0,1296.9825516599635,7.143298032801218
NJ-438a,FEO,682.7887909422731,117.84490602316383,0.0,1296.9825516599635,54.82533805700154
NJ-438b,SIO,60.74350276913034,10.483933641422597,0.0,1296.9825516599635,4.8774718013283
NJ-438g,AR,249.3296189368289,24.447580519776228,0.0,1296.9825516599635,20.84304332808014
NJ-438g,F,1701.3745139153448,166.86075350371158,0.0,1296.9825516599635,162.0332377509712
NJ-438d,FEO,30.215367419169525,2.8049707457561004,0.0,1296.9825516599635,3.5604794639451867
NJ-438d,HAL,95.08580756197202,8.827061569296525,0.0,1296.9825516599635,11.204598654731514
NJ-438e,SIO,34.1425512698393,3.204807716172554,0.0,1296.9825516599635,3.8761094820108464
NJ-438c,FEO,28.682265329070002,2.6626489115275196,0.0,1296.9825516599635,3.379823758780148
NJ-874a,BRM,47.19872717096684,7.654460268203997,0.0,1296.9825516599635,4.468585326967887
NJ-874a,H2O,67.24155362330035,11.756055804206078,0.0,1296.9825516599635,5.762278566580874
NJ-874b,BRM,119.81497239383364,20.779237447094044,0.0,1296.9825516599635,9.041739454327095
NJ-874c,H,104.16710199929132,9.49414676396683,0.0,1296.9825516599635,13.209014273131956
NJ-874c,LIO,1113.8787488945393,103.40424664127622,0.0,1296.9825516599635,131.2558062175955
NJ-874e,AMM,53.653571001958554,5.260907239329035,0.0,1296.9825516599635,4.48524210588628
AJ-135e,NE,100.36991184326988,9.843687549267262,0.0,1296.9825516599635,9.558895854927437
SL-006b,CLI,130.19998913508743,20.956830203790304,0.0,1296.9825516599635,11.961983819972076
SL-006b,HE,1654.2173416648318,286.8128408244172,0.0,1296.9825516599635,138.81328916398965
SL-006c,GAL,71.94047568325247,8.48710316214099,0.0,1296.9825516599635,6.9321049628361875
SL-006d,AR,199.49589129116595,19.56122135228951,0.0,1296.9825516599635,16.677126142037903
SL-006d,HE,1758.6923072327174,172.48214379954783,0.0,1296.9825516599635,167.49199333711314
QV-783a,SCR,120.11688747401652,14.170665481776659,0.0,1296.9825516599635,11.574330915536427
QV-783c,GAL,101.8461297795015,12.015191752542908,0.0,1296.9825516599635,9.813780837349915
QV-783c,TAI,994.684491649013,117.34687342875341,0.0,1296.9825516599635,95.84670153385582
QV-783d,MGS,1199.2361680504378,111.32819674070937,0.0,1296.9825516599635,141.31404359673547
QV-783d,TAI,852.8916921691016,79.17614280986629,0.0,1296.9825516599635,100.50195030926452
DC-970d,ALO,1343.719449340603,161.69064120152044,0.0,1296.9825516599635,204.8247703815482
DC-970d,HEX,96.55015110691103,14.711930334342552,0.0,1296.9825516599635,11.080750934262957
DC-970d,GAL,62.159081932038866,7.47964303041179,0.0,1296.9825516599635,9.474983554123206
DC-970b,FEO,46.437301166880154,7.474490913105002,0.0,1296.9825516599635,4.266377047274996
DC-970b,O,296.29748320595775,51.37288840286159,0.0,1296.9825516599635,24.8637389893622
DC-970e,GAL,402.61162894891027,47.49769023229435,0.0,1296.9825516599635,38.7952129121385
DC-970e,LST,588.1040177211887,69.38096281772683,0.0,1296.9825516599635,56.66905509297348
EL-952a,CLI,62.0359057134067,7.318621770930312,0.0,1296.9825516599635,5.977711514771874
EL-952a,N,399.01967653230804,56.262995403476395,0.0,1296.9825516599635,33.49445321447273
EL-952b,SIO,42.608605171918214,5.127121360288925,0.0,1296.9825516599635,6.494880888193514
EL-952i,AR,166.06579724057954,16.283291840463345,0.0,1296.9825516599635,13.882492669571452
EL-952h,AMM,701.9390599514323,74.74899992248407,0.0,1296.9825516599635,54.949590417547945
EL-952g,H,50.27044740943365,4.930228274316429,0.0,1296.9825516599635,4.7875898518048166
EL-952f,GAL,153.4623251447395,18.10455897928729,0.0,1296.9825516599635,14.787460544855458
EL-952f,TAI,216.8204487284932,25.579168035009403,0.0,1296.9825516599635,20.89257951661078
EL-952f,HE,1026.6279019495214,126.93624099002872,0.0,1296.9825516599635,102.15569460475055
EL-952c,TAI,435.2915029089655,40.858855458154714,0.0,1296.9825516599635,49.41744126059666
EL-952j,BER,138.3900975142069,16.326428523953343,0.0,1296.9825516599635,13.335117299049882
EL-952j,H,115.19992726528478,14.243764173573943,0.0,1296.9825516599635,11.463090537335264
EL-952e,SIO,43.49484161757656,5.131258923761765,0.0,1296.9825516599635,4.191115009615751
EL-952e,BOR,1041.7576719184938,122.90028315148267,0.0,1296.9825516599635,100.38262131285884
EL-952d,FEO,1407.2175482274565,166.01503381721278,0.0,1296.9825516599635,135.59793227957
EL-952d,GAL,94.2560455234134,11.119759417978036,0.0,1296.9825516599635,9.082408682241663
QR-971a,LIO,550.6538263048443,64.96281524539384,0.0,1296.9825516599635,53.06039591591382
QR-971a,O,341.3134201512796,48.12623667084095,0.0,1296.9825516599635,28.650482808466382
QR-971c,LIO,62.19254587573115,7.337101231961892,0.0,1296.9825516599635,5.992805188205582
QR-971c,CLI,555.9648722638879,65.58938039561245,0.0,1296.9825516599635,53.572162452079596
QR-971b,MAG,131.27130550583618,15.486596404537257,0.0,1296.9825516599635,12.64915834559646
QR-971b,HE,616.3675241963979,76.2100625175375,0.0,1296.9825516599635,61.332302041007075
QR-971f,O,105.4104688132341,10.33583950004684,0.0,1296.9825516599635,8.811929276898862
GM-332d,TIO,77.0178273212179,9.086098466698166,0.0,1296.9825516599635,7.421352971739723
GM-332d,GAL,54.57439042081277,6.4383572267680105,0.0,1296.9825516599635,5.2587281233107905
NJ-094a,LIO,1056.9617879645361,127.18490404031643,0.0,1296.9825516599635,161.11395546752328
NJ-094a,H,464.64125846232866,61.05878685727947,0.0,1296.9825516599635,65.51883951145625
NJ-094a,GAL,599.3653562903393,72.12202578456373,0.0,1296.9825516599635,91.36198150370407
NJ-094a,TAI,105.43332380557119,12.686860890862317,0.0,1296.9825516599635,16.071328244624972
NJ-094c,GAL,2516.5332792251593,296.88540906766593,0.0,1296.9825516599635,242.4903737204544
NJ-094c,FEO,46.85706143128,5.52791332647012,0.0,1296.9825516599635,4.51509480590372
NJ-094f,HE3,821.4780838871427,80.56571374679365,0.0,1296.9825516599635,78.23483459111029
NJ-094b,SIO,34.05290042745355,4.017355684029679,0.0,1296.9825516599635,3.281299960976918
NJ-094b,TAI,149.9029031187622,17.684639849685272,0.0,1296.9825516599635,14.444478560697547
NJ-094b,BRM,74.27650215393018,8.762693467290296,0.0,1296.9825516599635,7.157201899392467
NJ-094d,BRM,61.20318530769302,7.2203824429110055,0.0,1296.9825516599635,5.897471494084233
NJ-094d,GAL,558.8291490963115,65.92729049046284,0.0,1296.9825516599635,53.84816101139414
NJ-094d,AMM,913.9571644588133,107.82315055425157,0.0,1296.9825516599635,88.06790524238288
VH-778a,HAL,983.3005546861934,159.46690681477205,0.0,1296.9825516599635,93.09493484334783
VH-778a,TIO,145.53001511777984,23.601350827006932,0.0,1296.9825516599635,13.778195497372444
VH-331j,H,229.93192685324155,21.292321834570526,0.0,1296.9825516599635,26.392781538895505
VH-331j,HE,1064.6996943575098,97.04037996420021,0.0,1296.9825516599635,135.01031697573063
QF-764d,BER,730.9385535636211,86.23171935357021,0.0,1296.9825516599635,70.43243357183209
QF-764d,LES,293.9871787924806,36.34971083906492,0.0,1296.9825516599635,29.25350499183446
QF-764d,TAI,108.05499795106529,12.74767654906008,0.0,1296.9825516599635,10.412060532569011
QF-764e,O,731.5912714501989,71.75014660939759,0.0,1296.9825516599635,69.67431418178846
QF-764b,TIO,561.3373842758663,66.22319693981022,0.0,1296.9825516599635,54.08985178937436
QF-497a,MGS,1324.2516712838453,156.22722035239522,0.0,1296.9825516599635,127.60343180060316
QF-497a,SIO,680.6560736976384,80.29969583248833,0.0,1296.9825516599635,65.58726922016191
QF-497e,AMM,49.41485271158077,4.845287117072664,0.0,1296.9825516599635,4.130900775086532
QF-497f,HE,67.40976671062248,6.611151380749759,0.0,1296.9825516599635,6.419881493947942
QF-497c,BRM,49.5774730627032,4.602405115920174,0.0,1296.9825516599635,5.842046276162811
QF-497c,TAI,184.3287360966863,17.11171355888852,0.0,1296.9825516599635,21.72069167263702
QF-497c,SIO,1412.553798834188,131.13102440789206,0.0,1296.9825516599635,166.45069122264275
QF-497c,H2O,64.15078032855499,5.955282940721836,0.0,1296.9825516599635,7.559316846531885
QF-497d,TAI,2434.9954152704568,287.2660639572572,0.0,1296.9825516599635,234.63347499951587
QF-497b,BRM,630.6401235060993,74.39911587389739,0.0,1296.9825516599635,60.76778737422173
QF-497b,AMM,213.76285716774777,25.218451835161158,0.0,1296.9825516599635,20.597953363096153
QF-497b,SIO,46.045253783151004,5.432141159382688,0.0,1296.9825516599635,4.436869915492363
QF-497b,H2O,2025.8657844712543,238.9994192026432,0.0,1296.9825516599635,195.21019461152235
QF-497b,FEO,1731.4370708940926,204.26449644472268,0.0,1296.9825516599635,166.8393682136527
QQ-082b,AUO,59.11470294796187,4.641853769535309,0.0,1296.9825516599635,11.844433905908225
QQ-082b,MGS,482.6595929515498,37.899797160729435,0.0,1296.9825516599635,96.7074071707621
NG-574b,CUO,41.446906651776004,3.2545284046590592,0.0,1296.9825516599635,8.304450871950706
NG-574b,TAI,87.10910881443267,6.840053742079688,0.0,1296.9825516599635,17.453493471215825
EM-929b,CUO,30.39823043874868,2.3869550807608935,0.0,1296.9825516599635,6.090698478266481
EM-929b,FEO,430.1031131990033,33.772913636209,0.0,1296.9825516599635,86.17700238628365
EM-929b,LIO,323.5293246693632,25.404438158028057,0.0,1296.9825516599635,64.82349587449825
VH-331c,SCR,209.15314429153838,24.67462572952773,0.0,1296.9825516599635,20.153766509966122
VH-331c,FEO,65.30914718732573,7.704779046092956,0.0,1296.9825516599635,6.293117456286903
VH-331c,HE,997.3783892802586,123.3197182148578,0.0,1296.9825516599635,99.24519092770761
OY-569c,FEO,28.824406640743995,3.468459725192154,0.0,1296.9825516599635,4.3937389419137896
OY-569c,H2O,13.788584599532484,2.1010500109200763,0.0,1296.9825516599635,1.5824715956606812
OY-569c,HE,1530.9337381477621,201.1809220720787,0.0,1296.9825516599635,215.87622723028022
WC-299c,NE,1253.2616243665666,164.69186281874326,0.0,1296.9825516599635,176.72181653536347
WC-299c,TAI,704.3272397963005,84.75215795547665,0.0,1296.9825516599635,107.36144753693988
WC-299d,BRM,850.6811763666658,100.35823134814352,0.0,1296.9825516599635,81.97070075609042
WC-299b,TAI,304.83832128529434,23.041726059474357,0.0,1296.9825516599635,65.29282152586275
WC-299a,BRM,106.815897055411,18.435729345971488,0.0,1296.9825516599635,8.576909497654455
WC-299a,HE,481.0161150138641,89.15880824294258,0.0,1296.9825516599635,34.77348334189127
WC-299a,BOR,932.2373306070731,160.89810212769555,0.0,1296.9825516599635,74.85510523591861
WC-299i,SIO,1431.6275897264916,134.38044245668263,0.0,1296.9825516599635,162.52872350957466
WC-299h,O,250.09546899939951,27.66869009086267,0.0,1296.9825516599635,20.708440195225357
FA-320a,H2O,64.0494720876426,7.556170179940019,0.0,1296.9825516599635,6.171736551766314
FA-320a,SCR,75.93129306101339,8.95791571188629,0.0,1296.9825516599635,7.316655727720685
FA-320a,AMM,2136.802071311141,252.08701282630017,0.0,1296.9825516599635,205.89989296641417
FA-320b,O,315.8660359096924,44.538077623002636,0.0,1296.9825516599635,26.51438208201126
FA-320b,FEO,36.401657992716636,4.294447926886333,0.0,1296.9825516599635,3.5076236517785575
FA-320d,N,37.78041811124397,4.179742577526401,0.0,1296.9825516599635,3.1282994935393376
FA-320d,HE,615.7537973062877,60.38949199659349,0.0,1296.9825516599635,58.64233924921567
FA-320c,FEO,1611.000411563877,190.05610620916678,0.0,1296.9825516599635,155.23422443442198
JP-324a,CUO,67.50226853604154,6.336134325572792,0.0,1296.9825516599635,7.663345983196192
JP-324a,GAL,1558.947995302996,146.33143624718625,0.0,1296.9825516599635,176.98305726478262
JP-324a,SIO,57.142524482035924,5.363711748845818,0.0,1296.9825516599635,6.487232873148407
JP-324a,BRM,574.9807497570456,53.97085674437747,0.0,1296.9825516599635,65.27597538019249
XH-083a,AMM,386.12555715852153,35.84503464721384,0.0,1296.9825516599635,45.49976499359396
XH-083a,BRM,51.70222685446581,4.799651508629845,0.0,1296.9825516599635,6.092420270844435
XH-083a,SIO,38.11682509261143,3.5384835081649904,0.0,1296.9825516599635,4.491561234067023
VH-331i,H,37.50330108844856,4.149084425048449,0.0,1296.9825516599635,3.105353610846631
YW-685b,TAI,93.2507732277135,8.753030645464117,0.0,1296.9825516599635,10.58650255676938
YW-685b,BER,162.0365776907947,15.209644715226242,0.0,1296.9825516599635,18.395564826308092
YW-685b,FEO,29.51853485467347,2.770772093880824,0.0,1296.9825516599635,3.351157678317401
YW-685e,AR,432.96406851347336,42.45353589472613,0.0,1296.9825516599635,36.19421101275021
YW-685c,BER,157.3880325887009,18.567690251979737,0.0,1296.9825516599635,15.165737388266194
YW-685c,SIO,51.01691220710101,6.018667416406228,0.0,1296.9825516599635,4.915933442760828
OY-799c,ZIR,391.8952707087461,30.772725716033932,0.0,1296.9825516599635,78.52154202709718
OY-799c,N,234.6533913763966,19.681626269085992,0.0,1296.9825516599635,45.33726459309369
RV-188a,LST,63.590767527215995,10.97535302658359,0.0,1296.9825516599635,5.106096311529186
RV-188a,SCR,900.3678470929965,155.39763647924786,0.0,1296.9825516599635,72.29610715255816
RV-188c,SIO,32.46538004057758,3.0138452397537323,0.0,1296.9825516599635,3.8256135469104766
RV-188c,N,543.235419775266,49.51233838459473,0.0,1296.9825516599635,68.8855144835568
RV-188c,LST,536.4610249792398,49.801065147744566,0.0,1296.9825516599635,63.21480179763663
RV-188c,MGS,64.75375993466358,6.011259097885792,0.0,1296.9825516599635,7.63036997903046
RV-188d,O,492.2651027064771,69.4108858278918,0.0,1296.9825516599635,41.32164758141867
RV-188d,GAL,580.9840679392036,68.54099411116684,0.0,1296.9825516599635,55.982984577730356
RV-188d,H,486.5180197903356,60.1549680159912,0.0,1296.9825516599635,48.41148984459733
RV-188e,GAL,824.3043625054452,97.2464540322078,0.0,1296.9825516599635,79.42906003805804
RV-188e,SCR,129.37365553094563,15.262723112769745,0.0,1296.9825516599635,12.466302885110155
QQ-786a,BOR,213.27430426098041,36.809758268155,0.0,1296.9825516599635,17.125113922628287
QQ-786a,SIO,1163.9073752853785,200.88284558814482,0.0,1296.9825516599635,93.4573270146921
KQ-187a,AMM,245.70176102273163,45.542083751908464,0.0,1296.9825516599635,17.76220344250016
KQ-187b,AR,1267.4250117960687,234.9237376086203,0.0,1296.9825516599635,91.6243368135736
KQ-187c,LES,495.28625377174006,61.2391063484941,0.0,1296.9825516599635,49.283982235585725
KQ-187c,HE,586.3145328101566,72.49419452892052,0.0,1296.9825516599635,58.341847364894996
KQ-187c,HAL,164.76674360497606,19.43818604734368,0.0,1296.9825516599635,15.876741850906443
KQ-187c,O,35.54691188397657,5.012223350278867,0.0,1296.9825516599635,2.9838738464328207
AM-783d,TCO,115.97800401064882,10.886333573084745,0.0,1296.9825516599635,13.166662253722194
AM-783d,MGS,964.4534359013151,90.52890596362907,0.0,1296.9825516599635,109.49173300817081
AM-783d,LIO,63.736128120372484,5.982623664669499,0.0,1296.9825516599635,7.235786470716098
CB-045c,AUO,123.83492220008633,11.62382714349315,0.0,1296.9825516599635,14.058636460710202
XG-326b,BOR,102.85606119836795,8.076549006995556,0.0,1296.9825516599635,20.608609329536076
XG-326b,TIO,976.243840341722,76.65742910465029,0.0,1296.9825516599635,195.60371728766705
XG-430c,BOR,131.18628042646816,9.915939451454662,0.0,1296.9825516599635,28.09857487212312
JS-753b,H2O,31.225681679762012,6.401591295173929,0.0,1296.9825516599635,2.0163882950117635
JS-753b,TAI,219.8651597170648,35.65666343756456,0.0,1296.9825516599635,20.81594749503075
JS-753b,FEO,44.167528944031915,7.16287526615343,0.0,1296.9825516599635,4.181603691404958
VH-874b,HE,207.42233670921382,18.992815947550177,0.0,1296.9825516599635,25.501758144855142
VH-874b,MGS,1060.467109602559,99.54127764915218,0.0,1296.9825516599635,120.39190001955767
XH-594b,HAL,61.875739054488896,4.676983599075573,0.0,1296.9825516599635,13.253063361035156
XH-594b,FEO,21.396807545196403,1.6173143059080777,0.0,1296.9825516599635,4.582947217335754
CH-771b,LES,506.45418907317776,46.159970931314476,0.0,1296.9825516599635,64.22143348291085
CH-771b,FEO,415.84377419753616,38.6038536367053,0.0,1296.9825516599635,49.00166189276414
AJ-293g,H,44.695292441979724,4.38345003639132,0.0,1296.9825516599635,4.256630675590826
AJ-293g,HE3,307.070552821763,30.115664366411274,0.0,1296.9825516599635,29.244375935307197
QV-257b,H2O,549.1382471822125,64.78401636698779,0.0,1296.9825516599635,52.91435638173246
QV-257b,O,347.77349809140816,49.037127428435255,0.0,1296.9825516599635,29.192753756625912
QV-257b,HE,275.8584363124924,34.108203064031635,0.0,1296.9825516599635,27.449585307947952
PG-027b,SIO,47.139200891267315,5.561198437254849,0.0,1296.9825516599635,4.542281453367678
PG-027b,HAL,104.49829878186252,12.328078645667949,0.0,1296.9825516599635,10.069340919889473
PG-027b,LIO,53.960129227941195,6.365890398283939,0.0,1296.9825516599635,5.199538591643933
FK-794b,GAL,45.639934139521046,3.449772506886019,0.0,1296.9825516599635,9.775542857142856
FK-794b,H2O,9.622344815631525,0.7937024566573553,0.0,1296.9825516599635,1.745632682789172
FK-794b,O,46.83706306566893,3.8787117698526017,0.0,1296.9825516599635,9.504
YW-650c,HE,241.13299295268195,31.687431438354267,0.0,1296.9825516599635,34.002046909195826
TO-392d,LST,40.56452867876426,4.785558287605894,0.0,1296.9825516599635,3.908753283857346
TO-392d,AMM,335.53030018884374,39.58383989932085,0.0,1296.9825516599635,32.33132999233794
TO-392d,FEO,42.58414932599514,5.0238209432061645,0.0,1296.9825516599635,4.1033617039261445
TO-392d,CLI,54.004126960987755,6.371080985303554,0.0,1296.9825516599635,5.203778164717489
UV-062h,HE3,433.87621509658663,42.552014025265414,0.0,1296.9825516599635,41.32092454673666
UV-062h,AMM,60.40432532926845,5.922840669821108,0.0,1296.9825516599635,5.049580452615133
CB-045d,LST,29.31791428674546,2.3021255992209038,0.0,1296.9825516599635,5.874242459344228
CB-045d,MGS,312.0072163751209,24.49968960730449,0.0,1296.9825516599635,62.51488493099058
YI-683h,HE3,200.69177084966827,19.68266236039087,0.0,1296.9825516599635,19.113215317839042
YI-683h,AR,337.46431227399444,33.08947401455616,0.0,1296.9825516599635,28.210781023131222
SL-027b,CLI,34.09371264737487,2.577031601076282,0.0,1296.9825516599635,7.302476557583921
SL-027b,LES,215.1975948172494,17.82113115613892,0.0,1296.9825516599635,43.667083443630254
IC-162a,SIO,21.86465247119584,2.6309879487499637,0.0,1296.9825516599635,3.3328552504637132
IC-162a,HE,621.3630263979708,81.65368851527381,0.0,1296.9825516599635,87.61810033755769
IC-162a,N,53.23405728532269,6.995519442439386,0.0,1296.9825516599635,7.506508714622694
IC-162a,FEO,331.9241390900187,39.94064899936109,0.0,1296.9825516599635,50.595595387540705
IC-162c,CLI,45.914123473936044,4.262326893953879,0.0,1296.9825516599635,5.410369215973151
IC-162c,SCR,1039.7751936015586,96.52502184583459,0.0,1296.9825516599635,122.52368712184708
IC-162c,BRM,591.6934879366095,54.928437608990556,0.0,1296.9825516599635,69.72321347354642
IC-162b,HE,1000.6663308984437,123.72625202210627,0.0,1296.9825516599635,99.57236103402141
IC-162f,HE3,955.6402837224539,93.7235491164549,0.0,1296.9825516599635,91.01199531928017
IC-162d,GAL,347.95112160619163,41.04917345079337,0.0,1296.9825516599635,33.528186657128444
IC-162d,BER,913.2048734795543,107.7343998045758,0.0,1296.9825516599635,87.9954153126001
IC-162g,O,1864.3755849276552,182.84693485800653,0.0,1296.9825516599635,177.5569164454522
IC-162e,H2O,1176.9491928329655,138.8493629115289,0.0,1296.9825516599635,113.40952729539393
IC-162e,HE,128.82698418256936,15.928666149793873,0.0,1296.9825516599635,12.819065240691925
IC-162e,SIO,68.86026655107035,8.123718677711116,0.0,1296.9825516599635,6.635299405061098
IC-162e,TAI,1136.347071454984,134.05936966414038,0.0,1296.9825516599635,109.49715162046485
YI-059f,N,40.802859687529235,4.001703244572118,0.0,1296.9825516599635,3.885928354160068
YA-646d,BRM,58.399219284907204,6.889587453407462,0.0,1296.9825516599635,5.627284417927569
YA-646d,HE,117.95875349861441,14.58487610998103,0.0,1296.9825516599635,11.737610457965136
QV-695b,SIO,40.11255280471407,4.82676974453769,0.0,1296.9825516599635,6.1144046264085175
QV-695a,SIO,74.78519808369971,12.907438957711873,0.0,1296.9825516599635,6.004966427378432
QV-695f,H,209.07117849315043,25.85036842158684,0.0,1296.9825516599635,20.803848619586535
QV-695f,TIO,830.6191896921723,97.99143923387393,0.0,1296.9825516599635,80.0375498272179
QV-695e,FEO,1054.4352100849223,98.97509037262088,0.0,1296.9825516599635,119.70711513836743
QV-695e,ZIR,544.2516388522718,51.08645332178564,0.0,1296.9825516599635,61.78738434871397
QV-695e,CUO,1960.4679480122381,184.02030819087548,0.0,1296.9825516599635,222.56650776948075
QV-695d,LST,31.296872116724103,2.905369625437231,0.0,1296.9825516599635,3.6879204184894068
QV-695d,SIO,39.37193648217045,3.6549987463065183,0.0,1296.9825516599635,4.639459429892152
QV-695g,H,49.77228513325562,4.881371463490635,0.0,1296.9825516599635,4.740146537076442
ZV-896c,O,50.754895486455354,7.733830325099508,0.0,1296.9825516599635,5.824976441074699
ZV-896c,MAG,421.0167556469007,50.66122188715591,0.0,1296.9825516599635,64.17608998997399
ZV-896c,GAL,240.32971738912,28.919032260414294,0.0,1296.9825516599635,36.63374762063991
AJ-946a,LST,35.9435713155578,5.829153772213009,0.0,1296.9825516599635,3.4029925171017124
AJ-946a,CLI,59.281123486632076,9.61392460307791,0.0,1296.9825516599635,5.612497930695979
AJ-946a,AMM,2003.0645631767688,350.2021817647879,0.0,1296.9825516599635,171.6530237319145
FK-037c,BRM,50.75705068839661,4.711908359303516,0.0,1296.9825516599635,5.981043821820522
FK-037c,FEO,40.785547127900976,3.786227880546599,0.0,1296.9825516599635,4.806034656475189
YI-715b,O,22.513667399850565,1.8644214861190729,0.0,1296.9825516599635,4.568388386525828
YI-715b,H2O,12.859345876299615,1.0607076142652,0.0,1296.9825516599635,2.3328715475351105
UV-351b,H2O,56.83984887235819,5.204592741777326,0.0,1296.9825516599635,6.988235220612127
YA-646e,MGS,763.8309306625682,70.90840185689349,0.0,1296.9825516599635,90.0073232544846
YA-646e,CLI,878.5392180124688,81.55706900194787,0.0,1296.9825516599635,103.52417035377002
VH-874a,MGS,514.1898794622696,48.26469118417092,0.0,1296.9825516599635,58.374555890272156
IY-028b,H,908.420118254584,158.82199366916123,0.0,1296.9825516599635,77.84724615665905
IY-028b,HAL,119.94202827025057,19.45161543354448,0.0,1296.9825516599635,11.35562799551296
IY-028b,LES,346.52440237049035,60.583969171929084,0.0,1296.9825516599635,29.69547889632354
TO-392c,AMM,719.5129087600433,101.45352186668538,0.0,1296.9825516599635,60.39725075492896
TO-392c,MAG,684.0386773184871,80.69875499374791,0.0,1296.9825516599635,65.91321317764469
LB-476c,N,635.8318551038362,83.55504598608817,0.0,1296.9825516599635,89.65834288733811
LB-476c,H,552.1901593660167,72.56364051052165,0.0,1296.9825516599635,77.86406775635216
KW-602c,HE,1144.8395224782025,94.80745033484982,0.0,1296.9825516599635,232.30651346301357
OY-569b,SCR,1028.3424906573296,80.74836256612925,0.0,1296.9825516599635,206.0423897240903
OY-569b,BRM,589.5790998382697,46.29541942268801,0.0,1296.9825516599635,118.13018305253985
GK-996b,SIO,567.330672482639,66.93024891310102,0.0,1296.9825516599635,54.66735843674211
GK-996a,NE,1860.822455441095,325.3335392938466,0.0,1296.9825516599635,159.46355747921112
GK-996a,BRM,667.0086433046591,108.17222125991451,0.0,1296.9825516599635,63.14969099983254
GK-996d,BRM,48.769953171859285,5.7535847497699155,0.0,1296.9825516599635,4.699418946136295
GK-996d,SIO,582.3108556015948,68.69752051244545,0.0,1296.9825516599635,56.11083237483956
GK-996c,TAI,1647.1443111506746,194.32014535488835,0.0,1296.9825516599635,158.71701077024017
OT-442a,MAG,294.07251644935775,47.69125203268198,0.0,1296.9825516599635,27.841601052293885
OT-442a,CLI,56.15793729543353,9.10742143988587,0.0,1296.9825516599635,5.316807245292
YI-715c,TIO,71.23554436275342,6.686560135333991,0.0,1296.9825516599635,8.08717446972358
YI-715c,LIO,70.57068446932882,6.624152727645542,0.0,1296.9825516599635,8.011694763572033
YK-266c,SIO,21.420300613321654,2.577518798732063,0.0,1296.9825516599635,3.265122162799947
YK-266c,BRM,33.71913997329817,4.057446192151098,0.0,1296.9825516599635,5.139849025690059
XG-326a,LST,25.884372439159907,3.11468348459237,0.0,1296.9825516599635,3.9455859955909034
XG-326a,TIO,46.898533834099595,5.643331285238121,0.0,1296.9825516599635,7.148799869284184
XG-326a,SIO,34.148043164867325,4.109056394036788,0.0,1296.9825516599635,5.205227254584622
LS-231c,H,408.7187667409729,53.709978630816146,0.0,1296.9825516599635,57.633235955074454
LS-231c,SIO,1563.9634488729753,188.1927458801809,0.0,1296.9825516599635,238.39682789271194
LS-231c,BRM,75.397620148389,9.072645002529486,0.0,1296.9825516599635,11.492949842906109
JS-299a,H2O,15.618457116027347,1.2882938638875692,0.0,1296.9825516599635,2.833414278834392
JS-299a,O,37.688840915174964,3.121121207895353,0.0,1296.9825516599635,7.647677301106777
JS-299a,SCR,44.15931966702835,3.337857728812756,0.0,1296.9825516599635,9.458412464567969
OT-580c,O,83.63761226118095,6.926270988105509,0.0,1296.9825516599635,16.971428499173143
OT-580c,FEO,28.524958412145658,2.1561077846752523,0.0,1296.9825516599635,6.109714194672449
OT-580c,H,195.15443380232873,16.1612994022857,0.0,1296.9825516599635,39.600000885129
OT-580c,H2O,96.22344610797086,7.937024397615149,0.0,1296.9825516599635,17.456326456292377
YI-059b,HE,1119.5344646512058,207.51146487540305,0.0,1296.9825516599635,80.93307446903275
YI-059b,FEO,786.7321615295577,135.78485597706558,0.0,1296.9825516599635,63.17159462540189
YI-059b,ALO,90.43067092734817,15.607745848226712,0.0,1296.9825516599635,7.26123827761035
AJ-768a,O,60.86059319653613,5.0400405939339485,0.0,1296.9825516599635,12.349601787133711
AJ-768a,H2O,34.719375244777304,2.8638397348453073,0.0,1296.9825516599635,6.298597412020391
OT-889c,HAL,93.52422066843468,8.682095417054756,0.0,1296.9825516599635,11.020586394067154
UV-796b,H2O,56.13034505656748,4.629931021807673,0.0,1296.9825516599635,10.182857370461742
UV-796b,O,55.75841015237074,4.6175141558949155,0.0,1296.9825516599635,11.314286067534477
UV-796b,LST,36.80639821653861,2.782074580930717,0.0,1296.9825516599635,7.883502243516064
LS-231b,BTS,246.62365529848097,50.560428468274964,0.0,1296.9825516599635,15.925642774331356
LS-231b,HE,1508.4400783781375,263.7254016773562,0.0,1296.9825516599635,129.266078254295
LS-231b,SIO,85.55886309843746,13.875520748842238,0.0,1296.9825516599635,8.100368445293817
LS-231b,LST,36.59799337582016,5.9352847625842,0.0,1296.9825516599635,3.464950561129884
XD-005b,GAL,612.7572319696608,105.7579142692513,0.0,1296.9825516599635,49.20207073588214
XD-005b,HE,742.7442919984899,137.67147053259293,0.0,1296.9825516599635,53.69426399435682
XD-005b,SIO,1246.6125428367852,215.1572197826525,0.0,1296.9825516599635,100.09823681025165
OT-627c,TAI,286.20434508320443,21.63324508753812,0.0,1296.9825516599635,61.30164063577521
OT-627c,AMM,265.26355149286695,21.9672368834425,0.0,1296.9825516599635,53.82627834400064
CB-282b,H2O,601.5553062490441,72.38554389706553,0.0,1296.9825516599635,91.69579820752485
CB-282b,SIO,26.805195137856927,3.2254866828777695,0.0,1296.9825516599635,4.085948106085983
NG-848d,SIO,42.65046240413359,5.132158068449357,0.0,1296.9825516599635,6.501261236399033
NG-848d,LIO,853.2095726850861,102.66726655956742,0.0,1296.9825516599635,130.05576044785244
NG-848d,H2O,18.43702488832447,2.8093609654656846,0.0,1296.9825516599635,2.1159581669645604
NG-848d,CLI,662.1180267874486,79.67309571568997,0.0,1296.9825516599635,100.92744647610348
GY-694i,AUO,89.99880822555238,8.44778331789093,0.0,1296.9825516599635,10.217315957899748
GY-694i,HAL,145.53850592955183,13.66104492651899,0.0,1296.9825516599635,16.52258433685242
GY-694i,FEO,41.36149687411424,3.8824176695812627,0.0,1296.9825516599635,4.695656424642773
OZ-189a,LST,65.15061472050344,10.565810175786238,0.0,1296.9825516599635,6.168197712798957
OZ-189a,HAL,116.99409362516603,18.973533714681047,0.0,1296.9825516599635,11.076529420414344
OZ-189a,FEO,41.14768775915845,6.673132094008764,0.0,1296.9825516599635,3.8956972948273916
YI-209c,FEO,1907.6410144145618,177.09125176623144,0.0,1296.9825516599635,224.79013947364712
YI-209c,BER,95.36234852074358,8.852733582103673,0.0,1296.9825516599635,11.23718533127218
YI-209c,HE,499.0145730593395,45.48189882460059,0.0,1296.9825516599635,63.278045482022826
CH-115e,HE,925.30282912637,90.74823092996236,0.0,1296.9825516599635,88.12275726315448
CH-115e,HE3,149.49608623165798,14.661692290820037,0.0,1296.9825516599635,14.237508958253509
IA-158d,BER,822.4783476704662,76.35279333951854,0.0,1296.9825516599635,96.91814187777806
IA-158d,FEO,39.6245267940977,3.6784473585900757,0.0,1296.9825516599635,4.669223841025471
IA-158d,TAI,1107.6480376780041,102.82583359584864,0.0,1296.9825516599635,130.5215997118632
IA-158d,SIO,27.456818106986017,2.548887474814595,0.0,1296.9825516599635,3.2354210908314354
CH-771a,H2O,10.424049630015485,0.8598313569288233,0.0,1296.9825516599635,1.8910735449441634
CH-771a,AMM,285.9842356054585,23.683176271747488,0.0,1296.9825516599635,58.03084133143561
CH-771a,O,102.63252004739432,8.499293880133386,0.0,1296.9825516599635,20.825803470273687
QV-865a,H2O,85.72522279011362,14.987614780503188,0.0,1296.9825516599635,7.346240342187332
QV-865c,AMM,234.7976419999806,27.70000880526829,0.0,1296.9825516599635,22.624842050484382
QV-865c,FEO,756.1630560459497,89.20755392719451,0.0,1296.9825516599635,72.86303883517107
QV-865e,H,1069.5361159453385,104.89377896896838,0.0,1296.9825516599635,101.85905474709857
IY-816d,H,659.5094191730162,60.38858308490171,0.0,1296.9825516599635,81.08408172829661
IY-816d,H2O,48.55874654132352,4.557991122964883,0.0,1296.9825516599635,5.512740287503167
IY-816d,HAL,1043.8407207279338,97.98063331017579,0.0,1296.9825516599635,118.50435204286427
UB-860c,H,163.39951454309707,30.286939521180074,0.0,1296.9825516599635,11.81243230670918
UB-860c,HAL,120.20522309017221,20.74663996608056,0.0,1296.9825516599635,9.652021356474142
UB-860c,GAL,876.5149360238948,151.2807791133881,0.0,1296.9825516599635,70.38080928833523
SE-866e,HE,142.77633556737968,13.013124664899506,0.0,1296.9825516599635,18.10489701813752
SE-866e,LST,29.827607935808793,2.768974029511429,0.0,1296.9825516599635,3.5147871624648492
RV-854d,LST,26.106600121927297,3.141424287173607,0.0,1296.9825516599635,3.979460428321328
RV-854d,HE,69.03688832793216,9.072178961582198,0.0,1296.9825516599635,9.734858289806477
RV-854d,O,23.370108357412832,3.0710799763006573,0.0,1296.9825516599635,3.295407695610002
NG-114b,FEO,640.8517282039588,48.439874303718895,0.0,1296.9825516599635,137.26298366208832
NG-114b,N,105.58459760233049,8.743763904690534,0.0,1296.9825516599635,21.424827901903313
NG-114b,TAI,91.77457044253222,6.936937923180893,0.0,1296.9825516599635,19.65704516168402
NG-114b,O,284.8399261936144,23.58841272139743,0.0,1296.9825516599635,57.798642386021015
JS-299b,TS,98.40783099059607,9.237100461472085,0.0,1296.9825516599635,11.171969071442081
LB-599a,HAL,710.2160295436174,66.66478417626267,0.0,1296.9825516599635,80.62886292923088
LB-599a,GAL,66.94808745685707,6.284115840349162,0.0,1296.9825516599635,7.600431336929689
OF-185b,FEO,566.7771690030137,53.20082351830187,0.0,1296.9825516599635,64.34464553035687
OF-185b,CUO,53.17689762344015,4.991476192825266,0.0,1296.9825516599635,6.037026216146224
OF-185b,BRM,625.7927880338773,58.74035422735838,0.0,1296.9825516599635,71.04452565074914
OF-185b,HE,1024.7095935420773,93.82847102488122,0.0,1296.9825516599635,125.98400267690204
OF-185b,BER,636.713163277395,59.76540073215316,0.0,1296.9825516599635,72.28428567026202
LB-428e,HEX,887.2167466973588,125.10027619472305,0.0,1296.9825516599635,74.47462258404506
LB-428e,MGS,1847.6333466947801,217.97263182207325,0.0,1296.9825516599635,178.03591330862133
LB-428e,O,128.2191917679977,15.85351634696709,0.0,1296.9825516599635,12.758586213998651
XD-492e,O,714.004596387234,70.010474231262,0.0,1296.9825516599635,59.68817023186507
XD-492e,F,207.00237526444207,20.301569132004467,0.0,1296.9825516599635,19.714216248044735
KI-401a,CLI,57.77929590545427,6.952620509965696,0.0,1296.9825516599635,8.807367506996904
KI-401a,SCR,344.31151474183093,41.43123002274995,0.0,1296.9825516599635,52.48381794378749
XH-594a,AMM,417.424337647296,34.5681087899436,0.0,1296.9825516599635,84.70217057456398
XH-594a,O,293.4370528036038,24.300365478177362,0.0,1296.9825516599635,59.543138858542775
XD-005d,SIO,596.1942600454257,70.33540078273049,0.0,1296.9825516599635,57.44862192838497
XD-005d,BRM,1204.983217464617,142.1566479529346,0.0,1296.9825516599635,116.11085501712017
XD-005d,HE,498.42887136531647,61.62767173176511,0.0,1296.9825516599635,49.59669172121269
XD-005d,GAL,100.39526308422458,11.844027255778308,0.0,1296.9825516599635,9.673976921359348
XD-005d,AMM,649.6332482013022,76.63981010240555,0.0,1296.9825516599635,62.59794394059032
KW-689c,O,1559.9225273153927,142.17668659776245,0.0,1296.9825516599635,197.80754703562053
VH-778c,HE,854.2843965576234,77.86240841316767,0.0,1296.9825516599635,108.32839323417426
VH-778c,FEO,569.678430155537,52.88472282686081,0.0,1296.9825516599635,67.12903151177602
XG-452b,H2O,32.179119120153096,6.970329578632919,0.0,1296.9825516599635,1.7220028997350283
QQ-645a,BTS,221.63149155070394,45.43677353781998,0.0,1296.9825516599635,14.31178188364354
QJ-149d,CLI,80.40855527430172,9.486116087644712,0.0,1296.9825516599635,7.748079780924161
QJ-149d,MAG,142.40048697662309,16.799550070129232,0.0,1296.9825516599635,13.721554008444521
LG-913e,HE,77.4172220625645,7.592623435857129,0.0,1296.9825516599635,7.372958185212011
LG-913e,H,41.245164657970875,4.045081901089365,0.0,1296.9825516599635,3.928052005271476
CG-044d,AMM,93.03066000478172,9.121958959280612,0.0,1296.9825516599635,7.777022583950768
CG-044d,O,1027.2298137188898,113.64501516799089,0.0,1296.9825516599635,85.05682749574798
CG-044d,HE,65.58877256136144,6.432559040623365,0.0,1296.9825516599635,6.246456080838091
NG-114c,SIO,408.05592864134513,30.843605505551864,0.0,1296.9825516599635,87.40083205094994
GY-919a,H2O,1599.1198684417539,150.10218928759903,0.0,1296.9825516599635,181.54365899464887
GY-919a,SCR,821.8584014525097,77.14415146541685,0.0,1296.9825516599635,93.30331285332043
GY-919a,FEO,44.72879611787648,4.198490903645767,0.0,1296.9825516599635,5.077936601199017
VH-241b,FEO,1900.7237687466054,224.23591941638009,0.0,1296.9825516599635,183.15164787513882
VH-241b,O,51.737940007705916,7.295207860766239,0.0,1296.9825516599635,4.342978837688946
VH-241b,HAL,176.82775755164337,20.861071684854373,0.0,1296.9825516599635,17.03892786430798
VH-241b,SIO,62.27394941587946,7.346704730360263,0.0,1296.9825516599635,6.000649143632555
NG-848e,H,56.003574325848795,5.339880628648463,0.0,1296.9825516599635,7.425325880066279
NG-848e,HE,58.20012634364842,5.549319503057112,0.0,1296.9825516599635,7.716559336877111
AJ-293a,AMM,151.03926560022686,12.507995566931822,0.0,1296.9825516599635,30.64831751410018
AJ-293a,CLI,300.1489780096195,22.6872740250275,0.0,1296.9825516599635,64.28841875825404
PB-519a,SIO,1130.603569891627,88.77819190551254,0.0,1296.9825516599635,226.53178633331814
PB-519a,FEO,20.61836543641942,1.619012403850704,0.0,1296.9825516599635,4.13116964952883
KI-448b,HE3,245.55703019203455,23.413598944981583,0.0,1296.9825516599635,32.5575821412448
XD-354e,TCO,157.54853459624698,18.586625310204425,0.0,1296.9825516599635,15.18120318484994
XD-354e,O,441.9808334012392,62.320649984450405,0.0,1296.9825516599635,37.100692564099205
XD-354e,TAI,2124.56750166557,250.6436521348371,0.0,1296.9825516599635,204.72098331711408
XD-354e,TIO,779.7435247108149,91.98943531273747,0.0,1296.9825516599635,75.13522681148395
FK-794a,FEO,1891.0645651909224,304.38342783571454,0.0,1296.9825516599635,173.73952088326453
LG-430b,NE,2055.8080376704074,356.44176168562245,0.0,1296.9825516599635,172.51268525065254
LG-430b,BRM,62.37570378419573,10.039916606222171,0.0,1296.9825516599635,5.730700627415374
LG-430b,CUO,71.26063557797923,11.470024306011524,0.0,1296.9825516599635,6.546994169871223
LG-430b,CLI,60.63203615533807,9.75925800807204,0.0,1296.9825516599635,5.570503041360556
TO-392e,O,232.66745701220137,21.30440847463941,0.0,1296.9825516599635,28.60554610963494
TO-392e,AMM,168.85684465164337,15.849832497613583,0.0,1296.9825516599635,19.169850884425365
TO-392e,SIO,1461.6280734863171,137.19645292650742,0.0,1296.9825516599635,165.93459551507692
SB-838a,HAL,119.56779223027912,11.099787558029126,0.0,1296.9825516599635,14.089475162730775
QF-930c,SIO,15.961529646670959,1.20647952678026,0.0,1296.9825516599635,3.4187739327054527
QF-930c,HE,159.75574266174544,13.229832077533693,0.0,1296.9825516599635,32.41703212962855
QF-930c,BRM,27.65621266842592,2.090442151306965,0.0,1296.9825516599635,5.923638964508197
ZV-307g,N,2237.2499545236155,219.4162485300574,0.0,1296.9825516599635,213.06822855565107
ZV-307g,H,94.05458698451777,9.22431782441635,0.0,1296.9825516599635,8.95744536537125
OF-443b,CLI,33.00058402045294,2.591299248632824,0.0,1296.9825516599635,6.61211537560644
ZV-759e,AMM,291.80882522076234,34.42584414059313,0.0,1296.9825516599635,28.11837684280363
ZV-759e,GAL,280.54748374727234,33.09729903546454,0.0,1296.9825516599635,27.033246387727328
ZV-759e,FEO,45.932047854950774,5.418785807168569,0.0,1296.9825516599635,4.4259615169969955
ZV-759e,H,445.6559063846015,55.10261841124884,0.0,1296.9825516599635,44.34546205589799
ZV-759e,SIO,779.2671071678743,91.93323044618931,0.0,1296.9825516599635,75.08931974202918
ZV-759a,AMM,340.8909524442921,59.59905511010351,0.0,1296.9825516599635,29.21271926308404
BI-500b,LIO,37.348842340544856,4.494210654717145,0.0,1296.9825516599635,5.693128919264195
BI-500b,ALO,32.75138870356334,3.9409960481840693,0.0,1296.9825516599635,4.992333536718638
BI-500b,BOR,422.7341134739701,50.8678726790065,0.0,1296.9825516599635,64.43786890726587
XD-311b,MGS,50.799427418728214,8.767650889419317,0.0,1296.9825516599635,4.079000443885957
XD-311b,BTS,194.15489771915512,42.05595626639507,0.0,1296.9825516599635,10.389821288201636
XD-311b,LIO,162.88436186097292,28.112781830614782,0.0,1296.9825516599635,13.078993565349581
ZK-357e,FEO,39.201201745817066,4.624721203700679,0.0,1296.9825516599635,3.777384602901408
ZK-357e,TAI,645.3685755232365,76.13668975704017,0.0,1296.9825516599635,62.18700478074024
ZK-357e,BER,134.70164955069762,15.891287692909616,0.0,1296.9825516599635,12.979702517730084
ZK-357e,LST,42.61951702693093,5.027993411119376,0.0,1296.9825516599635,4.106769696615274
ZV-194e,HAL,202.67366196124556,24.900608960997854,0.0,1296.9825516599635,18.13586440028172
ZV-194e,HE,2319.9628835586414,299.64436669181913,0.0,1296.9825516599635,214.00159291146986
NG-164c,TAI,608.5205825998115,45.99606934816499,0.0,1296.9825516599635,130.33802845712043
NG-164c,TCO,818.0503551610475,61.83373568979782,0.0,1296.9825516599635,175.21686779238794
OS-099b,SIO,29.64130294757815,2.240488596329681,0.0,1296.9825516599635,6.348822205128752
OS-099b,BOR,78.02572919526632,5.897708234738224,0.0,1296.9825516599635,16.712203338778803
OS-099b,BRM,478.93360984643704,36.20101630342214,0.0,1296.9825516599635,102.58200668010679
SE-648c,TCO,133.88302609766117,15.794711438292406,0.0,1296.9825516599635,12.90082086386844
SE-648c,O,29.915805933447693,4.218220179897763,0.0,1296.9825516599635,2.511188347700387
SE-648c,TIO,90.99506437686856,10.735048542248233,0.0,1296.9825516599635,8.76818413236228
SG-195b,FEO,20.42097514063051,1.6035127592126508,0.0,1296.9825516599635,4.091619821896309
SG-195b,LIO,997.3183347599473,78.3122580469932,0.0,1296.9825516599635,199.82627857596168
HM-301b,TAI,579.497806954051,45.50380777545376,0.0,1296.9825516599635,116.11025905227305
HM-301b,SIO,20.33530641880905,1.5967858087335411,0.0,1296.9825516599635,4.074454929529158
HM-301b,H2O,558.0285109305333,43.81797789377843,0.0,1296.9825516599635,111.80859389833014
YI-552a,SIO,59.790480583902294,7.053720065235805,0.0,1296.9825516599635,5.7613448236139195
YI-552a,BRM,54.241205118239876,6.399050035535417,0.0,1296.9825516599635,5.22662275470468
YI-552a,HE,415.02308270933923,51.31505771777439,0.0,1296.9825516599635,41.297310554941475
GY-694c,ZIR,110.11978270220182,10.33644868885401,0.0,1296.9825516599635,12.501594579607039
GY-694c,TIO,66.11380319299931,6.205805329070687,0.0,1296.9825516599635,7.505717350260271
LB-716b,H2O,1974.322473575921,185.32077018855935,0.0,1296.9825516599635,224.13937376539687
LB-716b,CLI,616.1168112440645,57.83211380816944,0.0,1296.9825516599635,69.94603874839977
QJ-382a,MGS,39.03292948954849,4.696857964090588,0.0,1296.9825516599635,5.949836347117872
QJ-382a,HE,553.1544549737833,72.69035917553408,0.0,1296.9825516599635,78.00004261440921
QJ-382a,SIO,478.53985170109695,57.58301370126103,0.0,1296.9825516599635,72.94440464577382
QJ-382a,H,144.93582177735,19.046103394206764,0.0,1296.9825516599635,20.437330248969097
QF-899c,CLI,32.315749586777805,2.537524110825554,0.0,1296.9825516599635,6.4748994922196
QF-899c,HE,472.84939982113974,39.660390647895014,0.0,1296.9825516599635,91.35899646125016
QF-899c,LST,30.19179380526992,2.3707450920863815,0.0,1296.9825516599635,6.049336093968452
FK-371e,O,88.06578404240317,9.742938950581081,0.0,1296.9825516599635,7.292035435044673
FK-371e,HE,61.82412584135285,6.063344747569033,0.0,1296.9825516599635,5.887923675396217
SE-110a,SIO,65.5700008009631,7.735552981184868,0.0,1296.9825516599635,6.318253023052282
SE-110a,CLI,55.95438549182982,6.601160717010909,0.0,1296.9825516599635,5.39170292768387
SE-110a,O,51.76463136258867,7.29897142348107,0.0,1296.9825516599635,4.345219359622904
SO-838g,F,178.00313168193597,17.457494769988134,0.0,1296.9825516599635,16.952424948380106
XG-452f,H,52.062417106731715,5.105974067791888,0.0,1296.9825516599635,4.958251072852871
XG-452f,AR,134.0932157079137,13.151069814292237,0.0,1296.9825516599635,12.77059090981173
YV-391f,NE,156.1839147886722,15.317594976090046,0.0,1296.9825516599635,14.874435458417565
YV-391f,AR,191.62058195980336,18.793013784514375,0.0,1296.9825516599635,18.249305523696815
NG-164d,HAL,78.87557755073047,7.403695686193442,0.0,1296.9825516599635,8.954526321925538
NG-164d,TAI,1415.1774721294446,132.83634390967293,0.0,1296.9825516599635,160.66118712384375
NG-164d,H2O,1062.606232263324,99.742067471649,0.0,1296.9825516599635,120.63474870309763
KW-950b,TAI,705.6350963240683,83.24657017417852,0.0,1296.9825516599635,67.99422031509029
KW-950b,BER,533.419843437783,62.92965395339296,0.0,1296.9825516599635,51.39974831763833
YI-705b,H2O,1293.9975297049732,121.46172777574743,0.0,1296.9825516599635,146.9039631791894
YI-705b,HE,1170.3958374501228,107.16836517772006,0.0,1296.9825516599635,143.8955517227687
ZV-759j,TIO,149.2216040651787,17.604264298966218,0.0,1296.9825516599635,14.378829334644111
QJ-684a,GAL,746.4286523131492,121.05217247668877,0.0,1296.9825516599635,70.66885747306112
QJ-684a,BOR,162.43663148160564,26.343183731905185,0.0,1296.9825516599635,15.378845818691682
OT-889e,FEO,646.055363102988,60.64231100902327,0.0,1296.9825516599635,73.34487979636089
OT-889e,AMM,688.6627179592597,63.05803154882149,0.0,1296.9825516599635,84.66836482223235
AU-605c,TIO,37.590285502598434,2.8413260425932116,0.0,1296.9825516599635,8.051401779405436
YV-800a,GAL,1032.3226049753962,78.0298702884686,0.0,1296.9825516599635,221.11149057500023
YV-800a,SIO,294.3997033686091,22.252705264904776,0.0,1296.9825516599635,63.05699102483814
JS-913a,CLI,1446.9880743334188,134.32764730797868,0.0,1296.9825516599635,170.50831293115988
JS-913a,N,94.71509231870776,8.632658199923782,0.0,1296.9825516599635,12.010442666700412
RV-854c,SIO,1202.3491415758474,144.67945949944956,0.0,1296.9825516599635,183.27552448732945
RV-854c,FEO,702.4415897804556,84.52525645435361,0.0,1296.9825516599635,107.07401563907986
RV-854c,AMM,100.11010569450693,15.254382140846095,0.0,1296.9825516599635,11.489315495480032
YA-646i,BER,172.8726998445442,20.394477845245024,0.0,1296.9825516599635,16.657822861883474
YI-715d,SIO,34.64042342810662,4.086668101960133,0.0,1296.9825516599635,3.337913029905453
YI-715d,HE,573.0203662167161,70.85045239872706,0.0,1296.9825516599635,57.01899726510201
YI-715d,H2O,894.3046057048874,105.50466027516332,0.0,1296.9825516599635,86.17420633677175
OY-569a,MGS,1332.1500497311765,214.42123446893277,0.0,1296.9825516599635,122.38985153928087
OY-569a,HE,1445.4729001194364,250.62014426757497,0.0,1296.9825516599635,121.29654466144797
OY-569a,SCR,1098.6023125720337,176.829677782661,0.0,1296.9825516599635,100.93290464053577
UV-351e,HE,133.30584647266485,14.634141988539037,0.0,1296.9825516599635,11.663903711637015
SG-779c,MGS,278.55803905584656,21.873165543333336,0.0,1296.9825516599635,55.812887793088876
SG-779c,H,186.86032635461555,15.67296805837224,0.0,1296.9825516599635,36.10319036174477
SG-779c,LIO,385.17583709971854,30.245096773118277,0.0,1296.9825516599635,77.17521220899214
SG-779c,LST,17.28386888558159,1.357178298084589,0.0,1296.9825516599635,3.4630579609588135
ZV-759d,MAG,906.9605982618748,106.99773789843857,0.0,1296.9825516599635,87.39372383343371
ZV-759d,N,892.109045866252,110.30380980336061,0.0,1296.9825516599635,88.77025363385191
ZV-759d,HAL,168.00045844487485,19.819680208766872,0.0,1296.9825516599635,16.18833904952322
ZV-759d,MGS,58.50600204866409,6.902185039444196,0.0,1296.9825516599635,5.637573887375113
ZV-194c,FEO,52.83875620169971,6.233597576106099,0.0,1296.9825516599635,5.091484322519758
ZV-194c,O,1321.9580776033843,186.40013417424913,0.0,1296.9825516599635,110.96761785429325
CC-541e,AR,82.6470501522006,9.143450805942887,0.0,1296.9825516599635,6.843352669426997
XG-326d,H2O,23.483643091059168,2.1800473567105407,0.0,1296.9825516599635,2.7672352218787792
YI-683c,FEO,16.806091473733662,1.3196618636006439,0.0,1296.9825516599635,3.367328765104608
YI-683c,SIO,22.703852796553022,1.782770773278291,0.0,1296.9825516599635,4.5490253769009845
YI-683c,SCR,265.88385218162847,20.877952522138372,0.0,1296.9825516599635,53.27344225320427
XD-311c,H2O,592.7657823107653,128.39919110944743,0.0,1296.9825516599635,31.720706592107124
XD-311c,FEO,42.744579840672294,7.3774365677153115,0.0,1296.9825516599635,3.432226877414401
UV-795h,HE,122.71043843772388,12.034714316584752,0.0,1296.9825516599635,11.686533143222432
UV-795h,N,68.63161272505738,6.72955297269777,0.0,1296.9825516599635,5.737351558166949
XD-005a,H2O,42.335563279775705,9.17032028923054,0.0,1296.9825516599635,2.265505232056915
ZV-194d,SCR,534.1258301870105,50.135989207770166,0.0,1296.9825516599635,60.6378292767965
ZV-194d,AUO,127.28663324197164,11.94782373336732,0.0,1296.9825516599635,14.450499675408864
ZV-194d,N,364.02636190461357,33.33240672822628,0.0,1296.9825516599635,44.755605336069834
WU-974c,HE,553.0167978712097,46.384456122216754,0.0,1296.9825516599635,106.84809941355245
UV-796a,TIO,161.55092719070282,27.882639676129283,0.0,1296.9825516599635,12.971923842553467
UV-796a,SCR,259.84970001021014,44.84836875484015,0.0,1296.9825516599635,20.864940719676625
UV-796a,H2O,1000.6414288859994,216.7492690936161,0.0,1296.9825516599635,53.54737759299159
UV-796a,TCO,816.5775084691164,140.93596881309688,0.0,1296.9825516599635,65.56806225506475
IZ-911c,ALO,1020.410900786773,120.38191992059144,0.0,1296.9825516599635,98.32566996944175
IZ-911c,BRM,1262.4153622470824,148.93214579281442,0.0,1296.9825516599635,121.64495320164941
IZ-911c,SIO,808.8008345251847,95.41744136449978,0.0,1296.9825516599635,77.93515716581928
IZ-911c,O,24.26240583818723,3.4210734668887417,0.0,1296.9825516599635,2.0366314370261707
UV-795d,FEO,40.058421815444234,4.72585085421364,0.0,1296.9825516599635,3.8599853842066203
ZV-194b,SIO,78.2903203663937,7.267893031288618,0.0,1296.9825516599635,9.225473714193077
VH-331b,H,688.1831172229639,85.08961995597366,0.0,1296.9825516599635,68.47838853948377
VH-331b,HAL,1003.4105117775371,118.37631662220379,0.0,1296.9825516599635,96.6875312179002
VH-331b,N,130.93587554736285,18.462359119964226,0.0,1296.9825516599635,10.991000733925139
VH-331b,GAL,125.11145201275072,14.759894063984607,0.0,1296.9825516599635,12.055601650784363
VH-331e,H,110.1940960327882,15.53770473792915,0.0,1296.9825516599635,9.249897213483639
VH-331e,MAG,2250.208794656918,265.4660536398996,0.0,1296.9825516599635,216.82763986074372
ZV-759c,ALO,28.524958412145658,2.1561077846752523,0.0,1296.9825516599635,6.109714194672449
ZV-759c,H2O,33.67820577932953,2.7779585095975823,0.0,1296.9825516599635,6.109714194672449
ZV-759c,O,39.030884337109434,3.2322596797720413,0.0,1296.9825516599635,7.919999685287488
WB-947b,BRM,43.985440063796716,5.189136767697482,0.0,1296.9825516599635,4.238388535284058
WB-947b,FEO,38.594050453872605,4.553093158419915,0.0,1296.9825516599635,3.7188801734532113
WB-947b,ALO,78.62536078517239,9.275745563351322,0.0,1296.9825516599635,7.576253124922871
SE-648a,H2O,1134.8864606752252,105.35444688748323,0.0,1296.9825516599635,133.73128584165454
SE-648a,HE,353.633761153876,32.23139325803009,0.0,1296.9825516599635,44.842885218930874
SE-648a,LIO,54.621017554966755,5.0706104023051175,0.0,1296.9825516599635,6.436360961835156
AW-284d,BRM,797.0787050618278,73.9948787895637,0.0,1296.9825516599635,93.92513157791883
AW-284d,HE,129.5995166449419,11.812144217803157,0.0,1296.9825516599635,16.433997224629394
AW-284d,HAL,92.0056820674945,8.541125549210745,0.0,1296.9825516599635,10.841646802539122
AW-284d,AMM,153.25754691283836,14.227294664109372,0.0,1296.9825516599635,18.059364988280354
DW-739c,FEO,40.712204521475435,3.779419296603626,0.0,1296.9825516599635,4.797392205089848
DW-739c,CLI,665.1069147802581,61.74359599463696,0.0,1296.9825516599635,78.37401010390023
XD-055a,ZIR,464.8801373889256,59.27095520363166,0.0,1296.9825516599635,63.18225396466876
XD-055a,CUO,56.601880882875214,7.216586118506234,0.0,1296.9825516599635,7.692809662521288
XD-055a,BOR,525.0564352676038,66.94326978330052,0.0,1296.9825516599635,71.36086567430033
YI-280b,LST,44.873087813239,7.744803204842611,0.0,1296.9825516599635,3.603137956654509
YI-280b,TAI,160.8880798795713,27.768236539867765,0.0,1296.9825516599635,12.91869972933566
YI-280b,H2O,113.3366833535587,24.549896265765305,0.0,1296.9825516599635,6.064991917660991
EM-759c,N,304.200765716045,42.89323882961458,0.0,1296.9825516599635,25.535177622394418
EM-759c,O,28.794562422806877,4.060121413857953,0.0,1296.9825516599635,2.41706908361906
XD-055f,HE,75.16644971213503,7.371880990683376,0.0,1296.9825516599635,7.158602128742604
ZV-639b,HE,755.914708941846,132.15898536974294,0.0,1296.9825516599635,64.7782641950953
GK-258a,GAL,1192.7183784528238,193.42927206392335,0.0,1296.9825516599635,112.92177066244479
GK-258a,BTS,551.4092421482906,113.04466114835041,0.0,1296.9825516599635,35.60707346702172
GK-258a,FEO,596.2335190903833,96.69425545984059,0.0,1296.9825516599635,56.44898738906261
GK-258a,NE,1967.45288444643,343.97607811494225,0.0,1296.9825516599635,168.60127370517674
LS-014c,H,1613.7972182006122,147.76881809465792,0.0,1296.9825516599635,198.41000254030942
LS-014c,AMM,506.89897953618987,47.58032720222142,0.0,1296.9825516599635,57.54684017235409
LS-014b,SIO,716.1810682774417,66.48494182824636,0.0,1296.9825516599635,84.3924202771863
GK-258f,LES,1054.5717231030374,103.42615979108047,0.0,1296.9825516599635,100.43389585152096
GK-258d,GAL,81.2512166686769,9.585528193512683,0.0,1296.9825516599635,7.82927770432486
GK-258d,HE,103.42002756664127,12.787251853827053,0.0,1296.9825516599635,10.290919165600629
QF-757b,O,69.36819793922399,5.744579787658603,0.0,1296.9825516599635,14.075932820340022
ZV-639c,TIO,1108.0419836426029,130.7201062245318,0.0,1296.9825516599635,106.76970454933857
ZV-639c,BOR,1994.4101322173824,235.28847118380494,0.0,1296.9825516599635,192.17916262254317
XH-594c,AUO,95.94530670625156,9.005954383214565,0.0,1296.9825516599635,10.892405495399023
XH-594c,TS,73.00872954419326,6.853001052615447,0.0,1296.9825516599635,8.28847928261879
JS-009c,SIO,64.99816835043578,7.668091639666172,0.0,1296.9825516599635,6.263151878243837
JS-009c,HAL,88.7499437670753,10.47018276195148,0.0,1296.9825516599635,8.551846784388129
JS-570c,MGS,1226.7148764580297,144.72041793095963,0.0,1296.9825516599635,118.20489373076703
JS-570c,H2O,2358.523022957661,278.24431262116593,0.0,1296.9825516599635,227.26467954415165
KW-020a,H,1064.1795894779664,197.25115436430787,0.0,1296.9825516599635,76.93137521271233
YI-705c,BRM,842.7742555894873,78.23691499131405,0.0,1296.9825516599635,99.30974487718261
YI-705c,FEO,28.286929099496973,2.625948826325632,0.0,1296.9825516599635,3.3332386384597097
YI-705c,HAL,71.34893725105319,6.623506474490938,0.0,1296.9825516599635,8.407523970584597
KW-689d,GAL,60.049607685192385,5.574560471643766,0.0,1296.9825516599635,7.076048158376789
KW-689d,MGS,67.26910562995961,6.2447651477342125,0.0,1296.9825516599635,7.926770038264645
ZV-307e,FEO,1380.3131114710848,162.84101073629816,0.0,1296.9825516599635,133.005450400769
ZV-307e,H2O,1636.6280749522834,193.07950327342422,0.0,1296.9825516599635,157.70367783841192
ZV-307e,N,949.2058421313558,117.36347833243802,0.0,1296.9825516599635,94.45173070172768
YI-705g,HE,68.54173562661795,6.7221681996341065,0.0,1296.9825516599635,6.527686440473273
QF-764a,LST,739.1216404166573,55.86777374741927,0.0,1296.9825516599635,158.31125545551868
WU-070c,H,169.5756918580083,15.45570986617348,0.0,1296.9825516599635,21.503216381539513
OT-580d,HE,141.60528211899606,17.50862428576552,0.0,1296.9825516599635,14.090583284457606
OT-580d,TIO,1888.1968813903331,222.75807284553855,0.0,1296.9825516599635,181.94457081335176
QJ-684d,AR,1487.3717768345982,183.9043941310364,0.0,1296.9825516599635,148.0025009153817
WU-070b,SIO,28.909907827792516,2.713643012442135,0.0,1296.9825516599635,3.282061934087376
KW-020e,GAL,92.89378151107968,10.959047731032106,0.0,1296.9825516599635,8.951142423144768
KW-020e,SIO,55.86136246954662,6.59018642223355,0.0,1296.9825516599635,5.38273933176234
VH-874c,HAL,126.84078826572548,14.96391071860959,0.0,1296.9825516599635,12.22223858649828
VH-874c,H,135.03390052039313,19.040193181243314,0.0,1296.9825516599635,11.334996566220363
OS-099d,N,309.5499638107913,25.634721936064995,0.0,1296.9825516599635,62.81270992446551
OS-099d,SIO,330.52273629106077,24.983126510918428,0.0,1296.9825516599635,70.7941243735392
OS-099c,BRM,386.86383703678746,29.24176500426361,0.0,1296.9825516599635,82.86173260616216
OS-099c,AR,473.2493135509716,39.1911354469681,0.0,1296.9825516599635,96.02996391302865
QJ-684c,HE,945.1782534469744,116.86549170371062,0.0,1296.9825516599635,94.05096123223059
QJ-684c,SCR,129.57437995174814,15.286403368569179,0.0,1296.9825516599635,12.48564446911266
VH-778f,AMM,63.80414142786719,6.794458429163067,0.0,1296.9825516599635,4.994751878670478
XV-825d,AMM,475.3416523312402,72.43068181596986,0.0,1296.9825516599635,54.55343567853274
XV-825d,O,20.631378574109704,3.143727905175937,0.0,1296.9825516599635,2.3677970960092574
GY-811d,TAI,138.52617477136542,12.859743267879693,0.0,1296.9825516599635,16.323468573127965
GY-811d,HE,545.9445998590672,49.7592623445778,0.0,1296.9825516599635,69.22905479243146
FK-037b,SIO,61.02451257123313,10.532434106221809,0.0,1296.9825516599635,4.900035817612685
FK-037b,O,41.32059284186202,8.950467208777601,0.0,1296.9825516599635,2.2111910654476095
JS-869c,H,209.02435162834126,19.13950590865535,0.0,1296.9825516599635,25.698719560198334
JS-869c,HAL,77.57857694409064,7.281952073093513,0.0,1296.9825516599635,8.80728142772188
JS-869c,FEO,1589.311241626121,149.18149760713968,0.0,1296.9825516599635,180.43011270148804
JS-869c,BRM,35.914248080994696,3.371108926830027,0.0,1296.9825516599635,4.077245324341241
LS-300c,HAL,69.25806150451622,5.234989071809564,0.0,1296.9825516599635,14.83427093409778
LS-300c,MGS,609.6397514776655,46.08066364257348,0.0,1296.9825516599635,130.57774140886124
LS-300c,SIO,726.7889416954325,54.935585614672846,0.0,1296.9825516599635,155.6697348844106
KI-401d,AR,114.58865999689037,12.677231355154237,0.0,1296.9825516599635,9.488186339762574
KI-401d,H,37.667353256650365,3.6941913114891625,0.0,1296.9825516599635,3.58731317282935
HM-049b,AMM,265.3945322127403,21.97808377320337,0.0,1296.9825516599635,53.85285645714857
HM-049b,SIO,21.364869698341394,1.614900229111369,0.0,1296.9825516599635,4.5761065021466925
HM-049b,H2O,12.319622301869142,1.016188327630881,0.0,1296.9825516599635,2.2349578758417947
HM-049b,O,81.37480122018883,6.738881104044187,0.0,1296.9825516599635,16.51226742616914
KI-401b,LIO,788.3703277055158,74.00077661050588,0.0,1296.9825516599635,89.50150439562425
KI-401b,TIO,79.67251700230517,7.478500807918048,0.0,1296.9825516599635,9.045000655270567
KI-401b,ZIR,87.96253234732058,8.256647260270707,0.0,1296.9825516599635,9.986143185331441
KI-401b,FEO,38.276978278361305,3.592887783011855,0.0,1296.9825516599635,4.3454795535019715
OY-701a,MGS,50.76710234528038,4.765279549205816,0.0,1296.9825516599635,5.763448818442164
OY-701a,LST,698.4286385127523,65.55835479930423,0.0,1296.9825516599635,79.29067300365065
OY-701a,CUO,48.748033649010154,4.575758652359267,0.0,1296.9825516599635,5.534229529684512
XG-751b,TAI,49.62109672283974,3.7506954920812,0.0,1296.9825516599635,10.628261560362565
XG-751b,FEO,766.5790403141045,57.94318829528483,0.0,1296.9825516599635,164.19231103773475
KC-765a,SIO,22.459027179753278,2.702509446624971,0.0,1296.9825516599635,3.4234565015363385
KC-765a,TIO,58.605350779688244,7.052020233879847,0.0,1296.9825516599635,8.933284044128639
KC-765a,N,65.64476698534122,8.62641825850404,0.0,1296.9825516599635,9.256536897117197
JS-367d,FEO,671.719385402798,62.35744875360188,0.0,1296.9825516599635,79.15320188174229
JS-367d,LST,1410.2413313922777,130.91635207129298,0.0,1296.9825516599635,166.17819766915574
UV-351a,O,41.818806130590474,3.4631354940527546,0.0,1296.9825516599635,8.485714249586572
UV-351a,GAL,49.608623164769384,3.7497526568535546,0.0,1296.9825516599635,10.625589869357817
UV-351a,AMM,106.4478711805919,8.815254070158648,0.0,1296.9825516599635,21.600000117041848
UV-351a,H2O,32.07448317395943,2.6456748930708303,0.0,1296.9825516599635,5.818775691874874
AM-783a,LES,826.1876144350915,153.75744527886093,0.0,1296.9825516599635,56.49505222635023
AM-783a,SIO,43.917417660427404,7.616497599562008,0.0,1296.9825516599635,3.3141922086933135
VH-043a,SCR,878.6910528086672,81.57116421898147,0.0,1296.9825516599635,103.54206206649609
VH-043a,H2O,30.950965916042474,2.873258257727302,0.0,1296.9825516599635,3.647159970109194
OT-442d,MGS,78.2597845176365,9.232617081551055,0.0,1296.9825516599635,7.541026598625786
OT-442d,SCR,91.1642850149,10.755012171880871,0.0,1296.9825516599635,8.784490046572202
RC-040b,ALO,443.62736376312415,33.532333288077986,0.0,1296.9825516599635,95.01981956876753
RC-040b,GAL,90.03005661153698,6.805075860592193,0.0,1296.9825516599635,19.283390597073133
OT-580e,H,1689.5674880744568,165.7027902144211,0.0,1296.9825516599635,160.9087759645972
GY-110c,O,49.1901276280571,4.125837271838574,0.0,1296.9825516599635,9.504
GY-110c,H2O,35.34630289287826,2.98978036528631,0.0,1296.9825516599635,6.109714194672449
WB-675c,MAG,74.22649100622336,5.828474134090119,0.0,1296.9825516599635,14.872285961829666
WB-675c,HAL,132.99206956448631,10.442913668527483,0.0,1296.9825516599635,26.646768052833746
WB-675c,SIO,32.63066603002456,2.5622522411599027,0.0,1296.9825516599635,6.537997280280943
WB-675c,FEO,643.7591250990547,50.549788335134096,0.0,1296.9825516599635,128.9858872381249
JS-570f,O,624.0765741237461,69.04315936422933,0.0,1296.9825516599635,51.67487625501025
GK-258c,AMM,78.3485817848337,11.93844715723605,0.0,1296.9825516599635,8.991815246867398
GK-258c,HE,367.30319285473917,48.26753319052067,0.0,1296.9825516599635,51.79324587819884
GK-258e,SIO,493.1769343012072,46.292300537102555,0.0,1296.9825516599635,55.98901430200436
GK-258e,GAL,105.14544947525575,9.86953040314837,0.0,1296.9825516599635,11.936872276482617
IA-093b,FEO,27.117740986035884,3.2630955294429724,0.0,1296.9825516599635,4.1335898453034785
IA-093b,H2O,80.67447392228452,12.292857406200666,0.0,1296.9825516599635,9.25875042179545
IA-093b,ALO,759.2037905275446,91.35548923792318,0.0,1296.9825516599635,115.72634610886591
IA-093b,MAG,430.03767094357977,51.74671453166621,0.0,1296.9825516599635,65.55115894888532
IA-093b,TAI,79.4877702993899,9.564815448414128,0.0,1296.9825516599635,12.11641634546803
JS-952f,H,67.90098174001136,6.659326846683802,0.0,1296.9825516599635,6.466663176048406
JS-952f,HE,97.57378422961345,9.569459884111073,0.0,1296.9825516599635,9.29260198094491
OT-580b,O,68.87803319561004,5.703987836844855,0.0,1296.9825516599635,13.976470441224254
OT-580b,H2O,61.233102661205045,5.050833756445541,0.0,1296.9825516599635,11.10857148876438
OT-580b,FEO,54.33325662436597,4.106872160229795,0.0,1296.9825516599635,11.637551383749749
OT-580b,LST,39.34477194206422,2.9739419018552065,0.0,1296.9825516599635,8.427192360716163
KW-358c,FEO,43.79986802715259,4.066055089775168,0.0,1296.9825516599635,5.16123231171592
KW-358c,SIO,37.65147069419454,3.4952834551634764,0.0,1296.9825516599635,4.436725403145809
JS-570i,H,943.281682800704,86.37244991239828,0.0,1296.9825516599635,115.97276223427563
JS-570i,MGS,52.53637231640691,4.931352963305589,0.0,1296.9825516599635,5.964309148331417
KW-688d,FEO,1147.4510442169642,107.70606834191886,0.0,1296.9825516599635,130.2669457089331
KW-688d,LST,42.66552014880526,4.004820468943538,0.0,1296.9825516599635,4.843698582940936
XD-311d,BRM,27.046500443563794,3.2545231083192707,0.0,1296.9825516599635,4.1227305638062415
AJ-946c,BOR,110.19922574136439,10.230079287845893,0.0,1296.9825516599635,12.985514117755246
ZV-307c,SIO,682.462849924971,51.585122131093215,0.0,1296.9825516599635,146.17560177573512
YI-280d,TIO,58.52141463350438,7.0419201424484745,0.0,1296.9825516599635,8.920489556501584
YI-280d,LIO,45.607157804616875,5.487939162022371,0.0,1296.9825516599635,6.951953869291528
YI-280d,LES,264.0514386303924,34.699158150627966,0.0,1296.9825516599635,37.23376586841882
NH-565a,CLI,894.4327899232371,154.3732841997572,0.0,1296.9825516599635,71.81954467813523
NH-565a,FEO,1308.6043590021864,225.85660420010197,0.0,1296.9825516599635,105.07594342043961
NH-565a,ALO,62.224179436728335,10.739488807322395,0.0,1296.9825516599635,4.996364495425027
IY-206c,AMM,924.5940282519524,109.07802355135954,0.0,1296.9825516599635,89.09286171631676
IY-206c,BER,134.13327440930763,15.824234223858165,0.0,1296.9825516599635,12.92493451542037
LG-418b,LIO,304.016601475104,22.979614961748137,0.0,1296.9825516599635,65.1168187034984
LG-418b,H2O,9.211999251854685,0.7598549602010818,0.0,1296.9825516599635,1.671190055644616
LG-418b,O,28.215530388146718,2.336609143397735,0.0,1296.9825516599635,5.725388896245826
LG-418b,TIO,353.00383554071755,26.682398860413002,0.0,1296.9825516599635,75.60931425788218
YI-705d,TAI,525.29900679779,48.76486611603259,0.0,1296.9825516599635,61.8995063071035
ZV-759b,H,192.2281378582006,25.26081505611111,0.0,1296.9825516599635,27.105996905220266
ZV-759b,FEO,31.700488743530677,3.8145405678680575,0.0,1296.9825516599635,4.832143592967138
FW-129e,LIO,599.5391139539244,70.7300064607456,0.0,1296.9825516599635,57.77092836518357
FW-129e,SIO,617.7230363591435,72.875235886597,0.0,1296.9825516599635,59.5231110905807
FW-129e,BER,126.31576406440622,14.901971531845854,0.0,1296.9825516599635,12.1716478330037
FW-129e,TAI,134.0208646419384,15.810972797894076,0.0,1296.9825516599635,12.914102834105355
GY-252c,HE,545.6891340748992,49.96652459176646,0.0,1296.9825516599635,67.09032662650239
GY-252c,CUO,1964.5941944537524,184.40762038468552,0.0,1296.9825516599635,223.034949123809
GY-252c,AMM,933.8176690434109,85.50586883791475,0.0,1296.9825516599635,114.80919907252984
IY-816e,O,80.8085233565126,7.365165832600313,0.0,1296.9825516599635,10.247006184487631
IY-816e,AMM,259.4067223346472,24.081397300485317,0.0,1296.9825516599635,30.567634504284584
IA-335d,SCR,675.699696398513,62.726951323175406,0.0,1296.9825516599635,79.62222863107009
IA-335d,BER,118.56785910179322,11.006961178187193,0.0,1296.9825516599635,13.971646333449888
BS-865g,N,22.568250720622284,2.496782279103527,0.0,1296.9825516599635,1.8686994699611303
BS-865g,AMM,746.4125347162228,73.18817804822662,0.0,1296.9825516599635,62.39735522819719
QJ-382g,AMM,99.14711738799231,9.721697510237556,0.0,1296.9825516599635,8.288336028363139
QJ-382g,H,48.88498183443761,4.794350001833507,0.0,1296.9825516599635,4.6556427284213235
LS-300e,AUO,200.06136126741234,18.778860115944866,0.0,1296.9825516599635,22.7124134123403
VH-331h,HE,1724.715000085757,189.3369635981693,0.0,1296.9825516599635,150.90793257249516
QJ-650c,MGS,31.09719500484502,2.4418397565540206,0.0,1296.9825516599635,6.230745525664954
QJ-650c,AUO,58.76376796741404,4.614297361719952,0.0,1296.9825516599635,11.774119314527653
QJ-650c,CLI,52.297444494704166,4.106543343007289,0.0,1296.9825516599635,10.478503551150535
IY-028c,H2O,27.708853520192314,2.2855744136718545,0.0,1296.9825516599635,5.026787257601612
IY-028c,O,58.546327959677896,4.848389640069117,0.0,1296.9825516599635,11.879999822974206
IY-028c,BOR,72.91171537212566,5.511156750396165,0.0,1296.9825516599635,15.616841081083463
ZV-896g,N,42.228184074790384,4.635754980149085,0.0,1296.9825516599635,3.6948527465120455
ZV-639d,N,35.16021272319633,3.889862672279208,0.0,1296.9825516599635,2.91134087851652
TD-203d,TCO,147.3701815760891,13.680755305177627,0.0,1296.9825516599635,17.36561723113941
TD-203d,FEO,30.830712539558068,2.8620948256088767,0.0,1296.9825516599635,3.6329897079540774
TD-203d,LST,29.602941451203915,2.748117658376628,0.0,1296.9825516599635,3.488313203251467
TD-203d,LIO,1918.9574330621153,178.14178419275353,0.0,1296.9825516599635,226.12362900700487
YI-280e,LIO,53.69542859795257,6.334662615419553,0.0,1296.9825516599635,5.174032330622126
YI-280e,SIO,47.30544975255626,5.580811474602004,0.0,1296.9825516599635,4.558301010445408
YI-280e,NE,1094.6796698421351,135.35042454437271,0.0,1296.9825516599635,108.92725770463312
KW-976c,H2O,588.4140280376599,54.623996860320474,0.0,1296.9825516599635,69.33677271110072
KW-976c,GAL,52.06998136494676,4.833791111475263,0.0,1296.9825516599635,6.135755252152981
EY-847c,BRM,22.65236689446487,1.7787279545417038,0.0,1296.9825516599635,4.538709476897122
EY-847c,LIO,27.96157912780134,2.1956223241246864,0.0,1296.9825516599635,5.60248228221004
OF-586b,GAL,127.06166837424205,9.604173592725719,0.0,1296.9825516599635,27.215130961744872
GC-645b,HAL,47.006166165202266,3.553041492021144,0.0,1296.9825516599635,10.068173860487859
GC-645b,CLI,230.03538828337594,17.387618388863178,0.0,1296.9825516599635,49.27090363341258
YI-552d,FEO,36.24665293407628,4.27616136551959,0.0,1296.9825516599635,3.4926875351340625
YI-552d,LST,529.2656129225841,62.43956290788691,0.0,1296.9825516599635,50.99945124290157
XV-158d,GAL,715.3167267610046,66.40470276862098,0.0,1296.9825516599635,84.29056911726434
XV-158d,BRM,34.580010670381576,3.2101518731431016,0.0,1296.9825516599635,4.074794661500198
XV-158d,HE,266.12030927638654,24.255117255344654,0.0,1296.9825516599635,33.74565382097312
OF-208d,N,568.589056948503,74.7186294916919,0.0,1296.9825516599635,80.17646838652314
YK-024a,HE,89.98751514874462,11.825313415917586,0.0,1296.9825516599635,12.689096062146946
YK-024a,GAL,234.20040621851817,28.181488233806213,0.0,1296.9825516599635,35.699449353444585
YK-024a,BRM,322.06556623269086,38.754360472082965,0.0,1296.9825516599635,49.09284128006474
HM-365c,FEO,683.9595741390011,63.49373714789097,0.0,1296.9825516599635,80.59554544240393
HM-365c,HE,1249.1419690229486,113.85108115050627,0.0,1296.9825516599635,158.39870536193413
EY-577b,HE,353.9403005237789,29.686852917897813,0.0,1296.9825516599635,68.38462875341921
EY-577b,FEO,862.9487749805313,67.76117994850489,0.0,1296.9825516599635,172.9035116431008
EY-577b,ALO,33.42004435288959,2.6242364610046027,0.0,1296.9825516599635,6.6961599522673385
ZV-639e,HE,99.2908210276754,10.900016852415945,0.0,1296.9825516599635,8.687680297305407
ZV-639e,AMM,80.18379444847787,8.53871623190261,0.0,1296.9825516599635,6.276993138654477
XG-430b,HE,278.8613265110515,23.093307703316327,0.0,1296.9825516599635,56.58548751114316
XG-430b,SIO,25.880674984929424,1.9562350977485266,0.0,1296.9825516599635,5.543339451664196
KW-688a,ZIR,647.3151180452338,104.19104569314165,0.0,1296.9825516599635,59.471379528661586
KW-688a,AMM,351.25881395539994,60.90223802984177,0.0,1296.9825516599635,29.475807129381618
KW-688a,FEO,52.99543528972942,8.53008011997996,0.0,1296.9825516599635,4.8688985588961415
GM-212a,FEO,49.174925128070385,7.91513550069376,0.0,1296.9825516599635,4.517893301204546
GM-212a,N,1705.9584509324395,295.7838594219577,0.0,1296.9825516599635,143.1551331173371
GM-212a,ZIR,107.43028249215271,17.291846212040458,0.0,1296.9825516599635,9.87004153750613
GM-212a,GAL,258.4067200219029,41.592828010137026,0.0,1296.9825516599635,23.74083918445621
GM-212a,AMM,550.4098227806055,95.43159832340527,0.0,1296.9825516599635,46.187520807543955
LS-014a,AMM,169.21244796749914,15.708429415473146,0.0,1296.9825516599635,19.939438024173903
LS-014a,LST,41.6136621628146,3.8631039421489395,0.0,1296.9825516599635,4.903617007028488
OF-208c,O,34.8859455867945,5.315782474045742,0.0,1296.9825516599635,4.003747997509347
VH-043c,ALO,721.8590634912807,85.16057590933069,0.0,1296.9825516599635,69.55754391350384
VH-043c,LST,69.91499131343696,8.248148739937601,0.0,1296.9825516599635,6.736931520920596
VH-043c,CLI,60.54831382540105,7.143124657563195,0.0,1296.9825516599635,5.834368799678883
VH-043c,AMM,370.44412537652596,43.702762290902946,0.0,1296.9825516599635,35.6955877145241
DW-835c,N,1501.446899347748,136.8470174086962,0.0,1296.9825516599635,190.39248614182478
DW-835c,BOR,113.09247950160915,10.498667521275305,0.0,1296.9825516599635,13.326445619743144
IY-206j,HE,111.6880370775873,10.179630568979416,0.0,1296.9825516599635,14.162714019882964
IY-206j,BRM,40.347934367250964,3.745603155565955,0.0,1296.9825516599635,4.754467808856244
YI-280j,FEO,489.8879193473992,45.98357549721714,0.0,1296.9825516599635,55.615621524523405
YI-280j,MGS,48.34196965816063,4.537643251994211,0.0,1296.9825516599635,5.488130207088623
YI-280j,BER,90.8021726913564,8.523191526801838,0.0,1296.9825516599635,10.308519705352687
LS-934b,FEO,43.083763669839186,5.0827624283328285,0.0,1296.9825516599635,4.151503991554521
LS-934b,SIO,53.552614795223995,6.317814304851359,0.0,1296.9825516599635,5.16027094996327
UB-808a,BER,108.25095974591447,10.161030683821657,0.0,1296.9825516599635,12.289432274458397
UB-808a,HE,754.4062503328624,69.07789821276782,0.0,1296.9825516599635,92.7512728097673
ZV-759f,HE,154.7596491219892,15.177911420007332,0.0,1296.9825516599635,14.738793143628737
ZV-759f,H,929.5656356088336,91.16630178731141,0.0,1296.9825516599635,88.52873274392614
VH-503c,H2O,509.5558695912923,47.30338995067462,0.0,1296.9825516599635,60.04438682620504
PD-175a,FEO,43.404927616698096,6.986403793990914,0.0,1296.9825516599635,3.9877809922034833
PD-175a,AMM,1313.3296745126868,227.70878130614568,0.0,1296.9825516599635,110.2077745674583
GY-694b,BRM,346.0964636842196,41.64601409776531,0.0,1296.9825516599635,52.75589985601027
GY-694b,SCR,349.2493406814416,42.02540185133288,0.0,1296.9825516599635,53.236496685440834
FK-794c,H,667.9600261531111,60.88016656932535,0.0,1296.9825516599635,84.70134380236541
FK-794c,HE,805.0967580867642,73.37927842632736,0.0,1296.9825516599635,102.09110520222293
FK-794c,TAI,1097.753439125815,101.90729240801973,0.0,1296.9825516599635,129.35565277961769
SO-838f,H,44.83947068113281,4.3975901856807065,0.0,1296.9825516599635,4.2703617305185535
JS-570d,LST,47.51678479497542,4.460186860528207,0.0,1296.9825516599635,5.39444925022851
SE-751b,H2O,463.1964070612931,42.999721079743594,0.0,1296.9825516599635,54.58154032138716
SE-751b,HE,630.8314136500986,57.4961375478743,0.0,1296.9825516599635,79.99321270261366
SE-751b,FEO,702.0118052641632,65.1695724769554,0.0,1296.9825516599635,82.72276095191162
UQ-965j,TIO,687.615805032836,81.12076293361065,0.0,1296.9825516599635,66.25790126242352
UQ-965j,O,966.6795752728166,114.04302240365874,0.0,1296.9825516599635,93.14817865154971
UQ-965j,N,159.05903724742268,18.764825297144466,0.0,1296.9825516599635,15.326753555835742
UQ-965j,BRM,42.43096010387042,5.005748603273005,0.0,1296.9825516599635,4.088600559287354
NH-000c,CUO,56.20588606669833,5.275793713751903,0.0,1296.9825516599635,6.380898902549298
NH-000c,GAL,736.3987942842314,69.1224425336677,0.0,1296.9825516599635,83.60131984594653
NH-000c,BRM,83.94248328757025,7.87930333701618,0.0,1296.9825516599635,9.529758126245014
NH-000c,SIO,876.6547883701334,82.28764183390342,0.0,1296.9825516599635,99.52419521306851
SO-838c,TAI,243.2253089438708,18.384601108502586,0.0,1296.9825516599635,52.09603116985506
GY-528c,SIO,35.41952239724468,4.178581496496274,0.0,1296.9825516599635,3.412986148052207
HM-910c,BOR,276.4122386314447,20.893091968155552,0.0,1296.9825516599635,59.20428536816558
HM-910c,SIO,29.86008403772864,2.2570255393392937,0.0,1296.9825516599635,6.395682569049537
HM-910c,H2O,15.7646336714473,1.3003512878695125,0.0,1296.9825516599635,2.8599328226496255
HM-910c,O,102.8085046403886,8.51386766993747,0.0,1296.9825516599635,20.861513599439405
RC-944d,O,377.21788032627484,34.93140173955935,0.0,1296.9825516599635,43.29902873545308
RC-944d,LES,832.119176649844,75.84219428777628,0.0,1296.9825516599635,105.5177102017236
UP-170b,O,987.7735895570858,90.02907106784161,0.0,1296.9825516599635,125.25562478613544
LB-428h,H,55.43114872421317,5.436359348309086,0.0,1296.9825516599635,5.279077843578642
LS-271d,ALO,51.34349741351548,6.0571959681254635,0.0,1296.9825516599635,4.947402833374013
LS-271d,GAL,1330.677511144363,156.98530215935645,0.0,1296.9825516599635,128.22261864868037
LS-271d,FEO,36.313301581097356,4.28402417067222,0.0,1296.9825516599635,3.4991097253182817
XH-083c,H2O,28.76197350202609,3.393164055979241,0.0,1296.9825516599635,2.7714720727204374
XH-083c,BER,534.2102425130323,63.02290046625225,0.0,1296.9825516599635,51.47591030155794
OT-889d,GAL,135.2562590914038,12.55618853375581,0.0,1296.9825516599635,15.938152470039661
OT-889d,H2O,91.9230102930884,8.533450914463069,0.0,1296.9825516599635,10.831905032699378
OT-889d,N,971.2034579283759,88.51881246832438,0.0,1296.9825516599635,123.15443255758719
YI-265g,H,526.8723597140466,51.67252608001552,0.0,1296.9825516599635,50.17756738902763
YI-265g,AMM,96.05462999643274,9.418469057741904,0.0,1296.9825516599635,8.02981540426453
KW-689a,HE,489.20480170820053,41.03220507398822,0.0,1296.9825516599635,94.5190154941336
KW-689a,SIO,42.69056347674582,3.352183858092976,0.0,1296.9825516599635,8.553634413953002
ZK-602b,AUO,80.77461163073394,7.58194947352087,0.0,1296.9825516599635,9.170118412451755
ZK-602b,O,70.75096851003283,6.478377133055803,0.0,1296.9825516599635,8.698552509253323
ZK-602b,N,641.5955880277652,58.74828675397079,0.0,1296.9825516599635,78.88164684803392
YI-683d,CLI,764.666881372742,90.2107839188766,0.0,1296.9825516599635,73.68245807296563
YI-683d,MAG,571.8014224247108,67.45768101040271,0.0,1296.9825516599635,55.098154974667295
YI-683d,ALO,963.2121675460796,113.6339585657771,0.0,1296.9825516599635,92.81406306387245
GY-252a,LIO,56.55044216937928,9.102289657361949,0.0,1296.9825516599635,5.195510988411321
GY-252a,CLI,773.4773105470897,124.49795711427929,0.0,1296.9825516599635,71.06239513031115
QJ-149c,H,469.46795625215395,38.87799038404265,0.0,1296.9825516599635,95.26266516678626
QJ-149c,ALO,27.41264625510123,2.072031767240245,0.0,1296.9825516599635,5.87146987274883
KC-765c,MGS,19.10067031447175,1.4437568448833449,0.0,1296.9825516599635,4.091141338821274
KI-840c,GAL,576.4455653469245,45.26413712664673,0.0,1296.9825516599635,115.49870097657235
KI-840c,BRM,29.442352269107044,2.311896821754274,0.0,1296.9825516599635,5.899175299804646
KI-840c,MGS,292.28405665213137,22.950971289496174,0.0,1296.9825516599635,58.563081908986646
KI-840c,CUO,52.81064750043621,4.146841495377117,0.0,1296.9825516599635,10.581330746054276
OF-552a,TAI,477.2429952072544,44.30370220565601,0.0,1296.9825516599635,56.2367440439956
OF-552a,BOR,466.3743314315537,43.29473602254222,0.0,1296.9825516599635,54.95601647126527
OF-552a,ALO,636.412118784802,59.07978382892324,0.0,1296.9825516599635,74.99270977262907
OF-363b,AMM,1185.9816658275645,110.09774700071608,0.0,1296.9825516599635,139.75217667270738
SO-715b,TAI,86.43995643828292,8.024444836636025,0.0,1296.9825516599635,10.185800010082485
SO-715b,BRM,526.4206183549464,48.86898821927501,0.0,1296.9825516599635,62.03167332199957
LG-093a,LST,39.6552729519304,4.872070872269869,0.0,1296.9825516599635,3.5484761367260846
LG-093a,ALO,71.0017199845428,8.723314355623742,0.0,1296.9825516599635,6.353452902393727
LG-093a,AUO,201.8952345334481,24.804970895367962,0.0,1296.9825516599635,18.066208313055668
CH-131d,BER,113.80603382059203,13.426149053589395,0.0,1296.9825516599635,10.966224011666995
CH-131d,SIO,35.53639835104331,4.192369816181982,0.0,1296.9825516599635,3.4242481861700935
YI-552c,MGS,30.744987667907587,2.854136763943516,0.0,1296.9825516599635,3.622888171182189
YI-552c,SCR,780.6340042924697,72.46827466323104,0.0,1296.9825516599635,91.98734215547827
YI-552c,MAG,477.91742206505074,44.366310996078,0.0,1296.9825516599635,56.316216285514436
LS-746b,HE,555.1446984692282,45.973127582847404,0.0,1296.9825516599635,112.64786621770196
LS-746b,CLI,628.5095896479378,47.506972644908885,0.0,1296.9825516599635,134.61944118820242
WU-070a,TAI,86.59696184241558,6.545579518817376,0.0,1296.9825516599635,18.54806164270643
WU-070a,SIO,18.4647270506673,1.3956879852591106,0.0,1296.9825516599635,3.954929691121974
WR-681a,LIO,93.13674035922541,16.07479583809494,0.0,1296.9825516599635,7.478525341159891
WR-681a,CLI,53.72666401645853,9.272872894149414,0.0,1296.9825516599635,4.314046388067193
AW-006a,CLI,95.78181831375595,16.53131909552192,0.0,1296.9825516599635,7.690915021494465
AW-006a,BTS,194.33545334125165,42.09506647909509,0.0,1296.9825516599635,10.399483370735743
AJ-946b,SIO,21.748615601642207,2.617025156256076,0.0,1296.9825516599635,3.3151676109986594
WC-702j,LES,861.7665934321607,84.51697257031547,0.0,1296.9825516599635,82.07177795210916
WC-702j,F,182.86124184671087,17.93394949295968,0.0,1296.9825516599635,17.41509516761236
YK-715c,LST,36.252005648206215,5.879174153823206,0.0,1296.9825516599635,3.432193837048612
YK-715c,ALO,85.47942425986675,13.862637743938548,0.0,1296.9825516599635,8.092847496113505
HM-301g,AR,103.62796020786305,11.464621599148188,0.0,1296.9825516599635,8.580616934419062
OE-568j,TAI,167.79387903684855,15.576739990813389,0.0,1296.9825516599635,19.772278529612606
OE-568j,TCO,153.15804452114767,14.218057599606624,0.0,1296.9825516599635,18.047639953885987
OE-568j,O,32.222525716507334,2.9838935256542736,0.0,1296.9825516599635,3.698668964793356
IA-151c,FEO,498.94064305671105,46.83331395310136,0.0,1296.9825516599635,56.643352227198974
IA-151c,GAL,546.2571172233263,51.27469855593282,0.0,1296.9825516599635,62.01506076541103
IA-151c,AUO,562.5878454220631,52.80759055713079,0.0,1296.9825516599635,63.869043202721826
IA-151d,SCR,101.13425364593485,9.388554470820376,0.0,1296.9825516599635,11.91732763703959
IA-151d,TAI,101.25770229956416,9.400014528784578,0.0,1296.9825516599635,11.931874420138447
IA-158b,SIO,34.69542270404326,4.093156584615885,0.0,1296.9825516599635,3.343212699528871
IA-158b,AMM,210.88642761118155,24.87910803525781,0.0,1296.9825516599635,20.320783780674788
IA-158c,FEO,45.265396193189254,5.340138267340026,0.0,1296.9825516599635,4.3617236974789915
IA-158c,MAG,597.654672831896,70.50769146972364,0.0,1296.9825516599635,57.58934569520371
IA-158c,HE,579.7404217192787,71.68134602934026,0.0,1296.9825516599635,57.68768349147785
IA-158a,AMM,302.74276115356486,27.720917781886047,0.0,1296.9825516599635,37.22102834984073
IA-151b,H,96.91676233422832,12.735889950554268,0.0,1296.9825516599635,13.666185862100056
IA-151b,BRM,372.0331784816431,44.76699597260113,0.0,1296.9825516599635,56.709464460169976
LB-476b,MGS,41.69030903713539,5.016622185093705,0.0,1296.9825516599635,6.354903904871993
LB-476b,H,192.56778795070522,25.305448678775033,0.0,1296.9825516599635,27.153890800769943
UV-796e,NE,805.2188106543325,78.97110035576193,0.0,1296.9825516599635,76.68635560318474
UV-796e,H,1221.1190157639091,119.76013359878912,0.0,1296.9825516599635,116.29530487568505
IA-151e,AR,153.38004964659277,15.04260845989174,0.0,1296.9825516599635,14.607404688018459
VH-192d,FEO,596.1149753012904,71.73090531181442,0.0,1296.9825516599635,90.86652202363094
VH-192d,H,273.5596565880841,35.94863878347692,0.0,1296.9825516599635,38.574515091747756
WU-070e,TIO,88.7970882578588,10.4757445844583,0.0,1296.9825516599635,8.556389575569687
WU-070e,SIO,33.41797013375858,3.942450439767969,0.0,1296.9825516599635,3.220118777530802
WU-070e,MGS,53.119191160503846,6.266681600127859,0.0,1296.9825516599635,5.118506726127961
ZV-307a,AMM,796.9679997911868,138.18054635808406,0.0,1296.9825516599635,66.87739671385673
ZV-307a,GAL,86.00887530571491,13.843882843421024,0.0,1296.9825516599635,7.901972815938566
VH-241c,HAL,1296.6210395225028,152.9675251673627,0.0,1296.9825516599635,124.94097457134563
VH-241c,FEO,41.55698586065251,4.902642396470829,0.0,1296.9825516599635,4.004385364277012
OT-627a,H,174.94501684942642,32.42695769119252,0.0,1296.9825516599635,12.647076551655816
OT-627a,GAL,65.10455476556427,11.236622861719622,0.0,1296.9825516599635,5.227647658285019
OT-627a,AMM,305.48266464240106,56.62278137523511,0.0,1296.9825516599635,22.083867917549743
OT-627a,MGS,688.5346659408227,118.83660668991098,0.0,1296.9825516599635,55.28670992397964
UV-135b,GAL,1719.9212752839394,159.66474262081212,0.0,1296.9825516599635,202.66986316260366
UV-135b,H2O,58.35841414062992,5.417562598604508,0.0,1296.9825516599635,6.876763476465188
QF-930b,GAL,37.93147650365493,2.867115548148663,0.0,1296.9825516599635,8.124480921962986
QF-930b,H2O,41.860864450835244,3.4529079542498056,0.0,1296.9825516599635,7.59416696401037
QF-930b,O,40.51305575760154,3.3550025538404142,0.0,1296.9825516599635,8.220756313870423
YI-715a,HE,865.5871219220636,150.0779221487569,0.0,1296.9825516599635,72.63555545311051
YI-715a,CUO,60.34573660018021,9.713175583605484,0.0,1296.9825516599635,5.5441995779792315
YI-715a,FEO,51.163990676683845,8.235293046354165,0.0,1296.9825516599635,4.700636556925494
YI-715a,BRM,1842.6137309507385,296.5848411142515,0.0,1296.9825516599635,169.28815265278098
IY-816c,ALO,38.54617817769882,4.638286860012819,0.0,1296.9825516599635,5.8756402597341175
IY-816c,HAL,158.827999188899,19.111877142367753,0.0,1296.9825516599635,24.210342776530617
IY-816c,H,1294.6399860275303,170.12941817816474,0.0,1296.9825516599635,182.55655933432104
HV-512a,ALO,143.46875669201683,24.761774613052047,0.0,1296.9825516599635,11.519994455975974
HV-512a,FEO,50.87032388712154,8.779887158915853,0.0,1296.9825516599635,4.08469316013771
HV-512a,MAG,1743.6094918464496,300.93566185258805,0.0,1296.9825516599635,140.0051979440892
ZV-896b,O,97.18020877024222,8.0477723170939,0.0,1296.9825516599635,19.71944105157549
ZV-896b,H,306.00029531585756,25.34076368870285,0.0,1296.9825516599635,62.09242459554663
ZV-896b,H2O,18.336870168946408,1.5125231094251252,0.0,1296.9825516599635,3.326573769729725
PD-175b,FEO,31.139115661812486,3.7469901773599563,0.0,1296.9825516599635,4.746572819530959
SE-052a,GAL,582.7798274809907,54.702921090453664,0.0,1296.9825516599635,66.1613831189934
SE-052a,HE,1716.1240926148432,157.13847192785212,0.0,1296.9825516599635,210.990688132956
SE-052b,H,1432.8874313005333,177.16773910562483,0.0,1296.9825516599635,142.58097851905075
SE-052b,FEO,54.39402268555704,6.417078529877306,0.0,1296.9825516599635,5.241348087095756
TD-228b,BRM,25.64941573584955,1.938754971747468,0.0,1296.9825516599635,5.493806411288195
TD-228b,AMM,86.60689425426992,7.172165761619765,0.0,1296.9825516599635,17.573943990435932
TD-228b,GAL,34.54405719426892,2.611071664143678,0.0,1296.9825516599635,7.398935119622711
DC-823b,O,25.433490843805362,2.106220455069802,0.0,1296.9825516599635,5.160867935733235
DC-823b,FEO,579.1901558641781,43.77907886219044,0.0,1296.9825516599635,124.05579231944395
DC-823b,H2O,13.04345913997805,1.0758942608139068,0.0,1296.9825516599635,2.366272359558595
KQ-451e,LST,408.0804878452582,49.10459231196548,0.0,1296.9825516599635,62.204199143736766
KQ-451e,N,38.783081775217944,5.909612679904705,0.0,1296.9825516599635,4.451009808762297
KQ-451e,GAL,46.593760726865995,5.606657737680435,0.0,1296.9825516599635,7.1023429383093255
IY-206i,HE3,148.8562985432991,14.598945696881538,0.0,1296.9825516599635,14.176577711329264
LB-716d,TIO,559.3119926196691,52.500100989195914,0.0,1296.9825516599635,63.497144687913185
WC-788b,CLI,758.0614361213004,91.21802898421053,0.0,1296.9825516599635,115.5522156539796
WC-788b,MGS,37.5376107556217,4.516925281708179,0.0,1296.9825516599635,5.721903115613274
GY-986a,HE,144.2798769447225,17.839321525441544,0.0,1296.9825516599635,14.356721669835125
GY-986a,O,46.77369861424029,6.5952346335570065,0.0,1296.9825516599635,3.9262711892245976
OT-580a,FEO,68.08973614884488,11.75184575969561,0.0,1296.9825516599635,5.4673463479397855
OT-580a,HE,464.97779119801896,86.18602252329171,0.0,1296.9825516599635,33.614045292656535
OT-580a,H,286.6257396855052,53.12755345291285,0.0,1296.9825516599635,20.720668337741465
OT-115d,O,63.04697230855634,6.9750449496421485,0.0,1296.9825516599635,5.220424267442057
OT-115d,H,114.54313336489044,11.233713321564858,0.0,1296.9825516599635,10.908706231024437
GY-694d,TAI,1624.6946927589765,152.50278301194663,0.0,1296.9825516599635,184.447098115331
ZV-194a,LST,20.884267512011732,1.6398917873266208,0.0,1296.9825516599635,4.184446743089958
ZV-194a,BOR,298.06192291070573,23.404665699427383,0.0,1296.9825516599635,59.72075591569027
